<?xml version="1.0" encoding="ISO-8859-1"?>
<Vehicle menyoo_ver="0.999874b">
	<ModelHash>0x00675ed7</ModelHash>
	<InitialHandle>351315</InitialHandle>
	<VehicleProperties>
		<Colours>
			<Primary>27</Primary>
			<Secondary>12</Secondary>
			<Pearl>0</Pearl>
			<Rim>111</Rim>
			<Mod1_a>6</Mod1_a>
			<Mod1_b>-1</Mod1_b>
			<Mod1_c>-1</Mod1_c>
			<Mod2_a>6</Mod2_a>
			<Mod2_b>-1</Mod2_b>
			<IsPrimaryColourCustom>false</IsPrimaryColourCustom>
			<IsSecondaryColourCustom>false</IsSecondaryColourCustom>
			<tyreSmoke_R>255</tyreSmoke_R>
			<tyreSmoke_G>255</tyreSmoke_G>
			<tyreSmoke_B>255</tyreSmoke_B>
			<LrInterior>111</LrInterior>
			<LrDashboard>111</LrDashboard>
		</Colours>
		<Livery>-1</Livery>
		<NumberPlateText>        </NumberPlateText>
		<NumberPlateIndex>1</NumberPlateIndex>
		<WheelType>0</WheelType>
		<WheelsInvisible>false</WheelsInvisible>
		<EngineSoundName>NIGHTBLADE</EngineSoundName>
		<WindowTint>-1</WindowTint>
		<BulletProofTyres>true</BulletProofTyres>
		<DirtLevel>15</DirtLevel>
		<PaintFade>0.011764707</PaintFade>
		<RoofState>0</RoofState>
		<SirenActive>false</SirenActive>
		<EngineOn>true</EngineOn>
		<EngineHealth>1000</EngineHealth>
		<LightsOn>true</LightsOn>
		<IsRadioLoud>0</IsRadioLoud>
		<Neons>
			<Left>false</Left>
			<Right>false</Right>
			<Front>false</Front>
			<Back>false</Back>
			<R>255</R>
			<G>0</G>
			<B>255</B>
		</Neons>
		<ModExtras />
		<Mods>
			<_0>5,0</_0>
			<_1>2,0</_1>
			<_2>-1,0</_2>
			<_3>3,0</_3>
			<_4>2,0</_4>
			<_5>-1,0</_5>
			<_6>-1,0</_6>
			<_7>0,0</_7>
			<_8>7,0</_8>
			<_9>-1,0</_9>
			<_10>6,0</_10>
			<_11>3,0</_11>
			<_12>2,0</_12>
			<_13>2,0</_13>
			<_14>-1,0</_14>
			<_15>-1,0</_15>
			<_16>4,0</_16>
			<_17>false</_17>
			<_18>true</_18>
			<_19>false</_19>
			<_20>false</_20>
			<_21>false</_21>
			<_22>true</_22>
			<_23>-1,0</_23>
			<_24>-1,0</_24>
			<_25>-1,0</_25>
			<_26>-1,0</_26>
			<_27>-1,0</_27>
			<_28>-1,0</_28>
			<_29>-1,0</_29>
			<_30>-1,0</_30>
			<_31>-1,0</_31>
			<_32>-1,0</_32>
			<_33>-1,0</_33>
			<_34>-1,0</_34>
			<_35>-1,0</_35>
			<_36>-1,0</_36>
			<_37>-1,0</_37>
			<_38>-1,0</_38>
			<_39>-1,0</_39>
			<_40>-1,0</_40>
			<_41>-1,0</_41>
			<_42>-1,0</_42>
			<_43>-1,0</_43>
			<_44>-1,0</_44>
			<_45>-1,0</_45>
			<_46>-1,0</_46>
			<_47>-1,0</_47>
			<_48>11,0</_48>
		</Mods>
		<DoorsOpen>
			<BackLeftDoor>false</BackLeftDoor>
			<BackRightDoor>false</BackRightDoor>
			<FrontLeftDoor>false</FrontLeftDoor>
			<FrontRightDoor>false</FrontRightDoor>
			<Hood>false</Hood>
			<Trunk>false</Trunk>
			<Trunk2>false</Trunk2>
		</DoorsOpen>
		<DoorsBroken>
			<BackLeftDoor>false</BackLeftDoor>
			<BackRightDoor>false</BackRightDoor>
			<FrontLeftDoor>false</FrontLeftDoor>
			<FrontRightDoor>false</FrontRightDoor>
			<Hood>false</Hood>
			<Trunk>false</Trunk>
			<Trunk2>false</Trunk2>
		</DoorsBroken>
		<TyresBursted>
			<FrontLeft>false</FrontLeft>
			<FrontRight>false</FrontRight>
			<_2>false</_2>
			<_3>false</_3>
			<BackLeft>false</BackLeft>
			<BackRight>false</BackRight>
			<_6>false</_6>
			<_7>false</_7>
			<_8>false</_8>
		</TyresBursted>
		<RpmMultiplier>1</RpmMultiplier>
		<TorqueMultiplier>1</TorqueMultiplier>
		<HeadlightIntensity>1</HeadlightIntensity>
	</VehicleProperties>
	<OpacityLevel>255</OpacityLevel>
	<LodDistance>500</LodDistance>
	<IsVisible>true</IsVisible>
	<IsDriverVisible>true</IsDriverVisible>
	<MaxHealth>1000</MaxHealth>
	<Health>1000</Health>
	<HasGravity>true</HasGravity>
	<IsOnFire>false</IsOnFire>
	<IsInvincible>true</IsInvincible>
	<IsBulletProof>true</IsBulletProof>
	<IsExplosionProof>true</IsExplosionProof>
	<IsFireProof>false</IsFireProof>
	<IsMeleeProof>true</IsMeleeProof>
	<IsOnlyDamagedByPlayer>false</IsOnlyDamagedByPlayer>
	<SpoonerAttachments SetAttachmentsPersistentAndAddToSpoonerDatabase="true" StartTaskSequencesOnLoad="true">
		<Attachment>
			<ModelHash>0x139d311f</ModelHash>
			<Type>3</Type>
			<Dynamic>false</Dynamic>
			<FrozenPos>true</FrozenPos>
			<HashName>prop_hose_nozzle</HashName>
			<InitialHandle>297784</InitialHandle>
			<ObjectProperties>
				<TextureVariation>0</TextureVariation>
			</ObjectProperties>
			<OpacityLevel>255</OpacityLevel>
			<LodDistance>16960</LodDistance>
			<IsVisible>true</IsVisible>
			<MaxHealth>1000</MaxHealth>
			<Health>0</Health>
			<HasGravity>true</HasGravity>
			<IsOnFire>false</IsOnFire>
			<IsInvincible>true</IsInvincible>
			<IsBulletProof>false</IsBulletProof>
			<IsCollisionProof>true</IsCollisionProof>
			<IsExplosionProof>true</IsExplosionProof>
			<IsFireProof>true</IsFireProof>
			<IsMeleeProof>true</IsMeleeProof>
			<IsOnlyDamagedByPlayer>false</IsOnlyDamagedByPlayer>
			<PositionRotation>
				<X>219.004807</X>
				<Y>-1632.41785</Y>
				<Z>28.4573936</Z>
				<Pitch>1.03793895</Pitch>
				<Roll>-94.3698807</Roll>
				<Yaw>-143.606552</Yaw>
			</PositionRotation>
			<Attachment isAttached="true">
				<AttachedTo>351315</AttachedTo>
				<BoneIndex>28</BoneIndex>
				<X>0.159999996</X>
				<Y>0.0399999991</Y>
				<Z>-0.699999928</Z>
				<Pitch>136.999985</Pitch>
				<Roll>89.9999847</Roll>
				<Yaw>0</Yaw>
			</Attachment>
		</Attachment>
		<Attachment>
			<ModelHash>0xa7c34b30</ModelHash>
			<Type>3</Type>
			<Dynamic>false</Dynamic>
			<FrozenPos>true</FrozenPos>
			<HashName>hei_prop_hei_hose_nozzle</HashName>
			<InitialHandle>93987</InitialHandle>
			<ObjectProperties>
				<TextureVariation>0</TextureVariation>
			</ObjectProperties>
			<OpacityLevel>255</OpacityLevel>
			<LodDistance>16960</LodDistance>
			<IsVisible>true</IsVisible>
			<MaxHealth>1000</MaxHealth>
			<Health>0</Health>
			<HasGravity>true</HasGravity>
			<IsOnFire>false</IsOnFire>
			<IsInvincible>true</IsInvincible>
			<IsBulletProof>false</IsBulletProof>
			<IsCollisionProof>true</IsCollisionProof>
			<IsExplosionProof>true</IsExplosionProof>
			<IsFireProof>true</IsFireProof>
			<IsMeleeProof>true</IsMeleeProof>
			<IsOnlyDamagedByPlayer>false</IsOnlyDamagedByPlayer>
			<PositionRotation>
				<X>219.040085</X>
				<Y>-1632.66504</Y>
				<Z>29.0134697</Z>
				<Pitch>-4.36914825</Pitch>
				<Roll>-3.04087639</Roll>
				<Yaw>-53.6858444</Yaw>
			</PositionRotation>
			<Attachment isAttached="true">
				<AttachedTo>351315</AttachedTo>
				<BoneIndex>38</BoneIndex>
				<X>0</X>
				<Y>-0.00999999978</Y>
				<Z>0.0150000006</Z>
				<Pitch>0</Pitch>
				<Roll>0</Roll>
				<Yaw>-89.9999924</Yaw>
			</Attachment>
		</Attachment>
		<Attachment>
			<ModelHash>0x139d311f</ModelHash>
			<Type>3</Type>
			<Dynamic>false</Dynamic>
			<FrozenPos>true</FrozenPos>
			<HashName>prop_hose_nozzle</HashName>
			<InitialHandle>237367</InitialHandle>
			<ObjectProperties>
				<TextureVariation>0</TextureVariation>
			</ObjectProperties>
			<OpacityLevel>255</OpacityLevel>
			<LodDistance>16960</LodDistance>
			<IsVisible>true</IsVisible>
			<MaxHealth>1000</MaxHealth>
			<Health>0</Health>
			<HasGravity>true</HasGravity>
			<IsOnFire>false</IsOnFire>
			<IsInvincible>true</IsInvincible>
			<IsBulletProof>false</IsBulletProof>
			<IsCollisionProof>true</IsCollisionProof>
			<IsExplosionProof>true</IsExplosionProof>
			<IsFireProof>true</IsFireProof>
			<IsMeleeProof>true</IsMeleeProof>
			<IsOnlyDamagedByPlayer>false</IsOnlyDamagedByPlayer>
			<PositionRotation>
				<X>218.747711</X>
				<Y>-1632.60681</Y>
				<Z>28.4817734</Z>
				<Pitch>1.03793025</Pitch>
				<Roll>85.6301193</Roll>
				<Yaw>-143.606552</Yaw>
			</PositionRotation>
			<Attachment isAttached="true">
				<AttachedTo>351315</AttachedTo>
				<BoneIndex>28</BoneIndex>
				<X>-0.159999996</X>
				<Y>0.0399999991</Y>
				<Z>-0.699999928</Z>
				<Pitch>136.999985</Pitch>
				<Roll>-90.0000153</Roll>
				<Yaw>0</Yaw>
			</Attachment>
		</Attachment>
		<Attachment>
			<ModelHash>0xa7c34b30</ModelHash>
			<Type>3</Type>
			<Dynamic>false</Dynamic>
			<FrozenPos>true</FrozenPos>
			<HashName>hei_prop_hei_hose_nozzle</HashName>
			<InitialHandle>601168</InitialHandle>
			<ObjectProperties>
				<TextureVariation>0</TextureVariation>
			</ObjectProperties>
			<OpacityLevel>255</OpacityLevel>
			<LodDistance>16960</LodDistance>
			<IsVisible>true</IsVisible>
			<MaxHealth>1000</MaxHealth>
			<Health>0</Health>
			<HasGravity>true</HasGravity>
			<IsOnFire>false</IsOnFire>
			<IsInvincible>true</IsInvincible>
			<IsBulletProof>false</IsBulletProof>
			<IsCollisionProof>true</IsCollisionProof>
			<IsExplosionProof>true</IsExplosionProof>
			<IsFireProof>true</IsFireProof>
			<IsMeleeProof>true</IsMeleeProof>
			<IsOnlyDamagedByPlayer>false</IsOnlyDamagedByPlayer>
			<PositionRotation>
				<X>219.051971</X>
				<Y>-1632.68103</Y>
				<Z>29.0145264</Z>
				<Pitch>-84.6784668</Pitch>
				<Roll>-145.227264</Roll>
				<Yaw>161.202881</Yaw>
			</PositionRotation>
			<Attachment isAttached="true">
				<AttachedTo>351315</AttachedTo>
				<BoneIndex>38</BoneIndex>
				<X>0</X>
				<Y>-0.0300000086</Y>
				<Z>0.0150000006</Z>
				<Pitch>-89.9999924</Pitch>
				<Roll>0</Roll>
				<Yaw>-89.9999924</Yaw>
			</Attachment>
		</Attachment>
		<Attachment>
			<ModelHash>0x7a8d1fa9</ModelHash>
			<Type>3</Type>
			<Dynamic>false</Dynamic>
			<FrozenPos>true</FrozenPos>
			<HashName>prop_cs_gascutter_2</HashName>
			<InitialHandle>341581</InitialHandle>
			<ObjectProperties>
				<TextureVariation>0</TextureVariation>
			</ObjectProperties>
			<OpacityLevel>255</OpacityLevel>
			<LodDistance>16960</LodDistance>
			<IsVisible>true</IsVisible>
			<MaxHealth>1000</MaxHealth>
			<Health>0</Health>
			<HasGravity>true</HasGravity>
			<IsOnFire>false</IsOnFire>
			<IsInvincible>true</IsInvincible>
			<IsBulletProof>false</IsBulletProof>
			<IsCollisionProof>false</IsCollisionProof>
			<IsExplosionProof>true</IsExplosionProof>
			<IsFireProof>true</IsFireProof>
			<IsMeleeProof>true</IsMeleeProof>
			<IsOnlyDamagedByPlayer>false</IsOnlyDamagedByPlayer>
			<PositionRotation>
				<X>219.801361</X>
				<Y>-1633.76587</Y>
				<Z>28.548521</Z>
				<Pitch>56.7038193</Pitch>
				<Roll>7.97688866</Roll>
				<Yaw>29.6337261</Yaw>
			</PositionRotation>
			<Attachment isAttached="true">
				<AttachedTo>351315</AttachedTo>
				<BoneIndex>3</BoneIndex>
				<X>-0.00300000049</X>
				<Y>-0.800000668</Y>
				<Z>-0.409000069</Z>
				<Pitch>60</Pitch>
				<Roll>0</Roll>
				<Yaw>0</Yaw>
			</Attachment>
		</Attachment>
		<Attachment>
			<ModelHash>0xfc8fc916</ModelHash>
			<Type>3</Type>
			<Dynamic>false</Dynamic>
			<FrozenPos>true</FrozenPos>
			<HashName>prop_tyre_spike_01</HashName>
			<InitialHandle>317006</InitialHandle>
			<ObjectProperties>
				<TextureVariation>0</TextureVariation>
			</ObjectProperties>
			<OpacityLevel>255</OpacityLevel>
			<LodDistance>16960</LodDistance>
			<IsVisible>true</IsVisible>
			<MaxHealth>1000</MaxHealth>
			<Health>205</Health>
			<HasGravity>true</HasGravity>
			<IsOnFire>false</IsOnFire>
			<IsInvincible>true</IsInvincible>
			<IsBulletProof>false</IsBulletProof>
			<IsCollisionProof>false</IsCollisionProof>
			<IsExplosionProof>true</IsExplosionProof>
			<IsFireProof>true</IsFireProof>
			<IsMeleeProof>true</IsMeleeProof>
			<IsOnlyDamagedByPlayer>false</IsOnlyDamagedByPlayer>
			<PositionRotation>
				<X>220.230057</X>
				<Y>-1633.57446</Y>
				<Z>28.777647</Z>
				<Pitch>-18.08638</Pitch>
				<Roll>44.596714</Roll>
				<Yaw>37.7439537</Yaw>
			</PositionRotation>
			<Attachment isAttached="true">
				<AttachedTo>351315</AttachedTo>
				<BoneIndex>48</BoneIndex>
				<X>0.437000811</X>
				<Y>-0.78000015</Y>
				<Z>0.230000168</Z>
				<Pitch>-15.1000004</Pitch>
				<Roll>40.0000038</Roll>
				<Yaw>0</Yaw>
			</Attachment>
		</Attachment>
		<Attachment>
			<ModelHash>0xfc8fc916</ModelHash>
			<Type>3</Type>
			<Dynamic>false</Dynamic>
			<FrozenPos>true</FrozenPos>
			<HashName>prop_tyre_spike_01</HashName>
			<InitialHandle>507985</InitialHandle>
			<ObjectProperties>
				<TextureVariation>0</TextureVariation>
			</ObjectProperties>
			<OpacityLevel>255</OpacityLevel>
			<LodDistance>16960</LodDistance>
			<IsVisible>true</IsVisible>
			<MaxHealth>1000</MaxHealth>
			<Health>346</Health>
			<HasGravity>true</HasGravity>
			<IsOnFire>false</IsOnFire>
			<IsInvincible>true</IsInvincible>
			<IsBulletProof>false</IsBulletProof>
			<IsCollisionProof>false</IsCollisionProof>
			<IsExplosionProof>true</IsExplosionProof>
			<IsFireProof>true</IsFireProof>
			<IsMeleeProof>true</IsMeleeProof>
			<IsOnlyDamagedByPlayer>false</IsOnlyDamagedByPlayer>
			<PositionRotation>
				<X>220.331436</X>
				<Y>-1633.70996</Y>
				<Z>28.7965965</Z>
				<Pitch>7.83609295</Pitch>
				<Roll>44.4103966</Roll>
				<Yaw>35.7116547</Yaw>
			</PositionRotation>
			<Attachment isAttached="true">
				<AttachedTo>351315</AttachedTo>
				<BoneIndex>48</BoneIndex>
				<X>0.437000811</X>
				<Y>-0.949999988</Y>
				<Z>0.240000173</Z>
				<Pitch>10.9000015</Pitch>
				<Roll>40.0000038</Roll>
				<Yaw>0</Yaw>
			</Attachment>
		</Attachment>
		<Attachment>
			<ModelHash>0xfc8fc916</ModelHash>
			<Type>3</Type>
			<Dynamic>false</Dynamic>
			<FrozenPos>true</FrozenPos>
			<HashName>prop_tyre_spike_01</HashName>
			<InitialHandle>403000</InitialHandle>
			<ObjectProperties>
				<TextureVariation>0</TextureVariation>
			</ObjectProperties>
			<OpacityLevel>255</OpacityLevel>
			<LodDistance>16960</LodDistance>
			<IsVisible>true</IsVisible>
			<MaxHealth>1000</MaxHealth>
			<Health>85</Health>
			<HasGravity>true</HasGravity>
			<IsOnFire>false</IsOnFire>
			<IsInvincible>true</IsInvincible>
			<IsBulletProof>false</IsBulletProof>
			<IsCollisionProof>false</IsCollisionProof>
			<IsExplosionProof>true</IsExplosionProof>
			<IsFireProof>true</IsFireProof>
			<IsMeleeProof>true</IsMeleeProof>
			<IsOnlyDamagedByPlayer>false</IsOnlyDamagedByPlayer>
			<PositionRotation>
				<X>220.4245</X>
				<Y>-1633.84448</Y>
				<Z>28.7353611</Z>
				<Pitch>37.7297592</Pitch>
				<Roll>45.5274353</Roll>
				<Yaw>32.9251175</Yaw>
			</PositionRotation>
			<Attachment isAttached="true">
				<AttachedTo>351315</AttachedTo>
				<BoneIndex>48</BoneIndex>
				<X>0.437000811</X>
				<Y>-1.1099999</Y>
				<Z>0.170000136</Z>
				<Pitch>40.9000015</Pitch>
				<Roll>40.0000038</Roll>
				<Yaw>0</Yaw>
			</Attachment>
		</Attachment>
		<Attachment>
			<ModelHash>0xfc8fc916</ModelHash>
			<Type>3</Type>
			<Dynamic>false</Dynamic>
			<FrozenPos>true</FrozenPos>
			<HashName>prop_tyre_spike_01</HashName>
			<InitialHandle>315950</InitialHandle>
			<ObjectProperties>
				<TextureVariation>0</TextureVariation>
			</ObjectProperties>
			<OpacityLevel>255</OpacityLevel>
			<LodDistance>16960</LodDistance>
			<IsVisible>true</IsVisible>
			<MaxHealth>1000</MaxHealth>
			<Health>0</Health>
			<HasGravity>true</HasGravity>
			<IsOnFire>false</IsOnFire>
			<IsInvincible>true</IsInvincible>
			<IsBulletProof>false</IsBulletProof>
			<IsCollisionProof>false</IsCollisionProof>
			<IsExplosionProof>true</IsExplosionProof>
			<IsFireProof>true</IsFireProof>
			<IsMeleeProof>true</IsMeleeProof>
			<IsOnlyDamagedByPlayer>false</IsOnlyDamagedByPlayer>
			<PositionRotation>
				<X>220.475021</X>
				<Y>-1633.92542</Y>
				<Z>28.6405525</Z>
				<Pitch>60.5618095</Pitch>
				<Roll>48.9170151</Roll>
				<Yaw>28.5333023</Yaw>
			</PositionRotation>
			<Attachment isAttached="true">
				<AttachedTo>351315</AttachedTo>
				<BoneIndex>48</BoneIndex>
				<X>0.437000811</X>
				<Y>-1.19999993</Y>
				<Z>0.0700000823</Z>
				<Pitch>63.9000015</Pitch>
				<Roll>40.0000038</Roll>
				<Yaw>0</Yaw>
			</Attachment>
		</Attachment>
		<Attachment>
			<ModelHash>0xfc8fc916</ModelHash>
			<Type>3</Type>
			<Dynamic>false</Dynamic>
			<FrozenPos>true</FrozenPos>
			<HashName>prop_tyre_spike_01</HashName>
			<InitialHandle>30539</InitialHandle>
			<ObjectProperties>
				<TextureVariation>0</TextureVariation>
			</ObjectProperties>
			<OpacityLevel>255</OpacityLevel>
			<LodDistance>16960</LodDistance>
			<IsVisible>true</IsVisible>
			<MaxHealth>1000</MaxHealth>
			<Health>0</Health>
			<HasGravity>true</HasGravity>
			<IsOnFire>false</IsOnFire>
			<IsInvincible>true</IsInvincible>
			<IsBulletProof>false</IsBulletProof>
			<IsCollisionProof>false</IsCollisionProof>
			<IsExplosionProof>true</IsExplosionProof>
			<IsFireProof>true</IsFireProof>
			<IsMeleeProof>true</IsMeleeProof>
			<IsOnlyDamagedByPlayer>false</IsOnlyDamagedByPlayer>
			<PositionRotation>
				<X>219.76799</X>
				<Y>-1634.44507</Y>
				<Z>28.7075939</Z>
				<Pitch>60.5618095</Pitch>
				<Roll>48.9170151</Roll>
				<Yaw>28.5333023</Yaw>
			</PositionRotation>
			<Attachment isAttached="true">
				<AttachedTo>351315</AttachedTo>
				<BoneIndex>48</BoneIndex>
				<X>-0.442999303</X>
				<Y>-1.19999993</Y>
				<Z>0.0700000823</Z>
				<Pitch>63.9000015</Pitch>
				<Roll>40.0000038</Roll>
				<Yaw>0</Yaw>
			</Attachment>
		</Attachment>
		<Attachment>
			<ModelHash>0xfc8fc916</ModelHash>
			<Type>3</Type>
			<Dynamic>false</Dynamic>
			<FrozenPos>true</FrozenPos>
			<HashName>prop_tyre_spike_01</HashName>
			<InitialHandle>646992</InitialHandle>
			<ObjectProperties>
				<TextureVariation>0</TextureVariation>
			</ObjectProperties>
			<OpacityLevel>255</OpacityLevel>
			<LodDistance>16960</LodDistance>
			<IsVisible>true</IsVisible>
			<MaxHealth>1000</MaxHealth>
			<Health>0</Health>
			<HasGravity>true</HasGravity>
			<IsOnFire>false</IsOnFire>
			<IsInvincible>true</IsInvincible>
			<IsBulletProof>false</IsBulletProof>
			<IsCollisionProof>false</IsCollisionProof>
			<IsExplosionProof>true</IsExplosionProof>
			<IsFireProof>true</IsFireProof>
			<IsMeleeProof>true</IsMeleeProof>
			<IsOnlyDamagedByPlayer>false</IsOnlyDamagedByPlayer>
			<PositionRotation>
				<X>219.717468</X>
				<Y>-1634.36414</Y>
				<Z>28.8024025</Z>
				<Pitch>37.7297592</Pitch>
				<Roll>45.5274353</Roll>
				<Yaw>32.9251175</Yaw>
			</PositionRotation>
			<Attachment isAttached="true">
				<AttachedTo>351315</AttachedTo>
				<BoneIndex>48</BoneIndex>
				<X>-0.442999065</X>
				<Y>-1.1099999</Y>
				<Z>0.170000136</Z>
				<Pitch>40.9000015</Pitch>
				<Roll>40.0000038</Roll>
				<Yaw>0</Yaw>
			</Attachment>
		</Attachment>
		<Attachment>
			<ModelHash>0xfc8fc916</ModelHash>
			<Type>3</Type>
			<Dynamic>false</Dynamic>
			<FrozenPos>true</FrozenPos>
			<HashName>prop_tyre_spike_01</HashName>
			<InitialHandle>67147</InitialHandle>
			<ObjectProperties>
				<TextureVariation>0</TextureVariation>
			</ObjectProperties>
			<OpacityLevel>255</OpacityLevel>
			<LodDistance>16960</LodDistance>
			<IsVisible>true</IsVisible>
			<MaxHealth>1000</MaxHealth>
			<Health>0</Health>
			<HasGravity>true</HasGravity>
			<IsOnFire>false</IsOnFire>
			<IsInvincible>true</IsInvincible>
			<IsBulletProof>false</IsBulletProof>
			<IsCollisionProof>false</IsCollisionProof>
			<IsExplosionProof>true</IsExplosionProof>
			<IsFireProof>true</IsFireProof>
			<IsMeleeProof>true</IsMeleeProof>
			<IsOnlyDamagedByPlayer>false</IsOnlyDamagedByPlayer>
			<PositionRotation>
				<X>219.62442</X>
				<Y>-1634.22961</Y>
				<Z>28.8636379</Z>
				<Pitch>7.83609295</Pitch>
				<Roll>44.4103966</Roll>
				<Yaw>35.7116547</Yaw>
			</PositionRotation>
			<Attachment isAttached="true">
				<AttachedTo>351315</AttachedTo>
				<BoneIndex>48</BoneIndex>
				<X>-0.442999065</X>
				<Y>-0.949999988</Y>
				<Z>0.240000173</Z>
				<Pitch>10.9000015</Pitch>
				<Roll>40.0000038</Roll>
				<Yaw>0</Yaw>
			</Attachment>
		</Attachment>
		<Attachment>
			<ModelHash>0xfc8fc916</ModelHash>
			<Type>3</Type>
			<Dynamic>false</Dynamic>
			<FrozenPos>true</FrozenPos>
			<HashName>prop_tyre_spike_01</HashName>
			<InitialHandle>779855</InitialHandle>
			<ObjectProperties>
				<TextureVariation>0</TextureVariation>
			</ObjectProperties>
			<OpacityLevel>255</OpacityLevel>
			<LodDistance>16960</LodDistance>
			<IsVisible>true</IsVisible>
			<MaxHealth>1000</MaxHealth>
			<Health>0</Health>
			<HasGravity>true</HasGravity>
			<IsOnFire>false</IsOnFire>
			<IsInvincible>true</IsInvincible>
			<IsBulletProof>false</IsBulletProof>
			<IsCollisionProof>false</IsCollisionProof>
			<IsExplosionProof>true</IsExplosionProof>
			<IsFireProof>true</IsFireProof>
			<IsMeleeProof>true</IsMeleeProof>
			<IsOnlyDamagedByPlayer>false</IsOnlyDamagedByPlayer>
			<PositionRotation>
				<X>219.523026</X>
				<Y>-1634.09412</Y>
				<Z>28.8446884</Z>
				<Pitch>-18.08638</Pitch>
				<Roll>44.596714</Roll>
				<Yaw>37.7439537</Yaw>
			</PositionRotation>
			<Attachment isAttached="true">
				<AttachedTo>351315</AttachedTo>
				<BoneIndex>48</BoneIndex>
				<X>-0.442999065</X>
				<Y>-0.78000015</Y>
				<Z>0.230000168</Z>
				<Pitch>-15.1000004</Pitch>
				<Roll>40.0000038</Roll>
				<Yaw>0</Yaw>
			</Attachment>
		</Attachment>
		<Attachment>
			<ModelHash>0x710841e5</ModelHash>
			<Type>3</Type>
			<Dynamic>false</Dynamic>
			<FrozenPos>true</FrozenPos>
			<HashName>prop_scaffold_pole</HashName>
			<InitialHandle>72262</InitialHandle>
			<ObjectProperties>
				<TextureVariation>0</TextureVariation>
			</ObjectProperties>
			<OpacityLevel>255</OpacityLevel>
			<LodDistance>16960</LodDistance>
			<IsVisible>true</IsVisible>
			<MaxHealth>1000</MaxHealth>
			<Health>0</Health>
			<HasGravity>true</HasGravity>
			<IsOnFire>false</IsOnFire>
			<IsInvincible>true</IsInvincible>
			<IsBulletProof>false</IsBulletProof>
			<IsCollisionProof>false</IsCollisionProof>
			<IsExplosionProof>true</IsExplosionProof>
			<IsFireProof>true</IsFireProof>
			<IsMeleeProof>true</IsMeleeProof>
			<IsOnlyDamagedByPlayer>false</IsOnlyDamagedByPlayer>
			<PositionRotation>
				<X>219.868164</X>
				<Y>-1633.99304</Y>
				<Z>28.7651634</Z>
				<Pitch>17.9051037</Pitch>
				<Roll>13.2720051</Roll>
				<Yaw>34.8996239</Yaw>
			</PositionRotation>
			<Attachment isAttached="true">
				<AttachedTo>351315</AttachedTo>
				<BoneIndex>0</BoneIndex>
				<X>-0.100000024</X>
				<Y>-0.900000095</Y>
				<Z>0.170000046</Z>
				<Pitch>21.0000019</Pitch>
				<Roll>8.68001652</Roll>
				<Yaw>0</Yaw>
			</Attachment>
		</Attachment>
		<Attachment>
			<ModelHash>0x710841e5</ModelHash>
			<Type>3</Type>
			<Dynamic>false</Dynamic>
			<FrozenPos>true</FrozenPos>
			<HashName>prop_scaffold_pole</HashName>
			<InitialHandle>778064</InitialHandle>
			<ObjectProperties>
				<TextureVariation>0</TextureVariation>
			</ObjectProperties>
			<OpacityLevel>255</OpacityLevel>
			<LodDistance>16960</LodDistance>
			<IsVisible>true</IsVisible>
			<MaxHealth>1000</MaxHealth>
			<Health>0</Health>
			<HasGravity>true</HasGravity>
			<IsOnFire>false</IsOnFire>
			<IsInvincible>true</IsInvincible>
			<IsBulletProof>false</IsBulletProof>
			<IsCollisionProof>false</IsCollisionProof>
			<IsExplosionProof>true</IsExplosionProof>
			<IsFireProof>true</IsFireProof>
			<IsMeleeProof>true</IsMeleeProof>
			<IsOnlyDamagedByPlayer>false</IsOnlyDamagedByPlayer>
			<PositionRotation>
				<X>220.028854</X>
				<Y>-1633.875</Y>
				<Z>28.7499275</Z>
				<Pitch>17.9051056</Pitch>
				<Roll>-3.05801821</Roll>
				<Yaw>34.8996201</Yaw>
			</PositionRotation>
			<Attachment isAttached="true">
				<AttachedTo>351315</AttachedTo>
				<BoneIndex>0</BoneIndex>
				<X>0.100000024</X>
				<Y>-0.900000095</Y>
				<Z>0.170000046</Z>
				<Pitch>21.0000019</Pitch>
				<Roll>-7.65001583</Roll>
				<Yaw>0</Yaw>
			</Attachment>
		</Attachment>
		<Attachment>
			<ModelHash>0x659b9569</ModelHash>
			<Type>3</Type>
			<Dynamic>false</Dynamic>
			<FrozenPos>true</FrozenPos>
			<HashName>prop_rope_hook_01</HashName>
			<InitialHandle>269133</InitialHandle>
			<ObjectProperties>
				<TextureVariation>0</TextureVariation>
			</ObjectProperties>
			<OpacityLevel>255</OpacityLevel>
			<LodDistance>16960</LodDistance>
			<IsVisible>true</IsVisible>
			<MaxHealth>1000</MaxHealth>
			<Health>0</Health>
			<HasGravity>true</HasGravity>
			<IsOnFire>false</IsOnFire>
			<IsInvincible>true</IsInvincible>
			<IsBulletProof>false</IsBulletProof>
			<IsCollisionProof>false</IsCollisionProof>
			<IsExplosionProof>true</IsExplosionProof>
			<IsFireProof>true</IsFireProof>
			<IsMeleeProof>true</IsMeleeProof>
			<IsOnlyDamagedByPlayer>false</IsOnlyDamagedByPlayer>
			<PositionRotation>
				<X>219.355942</X>
				<Y>-1633.15894</Y>
				<Z>28.6467285</Z>
				<Pitch>-22.970129</Pitch>
				<Roll>162.746262</Roll>
				<Yaw>38.1699753</Yaw>
			</PositionRotation>
			<Attachment isAttached="true">
				<AttachedTo>351315</AttachedTo>
				<BoneIndex>0</BoneIndex>
				<X>-0.00999999791</X>
				<Y>0.0800000131</Y>
				<Z>0.110000044</Z>
				<Pitch>-20.0000038</Pitch>
				<Roll>158.000015</Roll>
				<Yaw>0</Yaw>
			</Attachment>
		</Attachment>
		<Attachment>
			<ModelHash>0x659b9569</ModelHash>
			<Type>3</Type>
			<Dynamic>false</Dynamic>
			<FrozenPos>true</FrozenPos>
			<HashName>prop_rope_hook_01</HashName>
			<InitialHandle>256853</InitialHandle>
			<ObjectProperties>
				<TextureVariation>0</TextureVariation>
			</ObjectProperties>
			<OpacityLevel>255</OpacityLevel>
			<LodDistance>16960</LodDistance>
			<IsVisible>true</IsVisible>
			<MaxHealth>1000</MaxHealth>
			<Health>0</Health>
			<HasGravity>true</HasGravity>
			<IsOnFire>false</IsOnFire>
			<IsInvincible>true</IsInvincible>
			<IsBulletProof>false</IsBulletProof>
			<IsCollisionProof>false</IsCollisionProof>
			<IsExplosionProof>true</IsExplosionProof>
			<IsFireProof>true</IsFireProof>
			<IsMeleeProof>true</IsMeleeProof>
			<IsOnlyDamagedByPlayer>false</IsOnlyDamagedByPlayer>
			<PositionRotation>
				<X>219.325623</X>
				<Y>-1633.12061</Y>
				<Z>28.6241703</Z>
				<Pitch>-22.970129</Pitch>
				<Roll>162.746262</Roll>
				<Yaw>38.1699753</Yaw>
			</PositionRotation>
			<Attachment isAttached="true">
				<AttachedTo>351315</AttachedTo>
				<BoneIndex>0</BoneIndex>
				<X>-0.00999999791</X>
				<Y>0.13000004</Y>
				<Z>0.0900000334</Z>
				<Pitch>-20.0000038</Pitch>
				<Roll>158.000015</Roll>
				<Yaw>0</Yaw>
			</Attachment>
		</Attachment>
		<Attachment>
			<ModelHash>0xf4bc019f</ModelHash>
			<Type>3</Type>
			<Dynamic>false</Dynamic>
			<FrozenPos>true</FrozenPos>
			<HashName>w_sg_sawnoff_luxe</HashName>
			<InitialHandle>539474</InitialHandle>
			<ObjectProperties>
				<TextureVariation>0</TextureVariation>
			</ObjectProperties>
			<OpacityLevel>255</OpacityLevel>
			<LodDistance>16960</LodDistance>
			<IsVisible>true</IsVisible>
			<MaxHealth>1000</MaxHealth>
			<Health>0</Health>
			<HasGravity>true</HasGravity>
			<IsOnFire>false</IsOnFire>
			<IsInvincible>true</IsInvincible>
			<IsBulletProof>false</IsBulletProof>
			<IsCollisionProof>false</IsCollisionProof>
			<IsExplosionProof>true</IsExplosionProof>
			<IsFireProof>true</IsFireProof>
			<IsMeleeProof>true</IsMeleeProof>
			<IsOnlyDamagedByPlayer>false</IsOnlyDamagedByPlayer>
			<PositionRotation>
				<X>219.27623</X>
				<Y>-1633.19067</Y>
				<Z>28.8728695</Z>
				<Pitch>-24.5879517</Pitch>
				<Roll>23.334753</Roll>
				<Yaw>127.934875</Yaw>
			</PositionRotation>
			<Attachment isAttached="true">
				<AttachedTo>351315</AttachedTo>
				<BoneIndex>0</BoneIndex>
				<X>-0.110000208</X>
				<Y>0.0900000185</Y>
				<Z>0.330000013</Z>
				<Pitch>-29.0000038</Pitch>
				<Roll>20.0000019</Roll>
				<Yaw>90.0000076</Yaw>
			</Attachment>
		</Attachment>
		<Attachment>
			<ModelHash>0x659b9569</ModelHash>
			<Type>3</Type>
			<Dynamic>false</Dynamic>
			<FrozenPos>true</FrozenPos>
			<HashName>prop_rope_hook_01</HashName>
			<InitialHandle>681291</InitialHandle>
			<ObjectProperties>
				<TextureVariation>0</TextureVariation>
			</ObjectProperties>
			<OpacityLevel>255</OpacityLevel>
			<LodDistance>16960</LodDistance>
			<IsVisible>true</IsVisible>
			<MaxHealth>1000</MaxHealth>
			<Health>0</Health>
			<HasGravity>true</HasGravity>
			<IsOnFire>false</IsOnFire>
			<IsInvincible>true</IsInvincible>
			<IsBulletProof>false</IsBulletProof>
			<IsCollisionProof>false</IsCollisionProof>
			<IsExplosionProof>true</IsExplosionProof>
			<IsFireProof>true</IsFireProof>
			<IsMeleeProof>true</IsMeleeProof>
			<IsOnlyDamagedByPlayer>false</IsOnlyDamagedByPlayer>
			<PositionRotation>
				<X>219.353577</X>
				<Y>-1633.12488</Y>
				<Z>28.6237049</Z>
				<Pitch>22.1519871</Pitch>
				<Roll>149.783401</Roll>
				<Yaw>-131.692429</Yaw>
			</PositionRotation>
			<Attachment isAttached="true">
				<AttachedTo>351315</AttachedTo>
				<BoneIndex>0</BoneIndex>
				<X>0.00999998301</X>
				<Y>0.110000029</Y>
				<Z>0.0900000334</Z>
				<Pitch>20</Pitch>
				<Roll>155.000015</Roll>
				<Yaw>-169.999985</Yaw>
			</Attachment>
		</Attachment>
		<Attachment>
			<ModelHash>0x659b9569</ModelHash>
			<Type>3</Type>
			<Dynamic>false</Dynamic>
			<FrozenPos>true</FrozenPos>
			<HashName>prop_rope_hook_01</HashName>
			<InitialHandle>743495</InitialHandle>
			<ObjectProperties>
				<TextureVariation>0</TextureVariation>
			</ObjectProperties>
			<OpacityLevel>255</OpacityLevel>
			<LodDistance>16960</LodDistance>
			<IsVisible>true</IsVisible>
			<MaxHealth>1000</MaxHealth>
			<Health>0</Health>
			<HasGravity>true</HasGravity>
			<IsOnFire>false</IsOnFire>
			<IsInvincible>true</IsInvincible>
			<IsBulletProof>false</IsBulletProof>
			<IsCollisionProof>false</IsCollisionProof>
			<IsExplosionProof>true</IsExplosionProof>
			<IsFireProof>true</IsFireProof>
			<IsMeleeProof>true</IsMeleeProof>
			<IsOnlyDamagedByPlayer>false</IsOnlyDamagedByPlayer>
			<PositionRotation>
				<X>219.377655</X>
				<Y>-1633.15613</Y>
				<Z>28.6357765</Z>
				<Pitch>23.1238003</Pitch>
				<Roll>156.366623</Roll>
				<Yaw>-143.865585</Yaw>
			</PositionRotation>
			<Attachment isAttached="true">
				<AttachedTo>351315</AttachedTo>
				<BoneIndex>0</BoneIndex>
				<X>0.00999998301</X>
				<Y>0.0700000077</Y>
				<Z>0.100000039</Z>
				<Pitch>20</Pitch>
				<Roll>161.000015</Roll>
				<Yaw>178.000015</Yaw>
			</Attachment>
		</Attachment>
		<Attachment>
			<ModelHash>0x50685513</ModelHash>
			<Type>3</Type>
			<Dynamic>false</Dynamic>
			<FrozenPos>true</FrozenPos>
			<HashName>w_pi_flaregun</HashName>
			<InitialHandle>772429</InitialHandle>
			<ObjectProperties>
				<TextureVariation>0</TextureVariation>
			</ObjectProperties>
			<OpacityLevel>255</OpacityLevel>
			<LodDistance>16960</LodDistance>
			<IsVisible>true</IsVisible>
			<MaxHealth>1000</MaxHealth>
			<Health>0</Health>
			<HasGravity>true</HasGravity>
			<IsOnFire>false</IsOnFire>
			<IsInvincible>true</IsInvincible>
			<IsBulletProof>false</IsBulletProof>
			<IsCollisionProof>false</IsCollisionProof>
			<IsExplosionProof>true</IsExplosionProof>
			<IsFireProof>true</IsFireProof>
			<IsMeleeProof>true</IsMeleeProof>
			<IsOnlyDamagedByPlayer>false</IsOnlyDamagedByPlayer>
			<PositionRotation>
				<X>219.456253</X>
				<Y>-1633.08447</Y>
				<Z>28.8380146</Z>
				<Pitch>14.3547239</Pitch>
				<Roll>23.1298847</Roll>
				<Yaw>125.769318</Yaw>
			</PositionRotation>
			<Attachment isAttached="true">
				<AttachedTo>351315</AttachedTo>
				<BoneIndex>0</BoneIndex>
				<X>0.0999999791</X>
				<Y>0.0700000077</Y>
				<Z>0.310000032</Z>
				<Pitch>10.000001</Pitch>
				<Roll>20.0000019</Roll>
				<Yaw>90.0000076</Yaw>
			</Attachment>
		</Attachment>
		<Attachment>
			<ModelHash>0x0923ffcb</ModelHash>
			<Type>3</Type>
			<Dynamic>false</Dynamic>
			<FrozenPos>true</FrozenPos>
			<HashName>ng_proc_spraycan01a</HashName>
			<InitialHandle>749860</InitialHandle>
			<ObjectProperties>
				<TextureVariation>0</TextureVariation>
			</ObjectProperties>
			<OpacityLevel>255</OpacityLevel>
			<LodDistance>16960</LodDistance>
			<IsVisible>true</IsVisible>
			<MaxHealth>1000</MaxHealth>
			<Health>205</Health>
			<HasGravity>true</HasGravity>
			<IsOnFire>false</IsOnFire>
			<IsInvincible>true</IsInvincible>
			<IsBulletProof>false</IsBulletProof>
			<IsCollisionProof>true</IsCollisionProof>
			<IsExplosionProof>true</IsExplosionProof>
			<IsFireProof>true</IsFireProof>
			<IsMeleeProof>true</IsMeleeProof>
			<IsOnlyDamagedByPlayer>false</IsOnlyDamagedByPlayer>
			<PositionRotation>
				<X>220.421494</X>
				<Y>-1633.57874</Y>
				<Z>28.4591427</Z>
				<Pitch>5.35851192</Pitch>
				<Roll>-169.83371</Roll>
				<Yaw>126.261314</Yaw>
			</PositionRotation>
			<Attachment isAttached="true">
				<AttachedTo>351315</AttachedTo>
				<BoneIndex>5</BoneIndex>
				<X>-0.13000004</X>
				<Y>-2.03773379e-06</Y>
				<Z>-0.0400000066</Z>
				<Pitch>0</Pitch>
				<Roll>0</Roll>
				<Yaw>-89.9999847</Yaw>
			</Attachment>
		</Attachment>
		<Attachment>
			<ModelHash>0xe11aaf90</ModelHash>
			<Type>3</Type>
			<Dynamic>false</Dynamic>
			<FrozenPos>true</FrozenPos>
			<HashName>prop_w_me_knife_01</HashName>
			<InitialHandle>386640</InitialHandle>
			<ObjectProperties>
				<TextureVariation>0</TextureVariation>
			</ObjectProperties>
			<OpacityLevel>255</OpacityLevel>
			<LodDistance>16960</LodDistance>
			<IsVisible>true</IsVisible>
			<MaxHealth>1000</MaxHealth>
			<Health>205</Health>
			<HasGravity>true</HasGravity>
			<IsOnFire>false</IsOnFire>
			<IsInvincible>true</IsInvincible>
			<IsBulletProof>false</IsBulletProof>
			<IsCollisionProof>true</IsCollisionProof>
			<IsExplosionProof>true</IsExplosionProof>
			<IsFireProof>true</IsFireProof>
			<IsMeleeProof>true</IsMeleeProof>
			<IsOnlyDamagedByPlayer>false</IsOnlyDamagedByPlayer>
			<PositionRotation>
				<X>220.477692</X>
				<Y>-1633.5376</Y>
				<Z>28.4526062</Z>
				<Pitch>6.05128241</Pitch>
				<Roll>179.772537</Roll>
				<Yaw>130.22052</Yaw>
			</PositionRotation>
			<Attachment isAttached="true">
				<AttachedTo>351315</AttachedTo>
				<BoneIndex>5</BoneIndex>
				<X>-0.200000018</X>
				<Y>0</Y>
				<Z>-0.0400000066</Z>
				<Pitch>0</Pitch>
				<Roll>-10.000001</Roll>
				<Yaw>-94</Yaw>
			</Attachment>
		</Attachment>
		<Attachment>
			<ModelHash>0x0923ffcb</ModelHash>
			<Type>3</Type>
			<Dynamic>false</Dynamic>
			<FrozenPos>true</FrozenPos>
			<HashName>ng_proc_spraycan01a</HashName>
			<InitialHandle>153168</InitialHandle>
			<ObjectProperties>
				<TextureVariation>0</TextureVariation>
			</ObjectProperties>
			<OpacityLevel>255</OpacityLevel>
			<LodDistance>16960</LodDistance>
			<IsVisible>true</IsVisible>
			<MaxHealth>1000</MaxHealth>
			<Health>0</Health>
			<HasGravity>true</HasGravity>
			<IsOnFire>false</IsOnFire>
			<IsInvincible>true</IsInvincible>
			<IsBulletProof>false</IsBulletProof>
			<IsCollisionProof>true</IsCollisionProof>
			<IsExplosionProof>true</IsExplosionProof>
			<IsFireProof>true</IsFireProof>
			<IsMeleeProof>true</IsMeleeProof>
			<IsOnlyDamagedByPlayer>false</IsOnlyDamagedByPlayer>
			<PositionRotation>
				<X>219.43013</X>
				<Y>-1634.30017</Y>
				<Z>28.474802</Z>
				<Pitch>-3.35811615</Pitch>
				<Roll>18.7501316</Roll>
				<Yaw>-53.6320419</Yaw>
			</PositionRotation>
			<Attachment isAttached="true">
				<AttachedTo>351315</AttachedTo>
				<BoneIndex>6</BoneIndex>
				<X>-0.13000004</X>
				<Y>-2.03773379e-06</Y>
				<Z>-0.0400000066</Z>
				<Pitch>0</Pitch>
				<Roll>0</Roll>
				<Yaw>-89.9999847</Yaw>
			</Attachment>
		</Attachment>
		<Attachment>
			<ModelHash>0xe11aaf90</ModelHash>
			<Type>3</Type>
			<Dynamic>false</Dynamic>
			<FrozenPos>true</FrozenPos>
			<HashName>prop_w_me_knife_01</HashName>
			<InitialHandle>514377</InitialHandle>
			<ObjectProperties>
				<TextureVariation>0</TextureVariation>
			</ObjectProperties>
			<OpacityLevel>255</OpacityLevel>
			<LodDistance>16960</LodDistance>
			<IsVisible>true</IsVisible>
			<MaxHealth>1000</MaxHealth>
			<Health>73</Health>
			<HasGravity>true</HasGravity>
			<IsOnFire>false</IsOnFire>
			<IsInvincible>true</IsInvincible>
			<IsBulletProof>false</IsBulletProof>
			<IsCollisionProof>true</IsCollisionProof>
			<IsExplosionProof>true</IsExplosionProof>
			<IsFireProof>true</IsFireProof>
			<IsMeleeProof>true</IsMeleeProof>
			<IsOnlyDamagedByPlayer>false</IsOnlyDamagedByPlayer>
			<PositionRotation>
				<X>220.449738</X>
				<Y>-1633.51013</Y>
				<Z>28.3850193</Z>
				<Pitch>5.35852528</Pitch>
				<Roll>-59.8337021</Roll>
				<Yaw>126.261337</Yaw>
			</PositionRotation>
			<Attachment isAttached="true">
				<AttachedTo>351315</AttachedTo>
				<BoneIndex>5</BoneIndex>
				<X>-0.200000018</X>
				<Y>0.0500000082</Y>
				<Z>0.0200000033</Z>
				<Pitch>0</Pitch>
				<Roll>110.000008</Roll>
				<Yaw>-90</Yaw>
			</Attachment>
		</Attachment>
		<Attachment>
			<ModelHash>0xe11aaf90</ModelHash>
			<Type>3</Type>
			<Dynamic>false</Dynamic>
			<FrozenPos>true</FrozenPos>
			<HashName>prop_w_me_knife_01</HashName>
			<InitialHandle>108871</InitialHandle>
			<ObjectProperties>
				<TextureVariation>0</TextureVariation>
			</ObjectProperties>
			<OpacityLevel>255</OpacityLevel>
			<LodDistance>16960</LodDistance>
			<IsVisible>true</IsVisible>
			<MaxHealth>1000</MaxHealth>
			<Health>73</Health>
			<HasGravity>true</HasGravity>
			<IsOnFire>false</IsOnFire>
			<IsInvincible>true</IsInvincible>
			<IsBulletProof>false</IsBulletProof>
			<IsCollisionProof>true</IsCollisionProof>
			<IsExplosionProof>true</IsExplosionProof>
			<IsFireProof>true</IsFireProof>
			<IsMeleeProof>true</IsMeleeProof>
			<IsOnlyDamagedByPlayer>false</IsOnlyDamagedByPlayer>
			<PositionRotation>
				<X>220.503632</X>
				<Y>-1633.58264</Y>
				<Z>28.3910351</Z>
				<Pitch>5.35851479</Pitch>
				<Roll>68.1662903</Roll>
				<Yaw>126.261337</Yaw>
			</PositionRotation>
			<Attachment isAttached="true">
				<AttachedTo>351315</AttachedTo>
				<BoneIndex>5</BoneIndex>
				<X>-0.200000018</X>
				<Y>-0.0399999991</Y>
				<Z>0.0300000049</Z>
				<Pitch>0</Pitch>
				<Roll>-121.999985</Roll>
				<Yaw>-90</Yaw>
			</Attachment>
		</Attachment>
		<Attachment>
			<ModelHash>0xe11aaf90</ModelHash>
			<Type>3</Type>
			<Dynamic>false</Dynamic>
			<FrozenPos>true</FrozenPos>
			<HashName>prop_w_me_knife_01</HashName>
			<InitialHandle>13380</InitialHandle>
			<ObjectProperties>
				<TextureVariation>0</TextureVariation>
			</ObjectProperties>
			<OpacityLevel>255</OpacityLevel>
			<LodDistance>16960</LodDistance>
			<IsVisible>true</IsVisible>
			<MaxHealth>1000</MaxHealth>
			<Health>0</Health>
			<HasGravity>true</HasGravity>
			<IsOnFire>false</IsOnFire>
			<IsInvincible>true</IsInvincible>
			<IsBulletProof>false</IsBulletProof>
			<IsCollisionProof>true</IsCollisionProof>
			<IsExplosionProof>true</IsExplosionProof>
			<IsFireProof>true</IsFireProof>
			<IsMeleeProof>true</IsMeleeProof>
			<IsOnlyDamagedByPlayer>false</IsOnlyDamagedByPlayer>
			<PositionRotation>
				<X>219.410583</X>
				<Y>-1634.3894</Y>
				<Z>28.5006695</Z>
				<Pitch>3.35809851</Pitch>
				<Roll>63.2498627</Roll>
				<Yaw>126.36792</Yaw>
			</PositionRotation>
			<Attachment isAttached="true">
				<AttachedTo>351315</AttachedTo>
				<BoneIndex>6</BoneIndex>
				<X>-0.200000018</X>
				<Y>-0.049999997</Y>
				<Z>0</Z>
				<Pitch>-179.999985</Pitch>
				<Roll>-97.9999847</Roll>
				<Yaw>-90</Yaw>
			</Attachment>
		</Attachment>
		<Attachment>
			<ModelHash>0xe11aaf90</ModelHash>
			<Type>3</Type>
			<Dynamic>false</Dynamic>
			<FrozenPos>true</FrozenPos>
			<HashName>prop_w_me_knife_01</HashName>
			<InitialHandle>468806</InitialHandle>
			<ObjectProperties>
				<TextureVariation>0</TextureVariation>
			</ObjectProperties>
			<OpacityLevel>255</OpacityLevel>
			<LodDistance>16960</LodDistance>
			<IsVisible>true</IsVisible>
			<MaxHealth>1000</MaxHealth>
			<Health>0</Health>
			<HasGravity>true</HasGravity>
			<IsOnFire>false</IsOnFire>
			<IsInvincible>true</IsInvincible>
			<IsBulletProof>false</IsBulletProof>
			<IsCollisionProof>true</IsCollisionProof>
			<IsExplosionProof>true</IsExplosionProof>
			<IsFireProof>true</IsFireProof>
			<IsMeleeProof>true</IsMeleeProof>
			<IsOnlyDamagedByPlayer>false</IsOnlyDamagedByPlayer>
			<PositionRotation>
				<X>219.384109</X>
				<Y>-1634.34656</Y>
				<Z>28.5703983</Z>
				<Pitch>3.35809946</Pitch>
				<Roll>-176.750107</Roll>
				<Yaw>126.36792</Yaw>
			</PositionRotation>
			<Attachment isAttached="true">
				<AttachedTo>351315</AttachedTo>
				<BoneIndex>6</BoneIndex>
				<X>-0.200000018</X>
				<Y>0.0200000145</Y>
				<Z>0.0500000082</Z>
				<Pitch>-179.999985</Pitch>
				<Roll>22.0000191</Roll>
				<Yaw>-90</Yaw>
			</Attachment>
		</Attachment>
		<Attachment>
			<ModelHash>0xe11aaf90</ModelHash>
			<Type>3</Type>
			<Dynamic>false</Dynamic>
			<FrozenPos>true</FrozenPos>
			<HashName>prop_w_me_knife_01</HashName>
			<InitialHandle>115207</InitialHandle>
			<ObjectProperties>
				<TextureVariation>0</TextureVariation>
			</ObjectProperties>
			<OpacityLevel>255</OpacityLevel>
			<LodDistance>16960</LodDistance>
			<IsVisible>true</IsVisible>
			<MaxHealth>1000</MaxHealth>
			<Health>0</Health>
			<HasGravity>true</HasGravity>
			<IsOnFire>false</IsOnFire>
			<IsInvincible>true</IsInvincible>
			<IsBulletProof>false</IsBulletProof>
			<IsCollisionProof>true</IsCollisionProof>
			<IsExplosionProof>true</IsExplosionProof>
			<IsFireProof>true</IsFireProof>
			<IsMeleeProof>true</IsMeleeProof>
			<IsOnlyDamagedByPlayer>false</IsOnlyDamagedByPlayer>
			<PositionRotation>
				<X>219.36293</X>
				<Y>-1634.32617</Y>
				<Z>28.485321</Z>
				<Pitch>3.35809779</Pitch>
				<Roll>-46.7500992</Roll>
				<Yaw>126.367935</Yaw>
			</PositionRotation>
			<Attachment isAttached="true">
				<AttachedTo>351315</AttachedTo>
				<BoneIndex>6</BoneIndex>
				<X>-0.200000018</X>
				<Y>0.0200000145</Y>
				<Z>-0.0400000028</Z>
				<Pitch>-179.999985</Pitch>
				<Roll>152.000031</Roll>
				<Yaw>-90</Yaw>
			</Attachment>
		</Attachment>
	</SpoonerAttachments>
</Vehicle>
