<?xml version="1.0"?>
<Vehicle menyoo_ver="0.999874b">
	<ModelHash>0x767164d6</ModelHash>
	<InitialHandle>257030</InitialHandle>
	<VehicleProperties>
		<Colours>
			<Primary>116</Primary>
			<Secondary>1</Secondary>
			<Pearl>3</Pearl>
			<Rim>0</Rim>
			<Mod1_a>6</Mod1_a>
			<Mod1_b>-1</Mod1_b>
			<Mod1_c>-1</Mod1_c>
			<Mod2_a>6</Mod2_a>
			<Mod2_b>-1</Mod2_b>
			<IsPrimaryColourCustom>false</IsPrimaryColourCustom>
			<IsSecondaryColourCustom>false</IsSecondaryColourCustom>
			<tyreSmoke_R>255</tyreSmoke_R>
			<tyreSmoke_G>255</tyreSmoke_G>
			<tyreSmoke_B>255</tyreSmoke_B>
			<LrInterior>0</LrInterior>
			<LrDashboard>0</LrDashboard>
		</Colours>
		<Livery>-1</Livery>
		<NumberPlateText>24NKA244</NumberPlateText>
		<NumberPlateIndex>0</NumberPlateIndex>
		<WheelType>7</WheelType>
		<WheelsInvisible>false</WheelsInvisible>
		<EngineSoundName />
		<WindowTint>-1</WindowTint>
		<BulletProofTyres>true</BulletProofTyres>
		<DirtLevel>0.00274360343</DirtLevel>
		<PaintFade>0.298039228</PaintFade>
		<RoofState>0</RoofState>
		<SirenActive>false</SirenActive>
		<EngineOn>true</EngineOn>
		<EngineHealth>1000</EngineHealth>
		<LightsOn>false</LightsOn>
		<IsRadioLoud>0</IsRadioLoud>
		<Neons>
			<Left>false</Left>
			<Right>false</Right>
			<Front>false</Front>
			<Back>false</Back>
			<R>255</R>
			<G>0</G>
			<B>255</B>
		</Neons>
		<ModExtras />
		<Mods>
			<_0>-1,0</_0>
			<_1>-1,0</_1>
			<_2>-1,0</_2>
			<_3>-1,0</_3>
			<_4>-1,0</_4>
			<_5>-1,0</_5>
			<_6>-1,0</_6>
			<_7>-1,0</_7>
			<_8>-1,0</_8>
			<_9>-1,0</_9>
			<_10>-1,0</_10>
			<_11>3,0</_11>
			<_12>2,0</_12>
			<_13>2,0</_13>
			<_14>-1,0</_14>
			<_15>-1,0</_15>
			<_16>4,0</_16>
			<_17>false</_17>
			<_18>true</_18>
			<_19>false</_19>
			<_20>false</_20>
			<_21>false</_21>
			<_22>true</_22>
			<_23>-1,0</_23>
			<_24>-1,0</_24>
			<_25>-1,0</_25>
			<_26>-1,0</_26>
			<_27>-1,0</_27>
			<_28>-1,0</_28>
			<_29>-1,0</_29>
			<_30>-1,0</_30>
			<_31>-1,0</_31>
			<_32>-1,0</_32>
			<_33>-1,0</_33>
			<_34>-1,0</_34>
			<_35>-1,0</_35>
			<_36>-1,0</_36>
			<_37>-1,0</_37>
			<_38>-1,0</_38>
			<_39>-1,0</_39>
			<_40>-1,0</_40>
			<_41>-1,0</_41>
			<_42>-1,0</_42>
			<_43>-1,0</_43>
			<_44>-1,0</_44>
			<_45>-1,0</_45>
			<_46>-1,0</_46>
			<_47>-1,0</_47>
			<_48>-1,0</_48>
		</Mods>
		<DoorsOpen>
			<BackLeftDoor>false</BackLeftDoor>
			<BackRightDoor>false</BackRightDoor>
			<FrontLeftDoor>false</FrontLeftDoor>
			<FrontRightDoor>false</FrontRightDoor>
			<Hood>false</Hood>
			<Trunk>false</Trunk>
			<Trunk2>false</Trunk2>
		</DoorsOpen>
		<DoorsBroken>
			<BackLeftDoor>false</BackLeftDoor>
			<BackRightDoor>false</BackRightDoor>
			<FrontLeftDoor>false</FrontLeftDoor>
			<FrontRightDoor>false</FrontRightDoor>
			<Hood>false</Hood>
			<Trunk>false</Trunk>
			<Trunk2>false</Trunk2>
		</DoorsBroken>
		<TyresBursted>
			<FrontLeft>false</FrontLeft>
			<FrontRight>false</FrontRight>
			<_2>false</_2>
			<_3>false</_3>
			<BackLeft>false</BackLeft>
			<BackRight>false</BackRight>
			<_6>false</_6>
			<_7>false</_7>
			<_8>false</_8>
		</TyresBursted>
		<RpmMultiplier>1</RpmMultiplier>
		<TorqueMultiplier>1</TorqueMultiplier>
		<HeadlightIntensity>1</HeadlightIntensity>
	</VehicleProperties>
	<OpacityLevel>255</OpacityLevel>
	<LodDistance>16960</LodDistance>
	<IsVisible>true</IsVisible>
	<IsDriverVisible>true</IsDriverVisible>
	<MaxHealth>1000</MaxHealth>
	<Health>1000</Health>
	<HasGravity>true</HasGravity>
	<IsOnFire>false</IsOnFire>
	<IsInvincible>false</IsInvincible>
	<IsBulletProof>false</IsBulletProof>
	<IsExplosionProof>false</IsExplosionProof>
	<IsFireProof>false</IsFireProof>
	<IsMeleeProof>false</IsMeleeProof>
	<IsOnlyDamagedByPlayer>false</IsOnlyDamagedByPlayer>
	<SpoonerAttachments SetAttachmentsPersistentAndAddToSpoonerDatabase="true" StartTaskSequencesOnLoad="true">
		<Attachment>
			<ModelHash>0xe591cc5d</ModelHash>
			<Type>3</Type>
			<Dynamic>false</Dynamic>
			<FrozenPos>true</FrozenPos>
			<HashName>hei_prop_heist_drill</HashName>
			<InitialHandle>604453</InitialHandle>
			<ObjectProperties>
				<TextureVariation>0</TextureVariation>
			</ObjectProperties>
			<OpacityLevel>255</OpacityLevel>
			<LodDistance>16960</LodDistance>
			<IsVisible>true</IsVisible>
			<MaxHealth>1000</MaxHealth>
			<Health>1000</Health>
			<HasGravity>true</HasGravity>
			<IsOnFire>false</IsOnFire>
			<IsInvincible>false</IsInvincible>
			<IsBulletProof>false</IsBulletProof>
			<IsCollisionProof>true</IsCollisionProof>
			<IsExplosionProof>false</IsExplosionProof>
			<IsFireProof>false</IsFireProof>
			<IsMeleeProof>false</IsMeleeProof>
			<IsOnlyDamagedByPlayer>false</IsOnlyDamagedByPlayer>
			<PositionRotation>
				<X>-1830.02563</X>
				<Y>-752.290222</Y>
				<Z>8.04933929</Z>
				<Pitch>-1.02948141</Pitch>
				<Roll>0.480274767</Roll>
				<Yaw>-91.6630859</Yaw>
			</PositionRotation>
			<Attachment isAttached="true">
				<AttachedTo>257030</AttachedTo>
				<BoneIndex>0</BoneIndex>
				<X>0.599999964</X>
				<Y>-1.90000021</Y>
				<Z>-5.96046448e-08</Z>
				<Pitch>0</Pitch>
				<Roll>0</Roll>
				<Yaw>0</Yaw>
			</Attachment>
		</Attachment>
		<Attachment>
			<ModelHash>0xe591cc5d</ModelHash>
			<Type>3</Type>
			<Dynamic>false</Dynamic>
			<FrozenPos>true</FrozenPos>
			<HashName>hei_prop_heist_drill</HashName>
			<InitialHandle>558629</InitialHandle>
			<ObjectProperties>
				<TextureVariation>0</TextureVariation>
			</ObjectProperties>
			<OpacityLevel>255</OpacityLevel>
			<LodDistance>16960</LodDistance>
			<IsVisible>true</IsVisible>
			<MaxHealth>1000</MaxHealth>
			<Health>1000</Health>
			<HasGravity>true</HasGravity>
			<IsOnFire>false</IsOnFire>
			<IsInvincible>false</IsInvincible>
			<IsBulletProof>false</IsBulletProof>
			<IsCollisionProof>true</IsCollisionProof>
			<IsExplosionProof>false</IsExplosionProof>
			<IsFireProof>false</IsFireProof>
			<IsMeleeProof>false</IsMeleeProof>
			<IsOnlyDamagedByPlayer>false</IsOnlyDamagedByPlayer>
			<PositionRotation>
				<X>-1830.00818</X>
				<Y>-751.690491</Y>
				<Z>8.05436802</Z>
				<Pitch>-1.02948141</Pitch>
				<Roll>0.480274767</Roll>
				<Yaw>-91.6630859</Yaw>
			</PositionRotation>
			<Attachment isAttached="true">
				<AttachedTo>257030</AttachedTo>
				<BoneIndex>0</BoneIndex>
				<X>0</X>
				<Y>-1.90000021</Y>
				<Z>-5.96046448e-08</Z>
				<Pitch>0</Pitch>
				<Roll>0</Roll>
				<Yaw>0</Yaw>
			</Attachment>
		</Attachment>
		<Attachment>
			<ModelHash>0xe591cc5d</ModelHash>
			<Type>3</Type>
			<Dynamic>false</Dynamic>
			<FrozenPos>true</FrozenPos>
			<HashName>hei_prop_heist_drill</HashName>
			<InitialHandle>220454</InitialHandle>
			<ObjectProperties>
				<TextureVariation>0</TextureVariation>
			</ObjectProperties>
			<OpacityLevel>255</OpacityLevel>
			<LodDistance>16960</LodDistance>
			<IsVisible>true</IsVisible>
			<MaxHealth>1000</MaxHealth>
			<Health>1000</Health>
			<HasGravity>true</HasGravity>
			<IsOnFire>false</IsOnFire>
			<IsInvincible>false</IsInvincible>
			<IsBulletProof>false</IsBulletProof>
			<IsCollisionProof>true</IsCollisionProof>
			<IsExplosionProof>false</IsExplosionProof>
			<IsFireProof>false</IsFireProof>
			<IsMeleeProof>false</IsMeleeProof>
			<IsOnlyDamagedByPlayer>false</IsOnlyDamagedByPlayer>
			<PositionRotation>
				<X>-1829.9906</X>
				<Y>-751.090759</Y>
				<Z>8.05939674</Z>
				<Pitch>-1.02948141</Pitch>
				<Roll>0.480274767</Roll>
				<Yaw>-91.6630859</Yaw>
			</PositionRotation>
			<Attachment isAttached="true">
				<AttachedTo>257030</AttachedTo>
				<BoneIndex>0</BoneIndex>
				<X>-0.599999964</X>
				<Y>-1.90000021</Y>
				<Z>-5.96046448e-08</Z>
				<Pitch>0</Pitch>
				<Roll>0</Roll>
				<Yaw>0</Yaw>
			</Attachment>
		</Attachment>
		<Attachment>
			<ModelHash>0xe7088147</ModelHash>
			<Type>3</Type>
			<Dynamic>false</Dynamic>
			<FrozenPos>true</FrozenPos>
			<HashName>prop_beach_lg_surf</HashName>
			<InitialHandle>529450</InitialHandle>
			<ObjectProperties>
				<TextureVariation>0</TextureVariation>
			</ObjectProperties>
			<OpacityLevel>255</OpacityLevel>
			<LodDistance>16960</LodDistance>
			<IsVisible>true</IsVisible>
			<MaxHealth>1000</MaxHealth>
			<Health>1000</Health>
			<HasGravity>true</HasGravity>
			<IsOnFire>false</IsOnFire>
			<IsInvincible>false</IsInvincible>
			<IsBulletProof>false</IsBulletProof>
			<IsCollisionProof>true</IsCollisionProof>
			<IsExplosionProof>false</IsExplosionProof>
			<IsFireProof>false</IsFireProof>
			<IsMeleeProof>false</IsMeleeProof>
			<IsOnlyDamagedByPlayer>false</IsOnlyDamagedByPlayer>
			<PositionRotation>
				<X>-1827.6394</X>
				<Y>-750.484924</Y>
				<Z>8.08666897</Z>
				<Pitch>0.480197012</Pitch>
				<Roll>-178.970459</Roll>
				<Yaw>-1.67173636</Yaw>
			</PositionRotation>
			<Attachment isAttached="true">
				<AttachedTo>257030</AttachedTo>
				<BoneIndex>12</BoneIndex>
				<X>-1.20000005</X>
				<Y>0.199999988</Y>
				<Z>-0.49999997</Z>
				<Pitch>0</Pitch>
				<Roll>-179.999985</Roll>
				<Yaw>89.9999924</Yaw>
			</Attachment>
		</Attachment>
		<Attachment>
			<ModelHash>0xe7088147</ModelHash>
			<Type>3</Type>
			<Dynamic>false</Dynamic>
			<FrozenPos>true</FrozenPos>
			<HashName>prop_beach_lg_surf</HashName>
			<InitialHandle>659242</InitialHandle>
			<ObjectProperties>
				<TextureVariation>0</TextureVariation>
			</ObjectProperties>
			<OpacityLevel>255</OpacityLevel>
			<LodDistance>16960</LodDistance>
			<IsVisible>true</IsVisible>
			<MaxHealth>1000</MaxHealth>
			<Health>1000</Health>
			<HasGravity>true</HasGravity>
			<IsOnFire>false</IsOnFire>
			<IsInvincible>false</IsInvincible>
			<IsBulletProof>false</IsBulletProof>
			<IsCollisionProof>true</IsCollisionProof>
			<IsExplosionProof>false</IsExplosionProof>
			<IsFireProof>false</IsFireProof>
			<IsMeleeProof>false</IsMeleeProof>
			<IsOnlyDamagedByPlayer>false</IsOnlyDamagedByPlayer>
			<PositionRotation>
				<X>-1827.7168</X>
				<Y>-753.132385</Y>
				<Z>8.06447124</Z>
				<Pitch>-0.480197012</Pitch>
				<Roll>178.97049</Roll>
				<Yaw>178.328247</Yaw>
			</PositionRotation>
			<Attachment isAttached="true">
				<AttachedTo>257030</AttachedTo>
				<BoneIndex>16</BoneIndex>
				<X>1.30000007</X>
				<Y>0.199999988</Y>
				<Z>-0.49999997</Z>
				<Pitch>0</Pitch>
				<Roll>-179.999985</Roll>
				<Yaw>-90.0000153</Yaw>
			</Attachment>
		</Attachment>
		<Attachment>
			<ModelHash>0x9026c985</ModelHash>
			<Type>3</Type>
			<Dynamic>false</Dynamic>
			<FrozenPos>true</FrozenPos>
			<HashName>w_ar_railgun</HashName>
			<InitialHandle>321566</InitialHandle>
			<ObjectProperties>
				<TextureVariation>0</TextureVariation>
			</ObjectProperties>
			<OpacityLevel>255</OpacityLevel>
			<LodDistance>16960</LodDistance>
			<IsVisible>true</IsVisible>
			<MaxHealth>1000</MaxHealth>
			<Health>1000</Health>
			<HasGravity>true</HasGravity>
			<IsOnFire>false</IsOnFire>
			<IsInvincible>false</IsInvincible>
			<IsBulletProof>false</IsBulletProof>
			<IsCollisionProof>true</IsCollisionProof>
			<IsExplosionProof>false</IsExplosionProof>
			<IsFireProof>false</IsFireProof>
			<IsMeleeProof>false</IsMeleeProof>
			<IsOnlyDamagedByPlayer>false</IsOnlyDamagedByPlayer>
			<PositionRotation>
				<X>-1827.89783</X>
				<Y>-750.478088</Y>
				<Z>8.17132473</Z>
				<Pitch>-0.480219305</Pitch>
				<Roll>-1.02954006</Roll>
				<Yaw>178.328247</Yaw>
			</PositionRotation>
			<Attachment isAttached="true">
				<AttachedTo>529450</AttachedTo>
				<BoneIndex>0</BoneIndex>
				<X>0.26000002</X>
				<Y>0</Y>
				<Z>-0.0799999908</Z>
				<Pitch>179.999985</Pitch>
				<Roll>0</Roll>
				<Yaw>0</Yaw>
			</Attachment>
		</Attachment>
		<Attachment>
			<ModelHash>0x9026c985</ModelHash>
			<Type>3</Type>
			<Dynamic>false</Dynamic>
			<FrozenPos>true</FrozenPos>
			<HashName>w_ar_railgun</HashName>
			<InitialHandle>581937</InitialHandle>
			<ObjectProperties>
				<TextureVariation>0</TextureVariation>
			</ObjectProperties>
			<OpacityLevel>255</OpacityLevel>
			<LodDistance>16960</LodDistance>
			<IsVisible>true</IsVisible>
			<MaxHealth>1000</MaxHealth>
			<Health>1000</Health>
			<HasGravity>true</HasGravity>
			<IsOnFire>false</IsOnFire>
			<IsInvincible>false</IsInvincible>
			<IsBulletProof>false</IsBulletProof>
			<IsCollisionProof>true</IsCollisionProof>
			<IsExplosionProof>false</IsExplosionProof>
			<IsFireProof>false</IsFireProof>
			<IsMeleeProof>false</IsMeleeProof>
			<IsOnlyDamagedByPlayer>false</IsOnlyDamagedByPlayer>
			<PositionRotation>
				<X>-1827.89197</X>
				<Y>-750.278198</Y>
				<Z>8.17300129</Z>
				<Pitch>-0.480219305</Pitch>
				<Roll>-1.02954006</Roll>
				<Yaw>178.328247</Yaw>
			</PositionRotation>
			<Attachment isAttached="true">
				<AttachedTo>529450</AttachedTo>
				<BoneIndex>0</BoneIndex>
				<X>0.26000002</X>
				<Y>0.199999988</Y>
				<Z>-0.0799999908</Z>
				<Pitch>179.999985</Pitch>
				<Roll>0</Roll>
				<Yaw>0</Yaw>
			</Attachment>
		</Attachment>
		<Attachment>
			<ModelHash>0x9026c985</ModelHash>
			<Type>3</Type>
			<Dynamic>false</Dynamic>
			<FrozenPos>true</FrozenPos>
			<HashName>w_ar_railgun</HashName>
			<InitialHandle>314418</InitialHandle>
			<ObjectProperties>
				<TextureVariation>0</TextureVariation>
			</ObjectProperties>
			<OpacityLevel>255</OpacityLevel>
			<LodDistance>16960</LodDistance>
			<IsVisible>true</IsVisible>
			<MaxHealth>1000</MaxHealth>
			<Health>1000</Health>
			<HasGravity>true</HasGravity>
			<IsOnFire>false</IsOnFire>
			<IsInvincible>false</IsInvincible>
			<IsBulletProof>false</IsBulletProof>
			<IsCollisionProof>true</IsCollisionProof>
			<IsExplosionProof>false</IsExplosionProof>
			<IsFireProof>false</IsFireProof>
			<IsMeleeProof>false</IsMeleeProof>
			<IsOnlyDamagedByPlayer>false</IsOnlyDamagedByPlayer>
			<PositionRotation>
				<X>-1827.88611</X>
				<Y>-750.078247</Y>
				<Z>8.1746769</Z>
				<Pitch>-0.480219305</Pitch>
				<Roll>-1.02954006</Roll>
				<Yaw>178.328247</Yaw>
			</PositionRotation>
			<Attachment isAttached="true">
				<AttachedTo>529450</AttachedTo>
				<BoneIndex>0</BoneIndex>
				<X>0.26000002</X>
				<Y>0.399999976</Y>
				<Z>-0.0799999908</Z>
				<Pitch>179.999985</Pitch>
				<Roll>0</Roll>
				<Yaw>0</Yaw>
			</Attachment>
		</Attachment>
		<Attachment>
			<ModelHash>0x9026c985</ModelHash>
			<Type>3</Type>
			<Dynamic>false</Dynamic>
			<FrozenPos>true</FrozenPos>
			<HashName>w_ar_railgun</HashName>
			<InitialHandle>451890</InitialHandle>
			<ObjectProperties>
				<TextureVariation>0</TextureVariation>
			</ObjectProperties>
			<OpacityLevel>255</OpacityLevel>
			<LodDistance>16960</LodDistance>
			<IsVisible>true</IsVisible>
			<MaxHealth>1000</MaxHealth>
			<Health>1000</Health>
			<HasGravity>true</HasGravity>
			<IsOnFire>false</IsOnFire>
			<IsInvincible>false</IsInvincible>
			<IsBulletProof>false</IsBulletProof>
			<IsCollisionProof>true</IsCollisionProof>
			<IsExplosionProof>false</IsExplosionProof>
			<IsFireProof>false</IsFireProof>
			<IsMeleeProof>false</IsMeleeProof>
			<IsOnlyDamagedByPlayer>false</IsOnlyDamagedByPlayer>
			<PositionRotation>
				<X>-1827.88037</X>
				<Y>-749.878357</Y>
				<Z>8.17635345</Z>
				<Pitch>-0.480219305</Pitch>
				<Roll>-1.02954006</Roll>
				<Yaw>178.328247</Yaw>
			</PositionRotation>
			<Attachment isAttached="true">
				<AttachedTo>529450</AttachedTo>
				<BoneIndex>0</BoneIndex>
				<X>0.26000002</X>
				<Y>0.599999964</Y>
				<Z>-0.0799999908</Z>
				<Pitch>179.999985</Pitch>
				<Roll>0</Roll>
				<Yaw>0</Yaw>
			</Attachment>
		</Attachment>
		<Attachment>
			<ModelHash>0xc89630b8</ModelHash>
			<Type>3</Type>
			<Dynamic>false</Dynamic>
			<FrozenPos>true</FrozenPos>
			<HashName>prop_minigun_01</HashName>
			<InitialHandle>174131</InitialHandle>
			<ObjectProperties>
				<TextureVariation>0</TextureVariation>
			</ObjectProperties>
			<OpacityLevel>255</OpacityLevel>
			<LodDistance>16960</LodDistance>
			<IsVisible>true</IsVisible>
			<MaxHealth>1000</MaxHealth>
			<Health>1000</Health>
			<HasGravity>true</HasGravity>
			<IsOnFire>false</IsOnFire>
			<IsInvincible>false</IsInvincible>
			<IsBulletProof>false</IsBulletProof>
			<IsCollisionProof>false</IsCollisionProof>
			<IsExplosionProof>false</IsExplosionProof>
			<IsFireProof>false</IsFireProof>
			<IsMeleeProof>false</IsMeleeProof>
			<IsOnlyDamagedByPlayer>false</IsOnlyDamagedByPlayer>
			<PositionRotation>
				<X>-1827.12805</X>
				<Y>-750.099609</Y>
				<Z>8.08103752</Z>
				<Pitch>-0.48019737</Pitch>
				<Roll>178.970459</Roll>
				<Yaw>178.328278</Yaw>
			</PositionRotation>
			<Attachment isAttached="true">
				<AttachedTo>529450</AttachedTo>
				<BoneIndex>0</BoneIndex>
				<X>-0.49999997</X>
				<Y>0.399999976</Y>
				<Z>0</Z>
				<Pitch>0</Pitch>
				<Roll>0</Roll>
				<Yaw>179.999985</Yaw>
			</Attachment>
		</Attachment>
		<Attachment>
			<ModelHash>0xc89630b8</ModelHash>
			<Type>3</Type>
			<Dynamic>false</Dynamic>
			<FrozenPos>true</FrozenPos>
			<HashName>prop_minigun_01</HashName>
			<InitialHandle>367157</InitialHandle>
			<ObjectProperties>
				<TextureVariation>0</TextureVariation>
			</ObjectProperties>
			<OpacityLevel>255</OpacityLevel>
			<LodDistance>16960</LodDistance>
			<IsVisible>true</IsVisible>
			<MaxHealth>1000</MaxHealth>
			<Health>1000</Health>
			<HasGravity>true</HasGravity>
			<IsOnFire>false</IsOnFire>
			<IsInvincible>false</IsInvincible>
			<IsBulletProof>false</IsBulletProof>
			<IsCollisionProof>false</IsCollisionProof>
			<IsExplosionProof>false</IsExplosionProof>
			<IsFireProof>false</IsFireProof>
			<IsMeleeProof>false</IsMeleeProof>
			<IsOnlyDamagedByPlayer>false</IsOnlyDamagedByPlayer>
			<PositionRotation>
				<X>-1827.13965</X>
				<Y>-750.499451</Y>
				<Z>8.07768536</Z>
				<Pitch>-0.48019737</Pitch>
				<Roll>178.970459</Roll>
				<Yaw>178.328278</Yaw>
			</PositionRotation>
			<Attachment isAttached="true">
				<AttachedTo>529450</AttachedTo>
				<BoneIndex>0</BoneIndex>
				<X>-0.49999997</X>
				<Y>0</Y>
				<Z>0</Z>
				<Pitch>0</Pitch>
				<Roll>0</Roll>
				<Yaw>179.999985</Yaw>
			</Attachment>
		</Attachment>
		<Attachment>
			<ModelHash>0x9026c985</ModelHash>
			<Type>3</Type>
			<Dynamic>false</Dynamic>
			<FrozenPos>true</FrozenPos>
			<HashName>w_ar_railgun</HashName>
			<InitialHandle>500782</InitialHandle>
			<ObjectProperties>
				<TextureVariation>0</TextureVariation>
			</ObjectProperties>
			<OpacityLevel>255</OpacityLevel>
			<LodDistance>16960</LodDistance>
			<IsVisible>true</IsVisible>
			<MaxHealth>1000</MaxHealth>
			<Health>1000</Health>
			<HasGravity>true</HasGravity>
			<IsOnFire>false</IsOnFire>
			<IsInvincible>false</IsInvincible>
			<IsBulletProof>false</IsBulletProof>
			<IsCollisionProof>true</IsCollisionProof>
			<IsExplosionProof>false</IsExplosionProof>
			<IsFireProof>false</IsFireProof>
			<IsMeleeProof>false</IsMeleeProof>
			<IsOnlyDamagedByPlayer>false</IsOnlyDamagedByPlayer>
			<PositionRotation>
				<X>-1827.96094</X>
				<Y>-753.326111</Y>
				<Z>8.15708923</Z>
				<Pitch>-0.480175078</Pitch>
				<Roll>-1.02949512</Roll>
				<Yaw>178.328278</Yaw>
			</PositionRotation>
			<Attachment isAttached="true">
				<AttachedTo>659242</AttachedTo>
				<BoneIndex>0</BoneIndex>
				<X>-0.240000039</X>
				<Y>0.199999988</Y>
				<Z>-0.0899999887</Z>
				<Pitch>-179.999985</Pitch>
				<Roll>0</Roll>
				<Yaw>179.999985</Yaw>
			</Attachment>
		</Attachment>
		<Attachment>
			<ModelHash>0x9026c985</ModelHash>
			<Type>3</Type>
			<Dynamic>false</Dynamic>
			<FrozenPos>true</FrozenPos>
			<HashName>w_ar_railgun</HashName>
			<InitialHandle>528686</InitialHandle>
			<ObjectProperties>
				<TextureVariation>0</TextureVariation>
			</ObjectProperties>
			<OpacityLevel>255</OpacityLevel>
			<LodDistance>16960</LodDistance>
			<IsVisible>true</IsVisible>
			<MaxHealth>1000</MaxHealth>
			<Health>1000</Health>
			<HasGravity>true</HasGravity>
			<IsOnFire>false</IsOnFire>
			<IsInvincible>false</IsInvincible>
			<IsBulletProof>false</IsBulletProof>
			<IsCollisionProof>true</IsCollisionProof>
			<IsExplosionProof>false</IsExplosionProof>
			<IsFireProof>false</IsFireProof>
			<IsMeleeProof>false</IsMeleeProof>
			<IsOnlyDamagedByPlayer>false</IsOnlyDamagedByPlayer>
			<PositionRotation>
				<X>-1827.96667</X>
				<Y>-753.526062</Y>
				<Z>8.15541267</Z>
				<Pitch>-0.480175078</Pitch>
				<Roll>-1.02949512</Roll>
				<Yaw>178.328278</Yaw>
			</PositionRotation>
			<Attachment isAttached="true">
				<AttachedTo>659242</AttachedTo>
				<BoneIndex>0</BoneIndex>
				<X>-0.240000039</X>
				<Y>0.399999976</Y>
				<Z>-0.0899999887</Z>
				<Pitch>-179.999985</Pitch>
				<Roll>0</Roll>
				<Yaw>179.999985</Yaw>
			</Attachment>
		</Attachment>
		<Attachment>
			<ModelHash>0x9026c985</ModelHash>
			<Type>3</Type>
			<Dynamic>false</Dynamic>
			<FrozenPos>true</FrozenPos>
			<HashName>w_ar_railgun</HashName>
			<InitialHandle>761900</InitialHandle>
			<ObjectProperties>
				<TextureVariation>0</TextureVariation>
			</ObjectProperties>
			<OpacityLevel>255</OpacityLevel>
			<LodDistance>16960</LodDistance>
			<IsVisible>true</IsVisible>
			<MaxHealth>1000</MaxHealth>
			<Health>1000</Health>
			<HasGravity>true</HasGravity>
			<IsOnFire>false</IsOnFire>
			<IsInvincible>false</IsInvincible>
			<IsBulletProof>false</IsBulletProof>
			<IsCollisionProof>true</IsCollisionProof>
			<IsExplosionProof>false</IsExplosionProof>
			<IsFireProof>false</IsFireProof>
			<IsMeleeProof>false</IsMeleeProof>
			<IsOnlyDamagedByPlayer>false</IsOnlyDamagedByPlayer>
			<PositionRotation>
				<X>-1827.97253</X>
				<Y>-753.725952</Y>
				<Z>8.15373707</Z>
				<Pitch>-0.480175078</Pitch>
				<Roll>-1.02949512</Roll>
				<Yaw>178.328278</Yaw>
			</PositionRotation>
			<Attachment isAttached="true">
				<AttachedTo>659242</AttachedTo>
				<BoneIndex>0</BoneIndex>
				<X>-0.240000039</X>
				<Y>0.599999964</Y>
				<Z>-0.0899999887</Z>
				<Pitch>-179.999985</Pitch>
				<Roll>0</Roll>
				<Yaw>179.999985</Yaw>
			</Attachment>
		</Attachment>
		<Attachment>
			<ModelHash>0xc89630b8</ModelHash>
			<Type>3</Type>
			<Dynamic>false</Dynamic>
			<FrozenPos>true</FrozenPos>
			<HashName>prop_minigun_01</HashName>
			<InitialHandle>486680</InitialHandle>
			<ObjectProperties>
				<TextureVariation>0</TextureVariation>
			</ObjectProperties>
			<OpacityLevel>255</OpacityLevel>
			<LodDistance>16960</LodDistance>
			<IsVisible>true</IsVisible>
			<MaxHealth>1000</MaxHealth>
			<Health>1000</Health>
			<HasGravity>true</HasGravity>
			<IsOnFire>false</IsOnFire>
			<IsInvincible>false</IsInvincible>
			<IsBulletProof>false</IsBulletProof>
			<IsCollisionProof>false</IsCollisionProof>
			<IsExplosionProof>false</IsExplosionProof>
			<IsFireProof>false</IsFireProof>
			<IsMeleeProof>false</IsMeleeProof>
			<IsOnlyDamagedByPlayer>false</IsOnlyDamagedByPlayer>
			<PositionRotation>
				<X>-1827.21704</X>
				<Y>-753.146912</Y>
				<Z>8.05548763</Z>
				<Pitch>-0.480197012</Pitch>
				<Roll>178.97049</Roll>
				<Yaw>178.328247</Yaw>
			</PositionRotation>
			<Attachment isAttached="true">
				<AttachedTo>659242</AttachedTo>
				<BoneIndex>0</BoneIndex>
				<X>0.499999911</X>
				<Y>0</Y>
				<Z>0</Z>
				<Pitch>0</Pitch>
				<Roll>0</Roll>
				<Yaw>0</Yaw>
			</Attachment>
		</Attachment>
		<Attachment>
			<ModelHash>0xc89630b8</ModelHash>
			<Type>3</Type>
			<Dynamic>false</Dynamic>
			<FrozenPos>true</FrozenPos>
			<HashName>prop_minigun_01</HashName>
			<InitialHandle>171559</InitialHandle>
			<ObjectProperties>
				<TextureVariation>0</TextureVariation>
			</ObjectProperties>
			<OpacityLevel>255</OpacityLevel>
			<LodDistance>16960</LodDistance>
			<IsVisible>true</IsVisible>
			<MaxHealth>1000</MaxHealth>
			<Health>1000</Health>
			<HasGravity>true</HasGravity>
			<IsOnFire>false</IsOnFire>
			<IsInvincible>false</IsInvincible>
			<IsBulletProof>false</IsBulletProof>
			<IsCollisionProof>false</IsCollisionProof>
			<IsExplosionProof>false</IsExplosionProof>
			<IsFireProof>false</IsFireProof>
			<IsMeleeProof>false</IsMeleeProof>
			<IsOnlyDamagedByPlayer>false</IsOnlyDamagedByPlayer>
			<PositionRotation>
				<X>-1827.22876</X>
				<Y>-753.546692</Y>
				<Z>8.05213547</Z>
				<Pitch>-0.480197012</Pitch>
				<Roll>178.97049</Roll>
				<Yaw>178.328247</Yaw>
			</PositionRotation>
			<Attachment isAttached="true">
				<AttachedTo>659242</AttachedTo>
				<BoneIndex>0</BoneIndex>
				<X>0.499999911</X>
				<Y>0.399999976</Y>
				<Z>0</Z>
				<Pitch>0</Pitch>
				<Roll>0</Roll>
				<Yaw>0</Yaw>
			</Attachment>
		</Attachment>
		<Attachment>
			<ModelHash>0x9026c985</ModelHash>
			<Type>3</Type>
			<Dynamic>false</Dynamic>
			<FrozenPos>true</FrozenPos>
			<HashName>w_ar_railgun</HashName>
			<InitialHandle>3375</InitialHandle>
			<ObjectProperties>
				<TextureVariation>0</TextureVariation>
			</ObjectProperties>
			<OpacityLevel>255</OpacityLevel>
			<LodDistance>16960</LodDistance>
			<IsVisible>true</IsVisible>
			<MaxHealth>1000</MaxHealth>
			<Health>1000</Health>
			<HasGravity>true</HasGravity>
			<IsOnFire>false</IsOnFire>
			<IsInvincible>false</IsInvincible>
			<IsBulletProof>false</IsBulletProof>
			<IsCollisionProof>true</IsCollisionProof>
			<IsExplosionProof>false</IsExplosionProof>
			<IsFireProof>false</IsFireProof>
			<IsMeleeProof>false</IsMeleeProof>
			<IsOnlyDamagedByPlayer>false</IsOnlyDamagedByPlayer>
			<PositionRotation>
				<X>-1827.95508</X>
				<Y>-753.126221</Y>
				<Z>8.15876579</Z>
				<Pitch>-0.480175078</Pitch>
				<Roll>-1.02949512</Roll>
				<Yaw>178.328278</Yaw>
			</PositionRotation>
			<Attachment isAttached="true">
				<AttachedTo>659242</AttachedTo>
				<BoneIndex>0</BoneIndex>
				<X>-0.240000039</X>
				<Y>0</Y>
				<Z>-0.0899999887</Z>
				<Pitch>-179.999985</Pitch>
				<Roll>0</Roll>
				<Yaw>179.999985</Yaw>
			</Attachment>
		</Attachment>
	</SpoonerAttachments>
</Vehicle>
