<?xml version="1.0" encoding="ISO-8859-1"?>
<Vehicle menyoo_ver="0.999859b">
	<ModelHash>0xb9210fd0</ModelHash>
	<InitialHandle>727042</InitialHandle>
	<VehicleProperties>
		<Colours>
			<Primary>1</Primary>
			<Secondary>1</Secondary>
			<Pearl>18</Pearl>
			<Rim>156</Rim>
			<Mod1_a>6</Mod1_a>
			<Mod1_b>-1</Mod1_b>
			<Mod1_c>-1</Mod1_c>
			<Mod2_a>6</Mod2_a>
			<Mod2_b>-1</Mod2_b>
			<IsPrimaryColourCustom>false</IsPrimaryColourCustom>
			<IsSecondaryColourCustom>false</IsSecondaryColourCustom>
			<tyreSmoke_R>255</tyreSmoke_R>
			<tyreSmoke_G>255</tyreSmoke_G>
			<tyreSmoke_B>255</tyreSmoke_B>
			<LrInterior>0</LrInterior>
			<LrDashboard>0</LrDashboard>
		</Colours>
		<Livery>-1</Livery>
		<NumberPlateText>46DWP995</NumberPlateText>
		<NumberPlateIndex>1</NumberPlateIndex>
		<WheelType>3</WheelType>
		<WheelsInvisible>false</WheelsInvisible>
		<EngineSoundName>DUNE2</EngineSoundName>
		<WindowTint>-1</WindowTint>
		<BulletProofTyres>true</BulletProofTyres>
		<DirtLevel>5.54063702</DirtLevel>
		<PaintFade>0.298039228</PaintFade>
		<RoofState>0</RoofState>
		<SirenActive>false</SirenActive>
		<EngineOn>true</EngineOn>
		<EngineHealth>1000</EngineHealth>
		<LightsOn>false</LightsOn>
		<IsRadioLoud>0</IsRadioLoud>
		<Neons>
			<Left>false</Left>
			<Right>false</Right>
			<Front>false</Front>
			<Back>false</Back>
			<R>255</R>
			<G>0</G>
			<B>255</B>
		</Neons>
		<ModExtras>
			<_1>true</_1>
			<_2>false</_2>
			<_3>false</_3>
			<_11>true</_11>
			<_12>false</_12>
		</ModExtras>
		<Mods>
			<_0>-1,0</_0>
			<_1>-1,0</_1>
			<_2>-1,0</_2>
			<_3>-1,0</_3>
			<_4>-1,0</_4>
			<_5>-1,0</_5>
			<_6>-1,0</_6>
			<_7>-1,0</_7>
			<_8>-1,0</_8>
			<_9>-1,0</_9>
			<_10>-1,0</_10>
			<_11>3,0</_11>
			<_12>2,0</_12>
			<_13>2,0</_13>
			<_14>-1,0</_14>
			<_15>-1,0</_15>
			<_16>4,0</_16>
			<_17>false</_17>
			<_18>true</_18>
			<_19>false</_19>
			<_20>false</_20>
			<_21>false</_21>
			<_22>true</_22>
			<_23>-1,0</_23>
			<_24>-1,0</_24>
			<_25>-1,0</_25>
			<_26>-1,0</_26>
			<_27>-1,0</_27>
			<_28>-1,0</_28>
			<_29>-1,0</_29>
			<_30>-1,0</_30>
			<_31>-1,0</_31>
			<_32>-1,0</_32>
			<_33>-1,0</_33>
			<_34>-1,0</_34>
			<_35>-1,0</_35>
			<_36>-1,0</_36>
			<_37>-1,0</_37>
			<_38>-1,0</_38>
			<_39>-1,0</_39>
			<_40>-1,0</_40>
			<_41>-1,0</_41>
			<_42>-1,0</_42>
			<_43>-1,0</_43>
			<_44>-1,0</_44>
			<_45>-1,0</_45>
			<_46>-1,0</_46>
			<_47>-1,0</_47>
			<_48>-1,0</_48>
		</Mods>
		<DoorsOpen>
			<BackLeftDoor>false</BackLeftDoor>
			<BackRightDoor>false</BackRightDoor>
			<FrontLeftDoor>false</FrontLeftDoor>
			<FrontRightDoor>false</FrontRightDoor>
			<Hood>false</Hood>
			<Trunk>false</Trunk>
			<Trunk2>false</Trunk2>
		</DoorsOpen>
		<DoorsBroken>
			<BackLeftDoor>false</BackLeftDoor>
			<BackRightDoor>false</BackRightDoor>
			<FrontLeftDoor>false</FrontLeftDoor>
			<FrontRightDoor>false</FrontRightDoor>
			<Hood>false</Hood>
			<Trunk>false</Trunk>
			<Trunk2>false</Trunk2>
		</DoorsBroken>
		<TyresBursted>
			<FrontLeft>false</FrontLeft>
			<FrontRight>false</FrontRight>
			<_2>false</_2>
			<_3>false</_3>
			<BackLeft>false</BackLeft>
			<BackRight>false</BackRight>
			<_6>false</_6>
			<_7>false</_7>
			<_8>false</_8>
		</TyresBursted>
		<RpmMultiplier>3.99999857</RpmMultiplier>
		<TorqueMultiplier>3.99999857</TorqueMultiplier>
		<HeadlightIntensity>1</HeadlightIntensity>
	</VehicleProperties>
	<OpacityLevel>255</OpacityLevel>
	<LodDistance>16960</LodDistance>
	<IsVisible>false</IsVisible>
	<IsDriverVisible>true</IsDriverVisible>
	<MaxHealth>1000</MaxHealth>
	<Health>1000</Health>
	<IsOnFire>false</IsOnFire>
	<IsInvincible>true</IsInvincible>
	<IsBulletProof>true</IsBulletProof>
	<IsExplosionProof>true</IsExplosionProof>
	<IsFireProof>false</IsFireProof>
	<IsMeleeProof>true</IsMeleeProof>
	<IsOnlyDamagedByPlayer>false</IsOnlyDamagedByPlayer>
	<SpoonerAttachments SetAttachmentsPersistentAndAddToSpoonerDatabase="true">
		<Attachment>
			<ModelHash>0x3dee5eda</ModelHash>
			<Type>2</Type>
			<Dynamic>true</Dynamic>
			<HashName>Blista Compact</HashName>
			<InitialHandle>727298</InitialHandle>
			<VehicleProperties>
				<Colours>
					<Primary>6</Primary>
					<Secondary>6</Secondary>
					<Pearl>0</Pearl>
					<Rim>0</Rim>
					<Mod1_a>6</Mod1_a>
					<Mod1_b>-1</Mod1_b>
					<Mod1_c>-1</Mod1_c>
					<Mod2_a>6</Mod2_a>
					<Mod2_b>-1</Mod2_b>
					<IsPrimaryColourCustom>false</IsPrimaryColourCustom>
					<IsSecondaryColourCustom>false</IsSecondaryColourCustom>
					<tyreSmoke_R>255</tyreSmoke_R>
					<tyreSmoke_G>255</tyreSmoke_G>
					<tyreSmoke_B>255</tyreSmoke_B>
					<LrInterior>0</LrInterior>
					<LrDashboard>0</LrDashboard>
				</Colours>
				<Livery>-1</Livery>
				<NumberPlateText>BAC2DFUT</NumberPlateText>
				<NumberPlateIndex>1</NumberPlateIndex>
				<WheelType>4</WheelType>
				<WheelsInvisible>false</WheelsInvisible>
				<EngineSoundName></EngineSoundName>
				<WindowTint>3</WindowTint>
				<BulletProofTyres>false</BulletProofTyres>
				<DirtLevel>0</DirtLevel>
				<PaintFade>0.298039228</PaintFade>
				<RoofState>0</RoofState>
				<SirenActive>false</SirenActive>
				<EngineOn>true</EngineOn>
				<EngineHealth>1000</EngineHealth>
				<LightsOn>true</LightsOn>
				<IsRadioLoud>0</IsRadioLoud>
				<Neons>
					<Left>false</Left>
					<Right>false</Right>
					<Front>false</Front>
					<Back>false</Back>
					<R>255</R>
					<G>0</G>
					<B>255</B>
				</Neons>
				<DoorsOpen>
					<BackLeftDoor>false</BackLeftDoor>
					<BackRightDoor>false</BackRightDoor>
					<FrontLeftDoor>false</FrontLeftDoor>
					<FrontRightDoor>false</FrontRightDoor>
					<Hood>false</Hood>
					<Trunk>false</Trunk>
					<Trunk2>false</Trunk2>
				</DoorsOpen>
				<DoorsBroken>
					<BackLeftDoor>false</BackLeftDoor>
					<BackRightDoor>false</BackRightDoor>
					<FrontLeftDoor>false</FrontLeftDoor>
					<FrontRightDoor>false</FrontRightDoor>
					<Hood>false</Hood>
					<Trunk>false</Trunk>
					<Trunk2>false</Trunk2>
				</DoorsBroken>
				<TyresBursted>
					<FrontLeft>true</FrontLeft>
					<FrontRight>true</FrontRight>
					<_2>false</_2>
					<_3>false</_3>
					<BackLeft>true</BackLeft>
					<BackRight>true</BackRight>
					<_6>true</_6>
					<_7>true</_7>
					<_8>false</_8>
				</TyresBursted>
				<RpmMultiplier>1</RpmMultiplier>
				<TorqueMultiplier>1</TorqueMultiplier>
				<HeadlightIntensity>1</HeadlightIntensity>
				<ModExtras>
					<_2>true</_2>
				</ModExtras>
				<Mods>
					<_0>-1,0</_0>
					<_1>-1,0</_1>
					<_2>-1,0</_2>
					<_3>0,0</_3>
					<_4>0,0</_4>
					<_5>0,0</_5>
					<_6>-1,0</_6>
					<_7>-1,0</_7>
					<_8>-1,0</_8>
					<_9>-1,0</_9>
					<_10>-1,0</_10>
					<_11>-1,0</_11>
					<_12>-1,0</_12>
					<_13>-1,0</_13>
					<_14>-1,0</_14>
					<_15>-1,0</_15>
					<_16>4,0</_16>
					<_17>false</_17>
					<_18>false</_18>
					<_19>false</_19>
					<_20>false</_20>
					<_21>false</_21>
					<_22>true</_22>
					<_23>1,0</_23>
					<_24>-1,0</_24>
					<_25>-1,0</_25>
					<_26>-1,0</_26>
					<_27>-1,0</_27>
					<_28>-1,0</_28>
					<_29>-1,0</_29>
					<_30>-1,0</_30>
					<_31>-1,0</_31>
					<_32>-1,0</_32>
					<_33>-1,0</_33>
					<_34>-1,0</_34>
					<_35>-1,0</_35>
					<_36>-1,0</_36>
					<_37>-1,0</_37>
					<_38>-1,0</_38>
					<_39>-1,0</_39>
					<_40>-1,0</_40>
					<_41>-1,0</_41>
					<_42>-1,0</_42>
					<_43>-1,0</_43>
					<_44>-1,0</_44>
					<_45>-1,0</_45>
					<_46>-1,0</_46>
					<_47>-1,0</_47>
					<_48>-1,0</_48>
				</Mods>
			</VehicleProperties>
			<OpacityLevel>255</OpacityLevel>
			<LodDistance>16960</LodDistance>
			<IsVisible>true</IsVisible>
			<MaxHealth>1000</MaxHealth>
			<Health>999</Health>
			<IsOnFire>false</IsOnFire>
			<IsInvincible>true</IsInvincible>
			<IsBulletProof>false</IsBulletProof>
			<IsCollisionProof>true</IsCollisionProof>
			<IsExplosionProof>true</IsExplosionProof>
			<IsFireProof>true</IsFireProof>
			<IsMeleeProof>true</IsMeleeProof>
			<IsOnlyDamagedByPlayer>false</IsOnlyDamagedByPlayer>
			<PositionRotation>
				<X>-741.439514</X>
				<Y>107.365891</Y>
				<Z>56.109539</Z>
				<Pitch>1.151425</Pitch>
				<Roll>1.02710855</Roll>
				<Yaw>99.5136795</Yaw>
			</PositionRotation>
			<Attachment isAttached="true">
				<AttachedTo>727042</AttachedTo>
				<BoneIndex>0</BoneIndex>
				<X>-0.170000002</X>
				<Y>0.769999564</Y>
				<Z>0.359999955</Z>
				<Pitch>0</Pitch>
				<Roll>0</Roll>
				<Yaw>0</Yaw>
			</Attachment>
		</Attachment>
		<Attachment>
			<ModelHash>0x3086f33b</ModelHash>
			<Type>3</Type>
			<Dynamic>false</Dynamic>
			<HashName>prop_tornado_wheel</HashName>
			<InitialHandle>727554</InitialHandle>
			<ObjectProperties>
				<TextureVariation>0</TextureVariation>
			</ObjectProperties>
			<OpacityLevel>255</OpacityLevel>
			<LodDistance>16960</LodDistance>
			<IsVisible>true</IsVisible>
			<MaxHealth>1000</MaxHealth>
			<Health>0</Health>
			<IsOnFire>false</IsOnFire>
			<IsInvincible>true</IsInvincible>
			<IsBulletProof>false</IsBulletProof>
			<IsCollisionProof>true</IsCollisionProof>
			<IsExplosionProof>true</IsExplosionProof>
			<IsFireProof>true</IsFireProof>
			<IsMeleeProof>true</IsMeleeProof>
			<IsOnlyDamagedByPlayer>false</IsOnlyDamagedByPlayer>
			<PositionRotation>
				<X>-740.238281</X>
				<Y>108.443199</Y>
				<Z>55.7365379</Z>
				<Pitch>1.15142512</Pitch>
				<Roll>91.0270844</Roll>
				<Yaw>99.5136871</Yaw>
			</PositionRotation>
			<Attachment isAttached="true">
				<AttachedTo>727042</AttachedTo>
				<BoneIndex>0</BoneIndex>
				<X>0.69999969</X>
				<Y>-0.599999905</Y>
				<Z>0.0300000366</Z>
				<Pitch>0</Pitch>
				<Roll>89.9999924</Roll>
				<Yaw>0</Yaw>
			</Attachment>
		</Attachment>
		<Attachment>
			<ModelHash>0x3086f33b</ModelHash>
			<Type>3</Type>
			<Dynamic>false</Dynamic>
			<HashName>prop_tornado_wheel</HashName>
			<InitialHandle>727810</InitialHandle>
			<ObjectProperties>
				<TextureVariation>0</TextureVariation>
			</ObjectProperties>
			<OpacityLevel>255</OpacityLevel>
			<LodDistance>16960</LodDistance>
			<IsVisible>true</IsVisible>
			<MaxHealth>1000</MaxHealth>
			<Health>1000</Health>
			<IsOnFire>false</IsOnFire>
			<IsInvincible>true</IsInvincible>
			<IsBulletProof>false</IsBulletProof>
			<IsCollisionProof>true</IsCollisionProof>
			<IsExplosionProof>true</IsExplosionProof>
			<IsFireProof>true</IsFireProof>
			<IsMeleeProof>true</IsMeleeProof>
			<IsOnlyDamagedByPlayer>false</IsOnlyDamagedByPlayer>
			<PositionRotation>
				<X>-739.956909</X>
				<Y>106.766739</Y>
				<Z>55.7570076</Z>
				<Pitch>1.15142512</Pitch>
				<Roll>91.0270844</Roll>
				<Yaw>99.5136871</Yaw>
			</PositionRotation>
			<Attachment isAttached="true">
				<AttachedTo>727042</AttachedTo>
				<BoneIndex>0</BoneIndex>
				<X>-0.999999404</X>
				<Y>-0.599999905</Y>
				<Z>0.0200000368</Z>
				<Pitch>0</Pitch>
				<Roll>89.9999924</Roll>
				<Yaw>0</Yaw>
			</Attachment>
		</Attachment>
		<Attachment>
			<ModelHash>0x3086f33b</ModelHash>
			<Type>3</Type>
			<Dynamic>false</Dynamic>
			<HashName>prop_tornado_wheel</HashName>
			<InitialHandle>728066</InitialHandle>
			<ObjectProperties>
				<TextureVariation>0</TextureVariation>
			</ObjectProperties>
			<OpacityLevel>255</OpacityLevel>
			<LodDistance>16960</LodDistance>
			<IsVisible>true</IsVisible>
			<MaxHealth>1000</MaxHealth>
			<Health>1000</Health>
			<IsOnFire>false</IsOnFire>
			<IsInvincible>true</IsInvincible>
			<IsBulletProof>false</IsBulletProof>
			<IsCollisionProof>true</IsCollisionProof>
			<IsExplosionProof>true</IsExplosionProof>
			<IsFireProof>true</IsFireProof>
			<IsMeleeProof>true</IsMeleeProof>
			<IsOnlyDamagedByPlayer>false</IsOnlyDamagedByPlayer>
			<PositionRotation>
				<X>-742.94989</X>
				<Y>107.988762</Y>
				<Z>55.7917976</Z>
				<Pitch>1.15142512</Pitch>
				<Roll>91.0270844</Roll>
				<Yaw>99.5136871</Yaw>
			</PositionRotation>
			<Attachment isAttached="true">
				<AttachedTo>727042</AttachedTo>
				<BoneIndex>0</BoneIndex>
				<X>0.69999969</X>
				<Y>2.14999819</Y>
				<Z>0.0300000366</Z>
				<Pitch>0</Pitch>
				<Roll>89.9999924</Roll>
				<Yaw>0</Yaw>
			</Attachment>
		</Attachment>
		<Attachment>
			<ModelHash>0x3086f33b</ModelHash>
			<Type>3</Type>
			<Dynamic>false</Dynamic>
			<HashName>prop_tornado_wheel</HashName>
			<InitialHandle>728322</InitialHandle>
			<ObjectProperties>
				<TextureVariation>0</TextureVariation>
			</ObjectProperties>
			<OpacityLevel>255</OpacityLevel>
			<LodDistance>16960</LodDistance>
			<IsVisible>true</IsVisible>
			<MaxHealth>1000</MaxHealth>
			<Health>1000</Health>
			<IsOnFire>false</IsOnFire>
			<IsInvincible>true</IsInvincible>
			<IsBulletProof>false</IsBulletProof>
			<IsCollisionProof>true</IsCollisionProof>
			<IsExplosionProof>true</IsExplosionProof>
			<IsFireProof>true</IsFireProof>
			<IsMeleeProof>true</IsMeleeProof>
			<IsOnlyDamagedByPlayer>false</IsOnlyDamagedByPlayer>
			<PositionRotation>
				<X>-742.661743</X>
				<Y>106.273071</Y>
				<Z>55.8229828</Z>
				<Pitch>1.15142512</Pitch>
				<Roll>91.0270844</Roll>
				<Yaw>99.5136871</Yaw>
			</PositionRotation>
			<Attachment isAttached="true">
				<AttachedTo>727042</AttachedTo>
				<BoneIndex>0</BoneIndex>
				<X>-1.04000056</X>
				<Y>2.14999819</Y>
				<Z>0.0300000366</Z>
				<Pitch>0</Pitch>
				<Roll>89.9999924</Roll>
				<Yaw>0</Yaw>
			</Attachment>
		</Attachment>
		<Attachment>
			<ModelHash>0x1f036a32</ModelHash>
			<Type>3</Type>
			<Dynamic>false</Dynamic>
			<HashName>w_am_digiscanner</HashName>
			<InitialHandle>728578</InitialHandle>
			<ObjectProperties>
				<TextureVariation>0</TextureVariation>
			</ObjectProperties>
			<OpacityLevel>255</OpacityLevel>
			<LodDistance>16960</LodDistance>
			<IsVisible>true</IsVisible>
			<MaxHealth>1000</MaxHealth>
			<Health>1000</Health>
			<IsOnFire>false</IsOnFire>
			<IsInvincible>true</IsInvincible>
			<IsBulletProof>false</IsBulletProof>
			<IsCollisionProof>true</IsCollisionProof>
			<IsExplosionProof>true</IsExplosionProof>
			<IsFireProof>true</IsFireProof>
			<IsMeleeProof>true</IsMeleeProof>
			<IsOnlyDamagedByPlayer>false</IsOnlyDamagedByPlayer>
			<PositionRotation>
				<X>-740.332825</X>
				<Y>108.431709</Y>
				<Z>55.9784622</Z>
				<Pitch>-1.15142655</Pitch>
				<Roll>38.9728851</Roll>
				<Yaw>-80.4862747</Yaw>
			</PositionRotation>
			<Attachment isAttached="true">
				<AttachedTo>727042</AttachedTo>
				<BoneIndex>0</BoneIndex>
				<X>0.700000167</X>
				<Y>-0.50000006</Y>
				<Z>0.269999981</Z>
				<Pitch>0</Pitch>
				<Roll>40.0000038</Roll>
				<Yaw>180.000031</Yaw>
			</Attachment>
		</Attachment>
		<Attachment>
			<ModelHash>0x1f036a32</ModelHash>
			<Type>3</Type>
			<Dynamic>false</Dynamic>
			<HashName>w_am_digiscanner</HashName>
			<InitialHandle>728834</InitialHandle>
			<ObjectProperties>
				<TextureVariation>0</TextureVariation>
			</ObjectProperties>
			<OpacityLevel>255</OpacityLevel>
			<LodDistance>16960</LodDistance>
			<IsVisible>true</IsVisible>
			<MaxHealth>1000</MaxHealth>
			<Health>1000</Health>
			<IsOnFire>false</IsOnFire>
			<IsInvincible>true</IsInvincible>
			<IsBulletProof>false</IsBulletProof>
			<IsCollisionProof>true</IsCollisionProof>
			<IsExplosionProof>true</IsExplosionProof>
			<IsFireProof>true</IsFireProof>
			<IsMeleeProof>true</IsMeleeProof>
			<IsOnlyDamagedByPlayer>false</IsOnlyDamagedByPlayer>
			<PositionRotation>
				<X>-740.13562</X>
				<Y>108.46476</Y>
				<Z>55.9744415</Z>
				<Pitch>-1.15142655</Pitch>
				<Roll>38.9728851</Roll>
				<Yaw>-80.4862747</Yaw>
			</PositionRotation>
			<Attachment isAttached="true">
				<AttachedTo>727042</AttachedTo>
				<BoneIndex>0</BoneIndex>
				<X>0.700000167</X>
				<Y>-0.699999869</Y>
				<Z>0.269999981</Z>
				<Pitch>0</Pitch>
				<Roll>40.0000038</Roll>
				<Yaw>180.000031</Yaw>
			</Attachment>
		</Attachment>
		<Attachment>
			<ModelHash>0x1f036a32</ModelHash>
			<Type>3</Type>
			<Dynamic>false</Dynamic>
			<HashName>w_am_digiscanner</HashName>
			<InitialHandle>729090</InitialHandle>
			<ObjectProperties>
				<TextureVariation>0</TextureVariation>
			</ObjectProperties>
			<OpacityLevel>255</OpacityLevel>
			<LodDistance>16960</LodDistance>
			<IsVisible>true</IsVisible>
			<MaxHealth>1000</MaxHealth>
			<Health>1000</Health>
			<IsOnFire>false</IsOnFire>
			<IsInvincible>true</IsInvincible>
			<IsBulletProof>false</IsBulletProof>
			<IsCollisionProof>true</IsCollisionProof>
			<IsExplosionProof>true</IsExplosionProof>
			<IsFireProof>true</IsFireProof>
			<IsMeleeProof>true</IsMeleeProof>
			<IsOnlyDamagedByPlayer>false</IsOnlyDamagedByPlayer>
			<PositionRotation>
				<X>-743.044434</X>
				<Y>107.97728</Y>
				<Z>56.0337219</Z>
				<Pitch>-1.15142655</Pitch>
				<Roll>38.9728851</Roll>
				<Yaw>-80.4862747</Yaw>
			</PositionRotation>
			<Attachment isAttached="true">
				<AttachedTo>727042</AttachedTo>
				<BoneIndex>0</BoneIndex>
				<X>0.700000167</X>
				<Y>2.25000024</Y>
				<Z>0.269999981</Z>
				<Pitch>0</Pitch>
				<Roll>40.0000038</Roll>
				<Yaw>180.000031</Yaw>
			</Attachment>
		</Attachment>
		<Attachment>
			<ModelHash>0x1f036a32</ModelHash>
			<Type>3</Type>
			<Dynamic>false</Dynamic>
			<HashName>w_am_digiscanner</HashName>
			<InitialHandle>729346</InitialHandle>
			<ObjectProperties>
				<TextureVariation>0</TextureVariation>
			</ObjectProperties>
			<OpacityLevel>255</OpacityLevel>
			<LodDistance>16960</LodDistance>
			<IsVisible>true</IsVisible>
			<MaxHealth>1000</MaxHealth>
			<Health>1000</Health>
			<IsOnFire>false</IsOnFire>
			<IsInvincible>true</IsInvincible>
			<IsBulletProof>false</IsBulletProof>
			<IsCollisionProof>true</IsCollisionProof>
			<IsExplosionProof>true</IsExplosionProof>
			<IsFireProof>true</IsFireProof>
			<IsMeleeProof>true</IsMeleeProof>
			<IsOnlyDamagedByPlayer>false</IsOnlyDamagedByPlayer>
			<PositionRotation>
				<X>-742.847229</X>
				<Y>108.010323</Y>
				<Z>56.0297012</Z>
				<Pitch>-1.15142655</Pitch>
				<Roll>38.9728851</Roll>
				<Yaw>-80.4862747</Yaw>
			</PositionRotation>
			<Attachment isAttached="true">
				<AttachedTo>727042</AttachedTo>
				<BoneIndex>0</BoneIndex>
				<X>0.700000167</X>
				<Y>2.05000043</Y>
				<Z>0.269999981</Z>
				<Pitch>0</Pitch>
				<Roll>40.0000038</Roll>
				<Yaw>180.000031</Yaw>
			</Attachment>
		</Attachment>
		<Attachment>
			<ModelHash>0x1f036a32</ModelHash>
			<Type>3</Type>
			<Dynamic>false</Dynamic>
			<HashName>w_am_digiscanner</HashName>
			<InitialHandle>729602</InitialHandle>
			<ObjectProperties>
				<TextureVariation>0</TextureVariation>
			</ObjectProperties>
			<OpacityLevel>255</OpacityLevel>
			<LodDistance>16960</LodDistance>
			<IsVisible>true</IsVisible>
			<MaxHealth>1000</MaxHealth>
			<Health>1000</Health>
			<IsOnFire>false</IsOnFire>
			<IsInvincible>true</IsInvincible>
			<IsBulletProof>false</IsBulletProof>
			<IsCollisionProof>true</IsCollisionProof>
			<IsExplosionProof>true</IsExplosionProof>
			<IsFireProof>true</IsFireProof>
			<IsMeleeProof>true</IsMeleeProof>
			<IsOnlyDamagedByPlayer>false</IsOnlyDamagedByPlayer>
			<PositionRotation>
				<X>-740.05127</X>
				<Y>106.755463</Y>
				<Z>56.0089264</Z>
				<Pitch>1.15142488</Pitch>
				<Roll>41.0270996</Roll>
				<Yaw>99.5137253</Yaw>
			</PositionRotation>
			<Attachment isAttached="true">
				<AttachedTo>727042</AttachedTo>
				<BoneIndex>0</BoneIndex>
				<X>-0.999998927</X>
				<Y>-0.50000006</Y>
				<Z>0.269999981</Z>
				<Pitch>0</Pitch>
				<Roll>40.0000038</Roll>
				<Yaw>4.76837158e-005</Yaw>
			</Attachment>
		</Attachment>
		<Attachment>
			<ModelHash>0x1f036a32</ModelHash>
			<Type>3</Type>
			<Dynamic>false</Dynamic>
			<HashName>w_am_digiscanner</HashName>
			<InitialHandle>729858</InitialHandle>
			<ObjectProperties>
				<TextureVariation>0</TextureVariation>
			</ObjectProperties>
			<OpacityLevel>255</OpacityLevel>
			<LodDistance>16960</LodDistance>
			<IsVisible>true</IsVisible>
			<MaxHealth>1000</MaxHealth>
			<Health>1000</Health>
			<IsOnFire>false</IsOnFire>
			<IsInvincible>true</IsInvincible>
			<IsBulletProof>false</IsBulletProof>
			<IsCollisionProof>true</IsCollisionProof>
			<IsExplosionProof>true</IsExplosionProof>
			<IsFireProof>true</IsFireProof>
			<IsMeleeProof>true</IsMeleeProof>
			<IsOnlyDamagedByPlayer>false</IsOnlyDamagedByPlayer>
			<PositionRotation>
				<X>-739.854065</X>
				<Y>106.788513</Y>
				<Z>56.0049095</Z>
				<Pitch>1.15142488</Pitch>
				<Roll>41.0270996</Roll>
				<Yaw>99.5137253</Yaw>
			</PositionRotation>
			<Attachment isAttached="true">
				<AttachedTo>727042</AttachedTo>
				<BoneIndex>0</BoneIndex>
				<X>-0.999998927</X>
				<Y>-0.699999869</Y>
				<Z>0.269999981</Z>
				<Pitch>0</Pitch>
				<Roll>40.0000038</Roll>
				<Yaw>4.76837158e-005</Yaw>
			</Attachment>
		</Attachment>
		<Attachment>
			<ModelHash>0x1f036a32</ModelHash>
			<Type>3</Type>
			<Dynamic>false</Dynamic>
			<HashName>w_am_digiscanner</HashName>
			<InitialHandle>730114</InitialHandle>
			<ObjectProperties>
				<TextureVariation>0</TextureVariation>
			</ObjectProperties>
			<OpacityLevel>255</OpacityLevel>
			<LodDistance>16960</LodDistance>
			<IsVisible>true</IsVisible>
			<MaxHealth>1000</MaxHealth>
			<Health>1000</Health>
			<IsOnFire>false</IsOnFire>
			<IsInvincible>true</IsInvincible>
			<IsBulletProof>false</IsBulletProof>
			<IsCollisionProof>true</IsCollisionProof>
			<IsExplosionProof>true</IsExplosionProof>
			<IsFireProof>true</IsFireProof>
			<IsMeleeProof>true</IsMeleeProof>
			<IsOnlyDamagedByPlayer>false</IsOnlyDamagedByPlayer>
			<PositionRotation>
				<X>-742.746338</X>
				<Y>106.202423</Y>
				<Z>56.0659828</Z>
				<Pitch>1.15142536</Pitch>
				<Roll>41.0270996</Roll>
				<Yaw>99.51371</Yaw>
			</PositionRotation>
			<Attachment isAttached="true">
				<AttachedTo>727042</AttachedTo>
				<BoneIndex>0</BoneIndex>
				<X>-1.09999871</X>
				<Y>2.25000024</Y>
				<Z>0.269999981</Z>
				<Pitch>0</Pitch>
				<Roll>40.0000038</Roll>
				<Yaw>2.86102295e-005</Yaw>
			</Attachment>
		</Attachment>
		<Attachment>
			<ModelHash>0x1f036a32</ModelHash>
			<Type>3</Type>
			<Dynamic>false</Dynamic>
			<HashName>w_am_digiscanner</HashName>
			<InitialHandle>730370</InitialHandle>
			<ObjectProperties>
				<TextureVariation>0</TextureVariation>
			</ObjectProperties>
			<OpacityLevel>255</OpacityLevel>
			<LodDistance>16960</LodDistance>
			<IsVisible>true</IsVisible>
			<MaxHealth>1000</MaxHealth>
			<Health>1000</Health>
			<IsOnFire>false</IsOnFire>
			<IsInvincible>true</IsInvincible>
			<IsBulletProof>false</IsBulletProof>
			<IsCollisionProof>true</IsCollisionProof>
			<IsExplosionProof>true</IsExplosionProof>
			<IsFireProof>true</IsFireProof>
			<IsMeleeProof>true</IsMeleeProof>
			<IsOnlyDamagedByPlayer>false</IsOnlyDamagedByPlayer>
			<PositionRotation>
				<X>-742.549133</X>
				<Y>106.235474</Y>
				<Z>56.0619621</Z>
				<Pitch>1.15142536</Pitch>
				<Roll>41.0270996</Roll>
				<Yaw>99.51371</Yaw>
			</PositionRotation>
			<Attachment isAttached="true">
				<AttachedTo>727042</AttachedTo>
				<BoneIndex>0</BoneIndex>
				<X>-1.09999871</X>
				<Y>2.05000043</Y>
				<Z>0.269999981</Z>
				<Pitch>0</Pitch>
				<Roll>40.0000038</Roll>
				<Yaw>2.86102295e-005</Yaw>
			</Attachment>
		</Attachment>
		<Attachment>
			<ModelHash>0xdf97f49c</ModelHash>
			<Type>3</Type>
			<Dynamic>false</Dynamic>
			<HashName>hei_prop_server_piece_lights</HashName>
			<InitialHandle>730626</InitialHandle>
			<ObjectProperties>
				<TextureVariation>0</TextureVariation>
			</ObjectProperties>
			<OpacityLevel>255</OpacityLevel>
			<LodDistance>16960</LodDistance>
			<IsVisible>true</IsVisible>
			<MaxHealth>1000</MaxHealth>
			<Health>1000</Health>
			<IsOnFire>false</IsOnFire>
			<IsInvincible>true</IsInvincible>
			<IsBulletProof>false</IsBulletProof>
			<IsCollisionProof>true</IsCollisionProof>
			<IsExplosionProof>true</IsExplosionProof>
			<IsFireProof>true</IsFireProof>
			<IsMeleeProof>true</IsMeleeProof>
			<IsOnlyDamagedByPlayer>false</IsOnlyDamagedByPlayer>
			<PositionRotation>
				<X>-742.025452</X>
				<Y>106.993103</Y>
				<Z>56.6374359</Z>
				<Pitch>1.151425</Pitch>
				<Roll>1.02710879</Roll>
				<Yaw>99.5136719</Yaw>
			</PositionRotation>
			<Attachment isAttached="true">
				<AttachedTo>727042</AttachedTo>
				<BoneIndex>0</BoneIndex>
				<X>-0.449999362</X>
				<Y>1.41999757</Y>
				<Z>0.870000064</Z>
				<Pitch>0</Pitch>
				<Roll>0</Roll>
				<Yaw>-5.78165054e-006</Yaw>
			</Attachment>
		</Attachment>
		<Attachment>
			<ModelHash>0x431fe24e</ModelHash>
			<Type>3</Type>
			<Dynamic>false</Dynamic>
			<HashName>prop_speaker_06</HashName>
			<InitialHandle>730882</InitialHandle>
			<ObjectProperties>
				<TextureVariation>0</TextureVariation>
			</ObjectProperties>
			<OpacityLevel>255</OpacityLevel>
			<LodDistance>16960</LodDistance>
			<IsVisible>true</IsVisible>
			<MaxHealth>1000</MaxHealth>
			<Health>1000</Health>
			<IsOnFire>false</IsOnFire>
			<IsInvincible>false</IsInvincible>
			<IsBulletProof>false</IsBulletProof>
			<IsCollisionProof>false</IsCollisionProof>
			<IsExplosionProof>false</IsExplosionProof>
			<IsFireProof>false</IsFireProof>
			<IsMeleeProof>false</IsMeleeProof>
			<IsOnlyDamagedByPlayer>false</IsOnlyDamagedByPlayer>
			<PositionRotation>
				<X>-740.15979</X>
				<Y>107.55162</Y>
				<Z>56.7343025</Z>
				<Pitch>-1.15143013</Pitch>
				<Roll>178.972885</Roll>
				<Yaw>-80.4863129</Yaw>
			</PositionRotation>
			<Attachment isAttached="true">
				<AttachedTo>727042</AttachedTo>
				<BoneIndex>0</BoneIndex>
				<X>-0.210000098</X>
				<Y>-0.509999931</Y>
				<Z>1.01000047</Z>
				<Pitch>180</Pitch>
				<Roll>0</Roll>
				<Yaw>0</Yaw>
			</Attachment>
		</Attachment>
		<Attachment>
			<ModelHash>0x1cd07ff4</ModelHash>
			<Type>3</Type>
			<Dynamic>false</Dynamic>
			<HashName>p_police_radio_hset_s</HashName>
			<InitialHandle>731138</InitialHandle>
			<ObjectProperties>
				<TextureVariation>0</TextureVariation>
			</ObjectProperties>
			<OpacityLevel>255</OpacityLevel>
			<LodDistance>16960</LodDistance>
			<IsVisible>true</IsVisible>
			<MaxHealth>1000</MaxHealth>
			<Health>1000</Health>
			<IsOnFire>false</IsOnFire>
			<IsInvincible>false</IsInvincible>
			<IsBulletProof>false</IsBulletProof>
			<IsCollisionProof>false</IsCollisionProof>
			<IsExplosionProof>false</IsExplosionProof>
			<IsFireProof>false</IsFireProof>
			<IsMeleeProof>false</IsMeleeProof>
			<IsOnlyDamagedByPlayer>false</IsOnlyDamagedByPlayer>
			<PositionRotation>
				<X>-739.857788</X>
				<Y>106.944962</Y>
				<Z>56.611908</Z>
				<Pitch>17.1487675</Pitch>
				<Roll>-174.925323</Roll>
				<Yaw>99.2174149</Yaw>
			</PositionRotation>
			<Attachment isAttached="true">
				<AttachedTo>727042</AttachedTo>
				<BoneIndex>0</BoneIndex>
				<X>-0.856000066</X>
				<Y>-0.709999621</Y>
				<Z>0.880000353</Z>
				<Pitch>15.9999962</Pitch>
				<Roll>183.999985</Roll>
				<Yaw>0</Yaw>
			</Attachment>
		</Attachment>
		<Attachment>
			<ModelHash>0x4aefef1d</ModelHash>
			<Type>3</Type>
			<Dynamic>false</Dynamic>
			<HashName>v_res_fa_radioalrm</HashName>
			<InitialHandle>731394</InitialHandle>
			<ObjectProperties>
				<TextureVariation>0</TextureVariation>
			</ObjectProperties>
			<OpacityLevel>255</OpacityLevel>
			<LodDistance>16960</LodDistance>
			<IsVisible>true</IsVisible>
			<MaxHealth>1000</MaxHealth>
			<Health>1000</Health>
			<IsOnFire>false</IsOnFire>
			<IsInvincible>false</IsInvincible>
			<IsBulletProof>false</IsBulletProof>
			<IsCollisionProof>false</IsCollisionProof>
			<IsExplosionProof>false</IsExplosionProof>
			<IsFireProof>false</IsFireProof>
			<IsMeleeProof>false</IsMeleeProof>
			<IsOnlyDamagedByPlayer>false</IsOnlyDamagedByPlayer>
			<PositionRotation>
				<X>-741.966309</X>
				<Y>107.356567</Y>
				<Z>56.5587769</Z>
				<Pitch>1.151425</Pitch>
				<Roll>1.02710855</Roll>
				<Yaw>99.5136795</Yaw>
			</PositionRotation>
			<Attachment isAttached="true">
				<AttachedTo>727042</AttachedTo>
				<BoneIndex>0</BoneIndex>
				<X>-0.099999994</X>
				<Y>1.30000007</Y>
				<Z>0.799999952</Z>
				<Pitch>0</Pitch>
				<Roll>0</Roll>
				<Yaw>0</Yaw>
			</Attachment>
		</Attachment>
		<Attachment>
			<ModelHash>0x431fe24e</ModelHash>
			<Type>3</Type>
			<Dynamic>false</Dynamic>
			<HashName>prop_speaker_06</HashName>
			<InitialHandle>731650</InitialHandle>
			<ObjectProperties>
				<TextureVariation>0</TextureVariation>
			</ObjectProperties>
			<OpacityLevel>255</OpacityLevel>
			<LodDistance>16960</LodDistance>
			<IsVisible>true</IsVisible>
			<MaxHealth>1000</MaxHealth>
			<Health>1000</Health>
			<IsOnFire>false</IsOnFire>
			<IsInvincible>false</IsInvincible>
			<IsBulletProof>false</IsBulletProof>
			<IsCollisionProof>false</IsCollisionProof>
			<IsExplosionProof>false</IsExplosionProof>
			<IsFireProof>false</IsFireProof>
			<IsMeleeProof>false</IsMeleeProof>
			<IsOnlyDamagedByPlayer>false</IsOnlyDamagedByPlayer>
			<PositionRotation>
				<X>-739.608459</X>
				<Y>108.191277</Y>
				<Z>56.7015648</Z>
				<Pitch>18.8452282</Pitch>
				<Roll>178.914917</Roll>
				<Yaw>-80.1151352</Yaw>
			</PositionRotation>
			<Attachment isAttached="true">
				<AttachedTo>727042</AttachedTo>
				<BoneIndex>0</BoneIndex>
				<X>0.329999983</X>
				<Y>-1.16000009</Y>
				<Z>1.00000024</Z>
				<Pitch>-199.999985</Pitch>
				<Roll>0</Roll>
				<Yaw>0</Yaw>
			</Attachment>
		</Attachment>
		<Attachment>
			<ModelHash>0x431fe24e</ModelHash>
			<Type>3</Type>
			<Dynamic>false</Dynamic>
			<HashName>prop_speaker_06</HashName>
			<InitialHandle>731906</InitialHandle>
			<ObjectProperties>
				<TextureVariation>0</TextureVariation>
			</ObjectProperties>
			<OpacityLevel>255</OpacityLevel>
			<LodDistance>16960</LodDistance>
			<IsVisible>true</IsVisible>
			<MaxHealth>1000</MaxHealth>
			<Health>1000</Health>
			<IsOnFire>false</IsOnFire>
			<IsInvincible>false</IsInvincible>
			<IsBulletProof>false</IsBulletProof>
			<IsCollisionProof>false</IsCollisionProof>
			<IsExplosionProof>false</IsExplosionProof>
			<IsFireProof>false</IsFireProof>
			<IsMeleeProof>false</IsMeleeProof>
			<IsOnlyDamagedByPlayer>false</IsOnlyDamagedByPlayer>
			<PositionRotation>
				<X>-739.442871</X>
				<Y>107.205246</Y>
				<Z>56.7194862</Z>
				<Pitch>18.8452282</Pitch>
				<Roll>178.914917</Roll>
				<Yaw>-80.1151352</Yaw>
			</PositionRotation>
			<Attachment isAttached="true">
				<AttachedTo>727042</AttachedTo>
				<BoneIndex>0</BoneIndex>
				<X>-0.669999957</X>
				<Y>-1.16000009</Y>
				<Z>1.00000024</Z>
				<Pitch>-199.999985</Pitch>
				<Roll>0</Roll>
				<Yaw>0</Yaw>
			</Attachment>
		</Attachment>
		<Attachment>
			<ModelHash>0x431fe24e</ModelHash>
			<Type>3</Type>
			<Dynamic>false</Dynamic>
			<HashName>prop_speaker_06</HashName>
			<InitialHandle>732162</InitialHandle>
			<ObjectProperties>
				<TextureVariation>0</TextureVariation>
			</ObjectProperties>
			<OpacityLevel>255</OpacityLevel>
			<LodDistance>16960</LodDistance>
			<IsVisible>true</IsVisible>
			<MaxHealth>1000</MaxHealth>
			<Health>1000</Health>
			<IsOnFire>false</IsOnFire>
			<IsInvincible>false</IsInvincible>
			<IsBulletProof>false</IsBulletProof>
			<IsCollisionProof>false</IsCollisionProof>
			<IsExplosionProof>false</IsExplosionProof>
			<IsFireProof>false</IsFireProof>
			<IsMeleeProof>false</IsMeleeProof>
			<IsOnlyDamagedByPlayer>false</IsOnlyDamagedByPlayer>
			<PositionRotation>
				<X>-739.68103</X>
				<Y>107.163696</Y>
				<Z>56.6343422</Z>
				<Pitch>18.8452282</Pitch>
				<Roll>178.914917</Roll>
				<Yaw>-80.1151352</Yaw>
			</PositionRotation>
			<Attachment isAttached="true">
				<AttachedTo>727042</AttachedTo>
				<BoneIndex>0</BoneIndex>
				<X>-0.669999957</X>
				<Y>-0.920000076</Y>
				<Z>0.910000205</Z>
				<Pitch>-199.999985</Pitch>
				<Roll>0</Roll>
				<Yaw>0</Yaw>
			</Attachment>
		</Attachment>
		<Attachment>
			<ModelHash>0x431fe24e</ModelHash>
			<Type>3</Type>
			<Dynamic>false</Dynamic>
			<HashName>prop_speaker_06</HashName>
			<InitialHandle>732418</InitialHandle>
			<ObjectProperties>
				<TextureVariation>0</TextureVariation>
			</ObjectProperties>
			<OpacityLevel>255</OpacityLevel>
			<LodDistance>16960</LodDistance>
			<IsVisible>true</IsVisible>
			<MaxHealth>1000</MaxHealth>
			<Health>1000</Health>
			<IsOnFire>false</IsOnFire>
			<IsInvincible>false</IsInvincible>
			<IsBulletProof>false</IsBulletProof>
			<IsCollisionProof>false</IsCollisionProof>
			<IsExplosionProof>false</IsExplosionProof>
			<IsFireProof>false</IsFireProof>
			<IsMeleeProof>false</IsMeleeProof>
			<IsOnlyDamagedByPlayer>false</IsOnlyDamagedByPlayer>
			<PositionRotation>
				<X>-739.46936</X>
				<Y>107.363014</Y>
				<Z>56.7166214</Z>
				<Pitch>18.8452282</Pitch>
				<Roll>178.914917</Roll>
				<Yaw>-80.1151352</Yaw>
			</PositionRotation>
			<Attachment isAttached="true">
				<AttachedTo>727042</AttachedTo>
				<BoneIndex>0</BoneIndex>
				<X>-0.51000011</X>
				<Y>-1.16000009</Y>
				<Z>1.00000024</Z>
				<Pitch>-199.999985</Pitch>
				<Roll>0</Roll>
				<Yaw>0</Yaw>
			</Attachment>
		</Attachment>
		<Attachment>
			<ModelHash>0x431fe24e</ModelHash>
			<Type>3</Type>
			<Dynamic>false</Dynamic>
			<HashName>prop_speaker_06</HashName>
			<InitialHandle>732674</InitialHandle>
			<ObjectProperties>
				<TextureVariation>0</TextureVariation>
			</ObjectProperties>
			<OpacityLevel>255</OpacityLevel>
			<LodDistance>16960</LodDistance>
			<IsVisible>true</IsVisible>
			<MaxHealth>1000</MaxHealth>
			<Health>1000</Health>
			<IsOnFire>false</IsOnFire>
			<IsInvincible>false</IsInvincible>
			<IsBulletProof>false</IsBulletProof>
			<IsCollisionProof>false</IsCollisionProof>
			<IsExplosionProof>false</IsExplosionProof>
			<IsFireProof>false</IsFireProof>
			<IsMeleeProof>false</IsMeleeProof>
			<IsOnlyDamagedByPlayer>false</IsOnlyDamagedByPlayer>
			<PositionRotation>
				<X>-739.70752</X>
				<Y>107.321465</Y>
				<Z>56.6314735</Z>
				<Pitch>18.8452282</Pitch>
				<Roll>178.914917</Roll>
				<Yaw>-80.1151352</Yaw>
			</PositionRotation>
			<Attachment isAttached="true">
				<AttachedTo>727042</AttachedTo>
				<BoneIndex>0</BoneIndex>
				<X>-0.51000011</X>
				<Y>-0.920000076</Y>
				<Z>0.910000205</Z>
				<Pitch>-199.999985</Pitch>
				<Roll>0</Roll>
				<Yaw>0</Yaw>
			</Attachment>
		</Attachment>
		<Attachment>
			<ModelHash>0x431fe24e</ModelHash>
			<Type>3</Type>
			<Dynamic>false</Dynamic>
			<HashName>prop_speaker_06</HashName>
			<InitialHandle>732930</InitialHandle>
			<ObjectProperties>
				<TextureVariation>0</TextureVariation>
			</ObjectProperties>
			<OpacityLevel>255</OpacityLevel>
			<LodDistance>16960</LodDistance>
			<IsVisible>true</IsVisible>
			<MaxHealth>1000</MaxHealth>
			<Health>1000</Health>
			<IsOnFire>false</IsOnFire>
			<IsInvincible>false</IsInvincible>
			<IsBulletProof>false</IsBulletProof>
			<IsCollisionProof>false</IsCollisionProof>
			<IsExplosionProof>false</IsExplosionProof>
			<IsFireProof>false</IsFireProof>
			<IsMeleeProof>false</IsMeleeProof>
			<IsOnlyDamagedByPlayer>false</IsOnlyDamagedByPlayer>
			<PositionRotation>
				<X>-739.846619</X>
				<Y>108.149727</Y>
				<Z>56.6164207</Z>
				<Pitch>18.8452282</Pitch>
				<Roll>178.914917</Roll>
				<Yaw>-80.1151352</Yaw>
			</PositionRotation>
			<Attachment isAttached="true">
				<AttachedTo>727042</AttachedTo>
				<BoneIndex>0</BoneIndex>
				<X>0.329999655</X>
				<Y>-0.920000076</Y>
				<Z>0.910000205</Z>
				<Pitch>-199.999985</Pitch>
				<Roll>0</Roll>
				<Yaw>0</Yaw>
			</Attachment>
		</Attachment>
		<Attachment>
			<ModelHash>0x431fe24e</ModelHash>
			<Type>3</Type>
			<Dynamic>false</Dynamic>
			<HashName>prop_speaker_06</HashName>
			<InitialHandle>733186</InitialHandle>
			<ObjectProperties>
				<TextureVariation>0</TextureVariation>
			</ObjectProperties>
			<OpacityLevel>255</OpacityLevel>
			<LodDistance>16960</LodDistance>
			<IsVisible>true</IsVisible>
			<MaxHealth>1000</MaxHealth>
			<Health>1000</Health>
			<IsOnFire>false</IsOnFire>
			<IsInvincible>false</IsInvincible>
			<IsBulletProof>false</IsBulletProof>
			<IsCollisionProof>false</IsCollisionProof>
			<IsExplosionProof>false</IsExplosionProof>
			<IsFireProof>false</IsFireProof>
			<IsMeleeProof>false</IsMeleeProof>
			<IsOnlyDamagedByPlayer>false</IsOnlyDamagedByPlayer>
			<PositionRotation>
				<X>-739.821777</X>
				<Y>108.001823</Y>
				<Z>56.6191101</Z>
				<Pitch>18.8452282</Pitch>
				<Roll>178.914917</Roll>
				<Yaw>-80.1151352</Yaw>
			</PositionRotation>
			<Attachment isAttached="true">
				<AttachedTo>727042</AttachedTo>
				<BoneIndex>0</BoneIndex>
				<X>0.179999679</X>
				<Y>-0.920000076</Y>
				<Z>0.910000205</Z>
				<Pitch>-199.999985</Pitch>
				<Roll>0</Roll>
				<Yaw>0</Yaw>
			</Attachment>
		</Attachment>
		<Attachment>
			<ModelHash>0x431fe24e</ModelHash>
			<Type>3</Type>
			<Dynamic>false</Dynamic>
			<HashName>prop_speaker_06</HashName>
			<InitialHandle>733442</InitialHandle>
			<ObjectProperties>
				<TextureVariation>0</TextureVariation>
			</ObjectProperties>
			<OpacityLevel>255</OpacityLevel>
			<LodDistance>16960</LodDistance>
			<IsVisible>true</IsVisible>
			<MaxHealth>1000</MaxHealth>
			<Health>1000</Health>
			<IsOnFire>false</IsOnFire>
			<IsInvincible>false</IsInvincible>
			<IsBulletProof>false</IsBulletProof>
			<IsCollisionProof>false</IsCollisionProof>
			<IsExplosionProof>false</IsExplosionProof>
			<IsFireProof>false</IsFireProof>
			<IsMeleeProof>false</IsMeleeProof>
			<IsOnlyDamagedByPlayer>false</IsOnlyDamagedByPlayer>
			<PositionRotation>
				<X>-739.583618</X>
				<Y>108.043373</Y>
				<Z>56.7042542</Z>
				<Pitch>18.8452282</Pitch>
				<Roll>178.914917</Roll>
				<Yaw>-80.1151352</Yaw>
			</PositionRotation>
			<Attachment isAttached="true">
				<AttachedTo>727042</AttachedTo>
				<BoneIndex>0</BoneIndex>
				<X>0.180000022</X>
				<Y>-1.16000009</Y>
				<Z>1.00000024</Z>
				<Pitch>-199.999985</Pitch>
				<Roll>0</Roll>
				<Yaw>0</Yaw>
			</Attachment>
		</Attachment>
		<Attachment>
			<ModelHash>0x431fe24e</ModelHash>
			<Type>3</Type>
			<Dynamic>false</Dynamic>
			<HashName>prop_speaker_06</HashName>
			<InitialHandle>733698</InitialHandle>
			<ObjectProperties>
				<TextureVariation>0</TextureVariation>
			</ObjectProperties>
			<OpacityLevel>255</OpacityLevel>
			<LodDistance>16960</LodDistance>
			<IsVisible>true</IsVisible>
			<MaxHealth>1000</MaxHealth>
			<Health>1000</Health>
			<IsOnFire>false</IsOnFire>
			<IsInvincible>false</IsInvincible>
			<IsBulletProof>false</IsBulletProof>
			<IsCollisionProof>false</IsCollisionProof>
			<IsExplosionProof>false</IsExplosionProof>
			<IsFireProof>false</IsFireProof>
			<IsMeleeProof>false</IsMeleeProof>
			<IsOnlyDamagedByPlayer>false</IsOnlyDamagedByPlayer>
			<PositionRotation>
				<X>-740.138184</X>
				<Y>107.947891</Y>
				<Z>56.5755577</Z>
				<Pitch>-1.1514473</Pitch>
				<Roll>178.972885</Roll>
				<Yaw>-80.4863129</Yaw>
			</PositionRotation>
			<Attachment isAttached="true">
				<AttachedTo>727042</AttachedTo>
				<BoneIndex>0</BoneIndex>
				<X>0.179999679</X>
				<Y>-0.600000441</Y>
				<Z>0.860000253</Z>
				<Pitch>-179.999985</Pitch>
				<Roll>0</Roll>
				<Yaw>0</Yaw>
			</Attachment>
		</Attachment>
		<Attachment>
			<ModelHash>0x431fe24e</ModelHash>
			<Type>3</Type>
			<Dynamic>false</Dynamic>
			<HashName>prop_speaker_06</HashName>
			<InitialHandle>733954</InitialHandle>
			<ObjectProperties>
				<TextureVariation>0</TextureVariation>
			</ObjectProperties>
			<OpacityLevel>255</OpacityLevel>
			<LodDistance>16960</LodDistance>
			<IsVisible>true</IsVisible>
			<MaxHealth>1000</MaxHealth>
			<Health>1000</Health>
			<IsOnFire>false</IsOnFire>
			<IsInvincible>false</IsInvincible>
			<IsBulletProof>false</IsBulletProof>
			<IsCollisionProof>false</IsCollisionProof>
			<IsExplosionProof>false</IsExplosionProof>
			<IsFireProof>false</IsFireProof>
			<IsMeleeProof>false</IsMeleeProof>
			<IsOnlyDamagedByPlayer>false</IsOnlyDamagedByPlayer>
			<PositionRotation>
				<X>-740.163025</X>
				<Y>108.095795</Y>
				<Z>56.5728683</Z>
				<Pitch>-1.1514473</Pitch>
				<Roll>178.972885</Roll>
				<Yaw>-80.4863129</Yaw>
			</PositionRotation>
			<Attachment isAttached="true">
				<AttachedTo>727042</AttachedTo>
				<BoneIndex>0</BoneIndex>
				<X>0.329999655</X>
				<Y>-0.600000441</Y>
				<Z>0.860000253</Z>
				<Pitch>-179.999985</Pitch>
				<Roll>0</Roll>
				<Yaw>0</Yaw>
			</Attachment>
		</Attachment>
		<Attachment>
			<ModelHash>0x431fe24e</ModelHash>
			<Type>3</Type>
			<Dynamic>false</Dynamic>
			<HashName>prop_speaker_06</HashName>
			<InitialHandle>734210</InitialHandle>
			<ObjectProperties>
				<TextureVariation>0</TextureVariation>
			</ObjectProperties>
			<OpacityLevel>255</OpacityLevel>
			<LodDistance>16960</LodDistance>
			<IsVisible>true</IsVisible>
			<MaxHealth>1000</MaxHealth>
			<Health>1000</Health>
			<IsOnFire>false</IsOnFire>
			<IsInvincible>false</IsInvincible>
			<IsBulletProof>false</IsBulletProof>
			<IsCollisionProof>false</IsCollisionProof>
			<IsExplosionProof>false</IsExplosionProof>
			<IsFireProof>false</IsFireProof>
			<IsMeleeProof>false</IsMeleeProof>
			<IsOnlyDamagedByPlayer>false</IsOnlyDamagedByPlayer>
			<PositionRotation>
				<X>-739.999023</X>
				<Y>107.119629</Y>
				<Z>56.5906105</Z>
				<Pitch>-1.1514473</Pitch>
				<Roll>178.972885</Roll>
				<Yaw>-80.4863129</Yaw>
			</PositionRotation>
			<Attachment isAttached="true">
				<AttachedTo>727042</AttachedTo>
				<BoneIndex>0</BoneIndex>
				<X>-0.659999967</X>
				<Y>-0.600000441</Y>
				<Z>0.860000253</Z>
				<Pitch>-179.999985</Pitch>
				<Roll>0</Roll>
				<Yaw>0</Yaw>
			</Attachment>
		</Attachment>
		<Attachment>
			<ModelHash>0x431fe24e</ModelHash>
			<Type>3</Type>
			<Dynamic>false</Dynamic>
			<HashName>prop_speaker_06</HashName>
			<InitialHandle>734466</InitialHandle>
			<ObjectProperties>
				<TextureVariation>0</TextureVariation>
			</ObjectProperties>
			<OpacityLevel>255</OpacityLevel>
			<LodDistance>16960</LodDistance>
			<IsVisible>true</IsVisible>
			<MaxHealth>1000</MaxHealth>
			<Health>1000</Health>
			<IsOnFire>false</IsOnFire>
			<IsInvincible>false</IsInvincible>
			<IsBulletProof>false</IsBulletProof>
			<IsCollisionProof>false</IsCollisionProof>
			<IsExplosionProof>false</IsExplosionProof>
			<IsFireProof>false</IsFireProof>
			<IsMeleeProof>false</IsMeleeProof>
			<IsOnlyDamagedByPlayer>false</IsOnlyDamagedByPlayer>
			<PositionRotation>
				<X>-740.023865</X>
				<Y>107.267532</Y>
				<Z>56.587925</Z>
				<Pitch>-1.1514473</Pitch>
				<Roll>178.972885</Roll>
				<Yaw>-80.4863129</Yaw>
			</PositionRotation>
			<Attachment isAttached="true">
				<AttachedTo>727042</AttachedTo>
				<BoneIndex>0</BoneIndex>
				<X>-0.51000011</X>
				<Y>-0.600000441</Y>
				<Z>0.860000253</Z>
				<Pitch>-179.999985</Pitch>
				<Roll>0</Roll>
				<Yaw>0</Yaw>
			</Attachment>
		</Attachment>
		<Attachment>
			<ModelHash>0x431fe24e</ModelHash>
			<Type>3</Type>
			<Dynamic>false</Dynamic>
			<HashName>prop_speaker_06</HashName>
			<InitialHandle>734722</InitialHandle>
			<ObjectProperties>
				<TextureVariation>0</TextureVariation>
			</ObjectProperties>
			<OpacityLevel>255</OpacityLevel>
			<LodDistance>16960</LodDistance>
			<IsVisible>true</IsVisible>
			<MaxHealth>1000</MaxHealth>
			<Health>1000</Health>
			<IsOnFire>false</IsOnFire>
			<IsInvincible>false</IsInvincible>
			<IsBulletProof>false</IsBulletProof>
			<IsCollisionProof>false</IsCollisionProof>
			<IsExplosionProof>false</IsExplosionProof>
			<IsFireProof>false</IsFireProof>
			<IsMeleeProof>false</IsMeleeProof>
			<IsOnlyDamagedByPlayer>false</IsOnlyDamagedByPlayer>
			<PositionRotation>
				<X>-739.617737</X>
				<Y>108.032745</Y>
				<Z>56.4349556</Z>
				<Pitch>-70.126152</Pitch>
				<Roll>176.978012</Roll>
				<Yaw>-83.3079681</Yaw>
			</PositionRotation>
			<Attachment isAttached="true">
				<AttachedTo>727042</AttachedTo>
				<BoneIndex>0</BoneIndex>
				<X>0.180000022</X>
				<Y>-1.13</Y>
				<Z>0.730000138</Z>
				<Pitch>-110.999985</Pitch>
				<Roll>0</Roll>
				<Yaw>0</Yaw>
			</Attachment>
		</Attachment>
		<Attachment>
			<ModelHash>0x431fe24e</ModelHash>
			<Type>3</Type>
			<Dynamic>false</Dynamic>
			<HashName>prop_speaker_06</HashName>
			<InitialHandle>734978</InitialHandle>
			<ObjectProperties>
				<TextureVariation>0</TextureVariation>
			</ObjectProperties>
			<OpacityLevel>255</OpacityLevel>
			<LodDistance>16960</LodDistance>
			<IsVisible>true</IsVisible>
			<MaxHealth>1000</MaxHealth>
			<Health>1000</Health>
			<IsOnFire>false</IsOnFire>
			<IsInvincible>false</IsInvincible>
			<IsBulletProof>false</IsBulletProof>
			<IsCollisionProof>false</IsCollisionProof>
			<IsExplosionProof>false</IsExplosionProof>
			<IsFireProof>false</IsFireProof>
			<IsMeleeProof>false</IsMeleeProof>
			<IsOnlyDamagedByPlayer>false</IsOnlyDamagedByPlayer>
			<PositionRotation>
				<X>-739.642578</X>
				<Y>108.180649</Y>
				<Z>56.4322662</Z>
				<Pitch>-70.126152</Pitch>
				<Roll>176.978012</Roll>
				<Yaw>-83.3079681</Yaw>
			</PositionRotation>
			<Attachment isAttached="true">
				<AttachedTo>727042</AttachedTo>
				<BoneIndex>0</BoneIndex>
				<X>0.329999983</X>
				<Y>-1.13</Y>
				<Z>0.730000138</Z>
				<Pitch>-110.999985</Pitch>
				<Roll>0</Roll>
				<Yaw>0</Yaw>
			</Attachment>
		</Attachment>
		<Attachment>
			<ModelHash>0x431fe24e</ModelHash>
			<Type>3</Type>
			<Dynamic>false</Dynamic>
			<HashName>prop_speaker_06</HashName>
			<InitialHandle>735234</InitialHandle>
			<ObjectProperties>
				<TextureVariation>0</TextureVariation>
			</ObjectProperties>
			<OpacityLevel>255</OpacityLevel>
			<LodDistance>16960</LodDistance>
			<IsVisible>true</IsVisible>
			<MaxHealth>1000</MaxHealth>
			<Health>1000</Health>
			<IsOnFire>false</IsOnFire>
			<IsInvincible>false</IsInvincible>
			<IsBulletProof>false</IsBulletProof>
			<IsCollisionProof>false</IsCollisionProof>
			<IsExplosionProof>false</IsExplosionProof>
			<IsFireProof>false</IsFireProof>
			<IsMeleeProof>false</IsMeleeProof>
			<IsOnlyDamagedByPlayer>false</IsOnlyDamagedByPlayer>
			<PositionRotation>
				<X>-739.503479</X>
				<Y>107.352386</Y>
				<Z>56.447319</Z>
				<Pitch>-70.126152</Pitch>
				<Roll>176.978012</Roll>
				<Yaw>-83.3079681</Yaw>
			</PositionRotation>
			<Attachment isAttached="true">
				<AttachedTo>727042</AttachedTo>
				<BoneIndex>0</BoneIndex>
				<X>-0.509999812</X>
				<Y>-1.13</Y>
				<Z>0.730000138</Z>
				<Pitch>-110.999985</Pitch>
				<Roll>0</Roll>
				<Yaw>0</Yaw>
			</Attachment>
		</Attachment>
		<Attachment>
			<ModelHash>0x431fe24e</ModelHash>
			<Type>3</Type>
			<Dynamic>false</Dynamic>
			<HashName>prop_speaker_06</HashName>
			<InitialHandle>735490</InitialHandle>
			<ObjectProperties>
				<TextureVariation>0</TextureVariation>
			</ObjectProperties>
			<OpacityLevel>255</OpacityLevel>
			<LodDistance>16960</LodDistance>
			<IsVisible>true</IsVisible>
			<MaxHealth>1000</MaxHealth>
			<Health>1000</Health>
			<IsOnFire>false</IsOnFire>
			<IsInvincible>false</IsInvincible>
			<IsBulletProof>false</IsBulletProof>
			<IsCollisionProof>false</IsCollisionProof>
			<IsExplosionProof>false</IsExplosionProof>
			<IsFireProof>false</IsFireProof>
			<IsMeleeProof>false</IsMeleeProof>
			<IsOnlyDamagedByPlayer>false</IsOnlyDamagedByPlayer>
			<PositionRotation>
				<X>-739.47699</X>
				<Y>107.194618</Y>
				<Z>56.4501877</Z>
				<Pitch>-70.126152</Pitch>
				<Roll>176.978012</Roll>
				<Yaw>-83.3079681</Yaw>
			</PositionRotation>
			<Attachment isAttached="true">
				<AttachedTo>727042</AttachedTo>
				<BoneIndex>0</BoneIndex>
				<X>-0.669999659</X>
				<Y>-1.13</Y>
				<Z>0.730000138</Z>
				<Pitch>-110.999985</Pitch>
				<Roll>0</Roll>
				<Yaw>0</Yaw>
			</Attachment>
		</Attachment>
		<Attachment>
			<ModelHash>0x47031c9d</ModelHash>
			<Type>3</Type>
			<Dynamic>false</Dynamic>
			<HashName>prop_plate_warmer</HashName>
			<InitialHandle>735746</InitialHandle>
			<ObjectProperties>
				<TextureVariation>0</TextureVariation>
			</ObjectProperties>
			<OpacityLevel>255</OpacityLevel>
			<LodDistance>16960</LodDistance>
			<IsVisible>true</IsVisible>
			<MaxHealth>1000</MaxHealth>
			<Health>1000</Health>
			<IsOnFire>false</IsOnFire>
			<IsInvincible>false</IsInvincible>
			<IsBulletProof>false</IsBulletProof>
			<IsCollisionProof>false</IsCollisionProof>
			<IsExplosionProof>false</IsExplosionProof>
			<IsFireProof>false</IsFireProof>
			<IsMeleeProof>false</IsMeleeProof>
			<IsOnlyDamagedByPlayer>false</IsOnlyDamagedByPlayer>
			<PositionRotation>
				<X>-740.175781</X>
				<Y>107.674774</Y>
				<Z>56.9620667</Z>
				<Pitch>-1.15142465</Pitch>
				<Roll>88.9729156</Roll>
				<Yaw>-80.4863281</Yaw>
			</PositionRotation>
			<Attachment isAttached="true">
				<AttachedTo>727042</AttachedTo>
				<BoneIndex>0</BoneIndex>
				<X>-0.0899999887</X>
				<Y>-0.509999812</Y>
				<Z>1.24000049</Z>
				<Pitch>0</Pitch>
				<Roll>-269.999969</Roll>
				<Yaw>179.999985</Yaw>
			</Attachment>
		</Attachment>
		<Attachment>
			<ModelHash>0x47031c9d</ModelHash>
			<Type>3</Type>
			<Dynamic>false</Dynamic>
			<HashName>prop_plate_warmer</HashName>
			<InitialHandle>736002</InitialHandle>
			<ObjectProperties>
				<TextureVariation>0</TextureVariation>
			</ObjectProperties>
			<OpacityLevel>255</OpacityLevel>
			<LodDistance>16960</LodDistance>
			<IsVisible>true</IsVisible>
			<MaxHealth>1000</MaxHealth>
			<Health>1000</Health>
			<IsOnFire>false</IsOnFire>
			<IsInvincible>false</IsInvincible>
			<IsBulletProof>false</IsBulletProof>
			<IsCollisionProof>false</IsCollisionProof>
			<IsExplosionProof>false</IsExplosionProof>
			<IsFireProof>false</IsFireProof>
			<IsMeleeProof>false</IsMeleeProof>
			<IsOnlyDamagedByPlayer>false</IsOnlyDamagedByPlayer>
			<PositionRotation>
				<X>-740.15094</X>
				<Y>107.526871</Y>
				<Z>56.964756</Z>
				<Pitch>1.15142524</Pitch>
				<Roll>91.0271301</Roll>
				<Yaw>99.5136871</Yaw>
			</PositionRotation>
			<Attachment isAttached="true">
				<AttachedTo>727042</AttachedTo>
				<BoneIndex>0</BoneIndex>
				<X>-0.240000024</X>
				<Y>-0.509999812</Y>
				<Z>1.24000049</Z>
				<Pitch>0</Pitch>
				<Roll>-269.999969</Roll>
				<Yaw>0</Yaw>
			</Attachment>
		</Attachment>
		<Attachment>
			<ModelHash>0x431fe24e</ModelHash>
			<Type>3</Type>
			<Dynamic>false</Dynamic>
			<HashName>prop_speaker_06</HashName>
			<InitialHandle>736258</InitialHandle>
			<ObjectProperties>
				<TextureVariation>0</TextureVariation>
			</ObjectProperties>
			<OpacityLevel>255</OpacityLevel>
			<LodDistance>16960</LodDistance>
			<IsVisible>true</IsVisible>
			<MaxHealth>1000</MaxHealth>
			<Health>1000</Health>
			<IsOnFire>false</IsOnFire>
			<IsInvincible>false</IsInvincible>
			<IsBulletProof>false</IsBulletProof>
			<IsCollisionProof>false</IsCollisionProof>
			<IsExplosionProof>false</IsExplosionProof>
			<IsFireProof>false</IsFireProof>
			<IsMeleeProof>false</IsMeleeProof>
			<IsOnlyDamagedByPlayer>false</IsOnlyDamagedByPlayer>
			<PositionRotation>
				<X>-740.174683</X>
				<Y>107.640366</Y>
				<Z>56.7326889</Z>
				<Pitch>-1.15143013</Pitch>
				<Roll>178.972885</Roll>
				<Yaw>-80.4863129</Yaw>
			</PositionRotation>
			<Attachment isAttached="true">
				<AttachedTo>727042</AttachedTo>
				<BoneIndex>0</BoneIndex>
				<X>-0.120000057</X>
				<Y>-0.509999931</Y>
				<Z>1.01000047</Z>
				<Pitch>180</Pitch>
				<Roll>0</Roll>
				<Yaw>0</Yaw>
			</Attachment>
		</Attachment>
		<Attachment>
			<ModelHash>0x3d66cd4d</ModelHash>
			<Type>3</Type>
			<Dynamic>false</Dynamic>
			<HashName>hei_prop_mini_sever_01</HashName>
			<InitialHandle>736514</InitialHandle>
			<ObjectProperties>
				<TextureVariation>0</TextureVariation>
			</ObjectProperties>
			<OpacityLevel>255</OpacityLevel>
			<LodDistance>16960</LodDistance>
			<IsVisible>true</IsVisible>
			<MaxHealth>1000</MaxHealth>
			<Health>1000</Health>
			<IsOnFire>false</IsOnFire>
			<IsInvincible>false</IsInvincible>
			<IsBulletProof>false</IsBulletProof>
			<IsCollisionProof>false</IsCollisionProof>
			<IsExplosionProof>false</IsExplosionProof>
			<IsFireProof>false</IsFireProof>
			<IsMeleeProof>false</IsMeleeProof>
			<IsOnlyDamagedByPlayer>false</IsOnlyDamagedByPlayer>
			<PositionRotation>
				<X>-740.116821</X>
				<Y>107.344109</Y>
				<Z>56.6379013</Z>
				<Pitch>-73.8166351</Pitch>
				<Roll>-176.313217</Roll>
				<Yaw>103.075409</Yaw>
			</PositionRotation>
			<Attachment isAttached="true">
				<AttachedTo>727042</AttachedTo>
				<BoneIndex>0</BoneIndex>
				<X>-0.419999957</X>
				<Y>-0.519999862</Y>
				<Z>0.91000104</Z>
				<Pitch>-74.9999924</Pitch>
				<Roll>179.999985</Roll>
				<Yaw>0</Yaw>
			</Attachment>
		</Attachment>
		<Attachment>
			<ModelHash>0x669e12f6</ModelHash>
			<Type>3</Type>
			<Dynamic>false</Dynamic>
			<HashName>prop_lift_overlay_01</HashName>
			<InitialHandle>736770</InitialHandle>
			<ObjectProperties>
				<TextureVariation>0</TextureVariation>
			</ObjectProperties>
			<OpacityLevel>255</OpacityLevel>
			<LodDistance>16960</LodDistance>
			<IsVisible>true</IsVisible>
			<MaxHealth>1000</MaxHealth>
			<Health>1000</Health>
			<IsOnFire>false</IsOnFire>
			<IsInvincible>false</IsInvincible>
			<IsBulletProof>false</IsBulletProof>
			<IsCollisionProof>false</IsCollisionProof>
			<IsExplosionProof>false</IsExplosionProof>
			<IsFireProof>false</IsFireProof>
			<IsMeleeProof>false</IsMeleeProof>
			<IsOnlyDamagedByPlayer>false</IsOnlyDamagedByPlayer>
			<PositionRotation>
				<X>-741.906311</X>
				<Y>107.42643</Y>
				<Z>56.4442596</Z>
				<Pitch>-8.8469553</Pitch>
				<Roll>1.03926682</Roll>
				<Yaw>99.6941757</Yaw>
			</PositionRotation>
			<Attachment isAttached="true">
				<AttachedTo>727042</AttachedTo>
				<BoneIndex>0</BoneIndex>
				<X>-0.0389998704</X>
				<Y>1.22700095</Y>
				<Z>0.688000441</Z>
				<Pitch>-9.99999905</Pitch>
				<Roll>0</Roll>
				<Yaw>0</Yaw>
			</Attachment>
		</Attachment>
		<Attachment>
			<ModelHash>0x7815b5e5</ModelHash>
			<Type>3</Type>
			<Dynamic>false</Dynamic>
			<HashName>prop_lift_overlay_02</HashName>
			<InitialHandle>737026</InitialHandle>
			<ObjectProperties>
				<TextureVariation>0</TextureVariation>
			</ObjectProperties>
			<OpacityLevel>255</OpacityLevel>
			<LodDistance>16960</LodDistance>
			<IsVisible>true</IsVisible>
			<MaxHealth>1000</MaxHealth>
			<Health>1000</Health>
			<IsOnFire>false</IsOnFire>
			<IsInvincible>false</IsInvincible>
			<IsBulletProof>false</IsBulletProof>
			<IsCollisionProof>false</IsCollisionProof>
			<IsExplosionProof>false</IsExplosionProof>
			<IsFireProof>false</IsFireProof>
			<IsMeleeProof>false</IsMeleeProof>
			<IsOnlyDamagedByPlayer>false</IsOnlyDamagedByPlayer>
			<PositionRotation>
				<X>-741.847168</X>
				<Y>107.304695</Y>
				<Z>56.4538193</Z>
				<Pitch>-8.8469553</Pitch>
				<Roll>1.03926682</Roll>
				<Yaw>99.6941757</Yaw>
			</PositionRotation>
			<Attachment isAttached="true">
				<AttachedTo>727042</AttachedTo>
				<BoneIndex>0</BoneIndex>
				<X>-0.169000179</X>
				<Y>1.18900013</Y>
				<Z>0.696000218</Z>
				<Pitch>-9.99999905</Pitch>
				<Roll>0</Roll>
				<Yaw>0</Yaw>
			</Attachment>
		</Attachment>
		<Attachment>
			<ModelHash>0x3d66cd4d</ModelHash>
			<Type>3</Type>
			<Dynamic>false</Dynamic>
			<HashName>hei_prop_mini_sever_01</HashName>
			<InitialHandle>737282</InitialHandle>
			<ObjectProperties>
				<TextureVariation>0</TextureVariation>
			</ObjectProperties>
			<OpacityLevel>255</OpacityLevel>
			<LodDistance>16960</LodDistance>
			<IsVisible>true</IsVisible>
			<MaxHealth>1000</MaxHealth>
			<Health>1000</Health>
			<IsOnFire>false</IsOnFire>
			<IsInvincible>false</IsInvincible>
			<IsBulletProof>false</IsBulletProof>
			<IsCollisionProof>false</IsCollisionProof>
			<IsExplosionProof>false</IsExplosionProof>
			<IsFireProof>false</IsFireProof>
			<IsMeleeProof>false</IsMeleeProof>
			<IsOnlyDamagedByPlayer>false</IsOnlyDamagedByPlayer>
			<PositionRotation>
				<X>-740.199646</X>
				<Y>107.83712</Y>
				<Z>56.6289406</Z>
				<Pitch>-73.8166428</Pitch>
				<Roll>-176.313202</Roll>
				<Yaw>103.075394</Yaw>
			</PositionRotation>
			<Attachment isAttached="true">
				<AttachedTo>727042</AttachedTo>
				<BoneIndex>0</BoneIndex>
				<X>0.0799999163</X>
				<Y>-0.519999862</Y>
				<Z>0.91000104</Z>
				<Pitch>-104.999992</Pitch>
				<Roll>0</Roll>
				<Yaw>179.999985</Yaw>
			</Attachment>
		</Attachment>
		<Attachment>
			<ModelHash>0x34afd1b9</ModelHash>
			<Type>3</Type>
			<Dynamic>false</Dynamic>
			<HashName>cable1_root</HashName>
			<InitialHandle>737538</InitialHandle>
			<ObjectProperties>
				<TextureVariation>0</TextureVariation>
			</ObjectProperties>
			<OpacityLevel>255</OpacityLevel>
			<LodDistance>16960</LodDistance>
			<IsVisible>true</IsVisible>
			<MaxHealth>1000</MaxHealth>
			<Health>1000</Health>
			<IsOnFire>false</IsOnFire>
			<IsInvincible>false</IsInvincible>
			<IsBulletProof>false</IsBulletProof>
			<IsCollisionProof>false</IsCollisionProof>
			<IsExplosionProof>false</IsExplosionProof>
			<IsFireProof>false</IsFireProof>
			<IsMeleeProof>false</IsMeleeProof>
			<IsOnlyDamagedByPlayer>false</IsOnlyDamagedByPlayer>
			<PositionRotation>
				<X>-741.285278</X>
				<Y>108.05793</Y>
				<Z>55.9323463</Z>
				<Pitch>1.15142524</Pitch>
				<Roll>92.0270996</Roll>
				<Yaw>99.5136871</Yaw>
			</PositionRotation>
			<Attachment isAttached="true">
				<AttachedTo>727042</AttachedTo>
				<BoneIndex>0</BoneIndex>
				<X>0.490000606</X>
				<Y>0.500000179</Y>
				<Z>0.200000018</Z>
				<Pitch>0</Pitch>
				<Roll>91.0000076</Roll>
				<Yaw>0</Yaw>
			</Attachment>
		</Attachment>
		<Attachment>
			<ModelHash>0xcaf258a2</ModelHash>
			<Type>3</Type>
			<Dynamic>false</Dynamic>
			<HashName>p_ecg_01_cable_01_s</HashName>
			<InitialHandle>737794</InitialHandle>
			<ObjectProperties>
				<TextureVariation>0</TextureVariation>
			</ObjectProperties>
			<OpacityLevel>255</OpacityLevel>
			<LodDistance>16960</LodDistance>
			<IsVisible>true</IsVisible>
			<MaxHealth>1000</MaxHealth>
			<Health>1000</Health>
			<IsOnFire>false</IsOnFire>
			<IsInvincible>false</IsInvincible>
			<IsBulletProof>false</IsBulletProof>
			<IsCollisionProof>false</IsCollisionProof>
			<IsExplosionProof>false</IsExplosionProof>
			<IsFireProof>false</IsFireProof>
			<IsMeleeProof>false</IsMeleeProof>
			<IsOnlyDamagedByPlayer>false</IsOnlyDamagedByPlayer>
			<PositionRotation>
				<X>-742.066223</X>
				<Y>108.033516</Y>
				<Z>56.2261276</Z>
				<Pitch>78.9741287</Pitch>
				<Roll>-6.00279808</Roll>
				<Yaw>-164.893539</Yaw>
			</PositionRotation>
			<Attachment isAttached="true">
				<AttachedTo>727042</AttachedTo>
				<BoneIndex>0</BoneIndex>
				<X>0.590000153</X>
				<Y>1.28000093</Y>
				<Z>0.480001569</Z>
				<Pitch>78</Pitch>
				<Roll>0</Roll>
				<Yaw>89.6999969</Yaw>
			</Attachment>
		</Attachment>
		<Attachment>
			<ModelHash>0x34afd1b9</ModelHash>
			<Type>3</Type>
			<Dynamic>false</Dynamic>
			<HashName>cable1_root</HashName>
			<InitialHandle>738050</InitialHandle>
			<ObjectProperties>
				<TextureVariation>0</TextureVariation>
			</ObjectProperties>
			<OpacityLevel>255</OpacityLevel>
			<LodDistance>16960</LodDistance>
			<IsVisible>true</IsVisible>
			<MaxHealth>1000</MaxHealth>
			<Health>1000</Health>
			<IsOnFire>false</IsOnFire>
			<IsInvincible>false</IsInvincible>
			<IsBulletProof>false</IsBulletProof>
			<IsCollisionProof>false</IsCollisionProof>
			<IsExplosionProof>false</IsExplosionProof>
			<IsFireProof>false</IsFireProof>
			<IsMeleeProof>false</IsMeleeProof>
			<IsOnlyDamagedByPlayer>false</IsOnlyDamagedByPlayer>
			<PositionRotation>
				<X>-741.025208</X>
				<Y>106.449051</Y>
				<Z>55.9617577</Z>
				<Pitch>1.15500331</Pitch>
				<Roll>92.0230713</Roll>
				<Yaw>99.7136917</Yaw>
			</PositionRotation>
			<Attachment isAttached="true">
				<AttachedTo>727042</AttachedTo>
				<BoneIndex>0</BoneIndex>
				<X>-1.13999975</X>
				<Y>0.510000169</Y>
				<Z>0.200000018</Z>
				<Pitch>0</Pitch>
				<Roll>91.0000076</Roll>
				<Yaw>0.200000256</Yaw>
			</Attachment>
		</Attachment>
		<Attachment>
			<ModelHash>0xcaf258a2</ModelHash>
			<Type>3</Type>
			<Dynamic>false</Dynamic>
			<HashName>p_ecg_01_cable_01_s</HashName>
			<InitialHandle>738306</InitialHandle>
			<ObjectProperties>
				<TextureVariation>0</TextureVariation>
			</ObjectProperties>
			<OpacityLevel>255</OpacityLevel>
			<LodDistance>16960</LodDistance>
			<IsVisible>true</IsVisible>
			<MaxHealth>1000</MaxHealth>
			<Health>1000</Health>
			<IsOnFire>false</IsOnFire>
			<IsInvincible>false</IsInvincible>
			<IsBulletProof>false</IsBulletProof>
			<IsCollisionProof>false</IsCollisionProof>
			<IsExplosionProof>false</IsExplosionProof>
			<IsFireProof>false</IsFireProof>
			<IsMeleeProof>false</IsMeleeProof>
			<IsOnlyDamagedByPlayer>false</IsOnlyDamagedByPlayer>
			<PositionRotation>
				<X>-741.829285</X>
				<Y>106.501869</Y>
				<Z>56.2543068</Z>
				<Pitch>-88.4570541</Pitch>
				<Roll>-47.2717476</Roll>
				<Yaw>141.252258</Yaw>
			</PositionRotation>
			<Attachment isAttached="true">
				<AttachedTo>727042</AttachedTo>
				<BoneIndex>0</BoneIndex>
				<X>-0.960000157</X>
				<Y>1.30000091</Y>
				<Z>0.480001569</Z>
				<Pitch>-90.0000076</Pitch>
				<Roll>0</Roll>
				<Yaw>89.0000076</Yaw>
			</Attachment>
		</Attachment>
		<Attachment>
			<ModelHash>0xc79a987e</ModelHash>
			<Type>3</Type>
			<Dynamic>false</Dynamic>
			<HashName>prop_beach_volball01</HashName>
			<InitialHandle>738562</InitialHandle>
			<TaskSequence>
				<Task>
					<Type>39</Type>
					<Duration>1000</Duration>
					<KeepTaskRunningAfterTime>-2</KeepTaskRunningAfterTime>
					<IsLoopedTask>true</IsLoopedTask>
					<AssetName>scr_trevor1</AssetName>
					<EffectName>scr_trev1_trailer_boosh</EffectName>
					<Scale>0.800000012</Scale>
					<Colour R="255" G="255" B="255" A="255" />
					<RelativePosition X="0" Y="0" Z="0" />
					<RelativeRotation X="0" Y="0" Z="0" />
				</Task>
			</TaskSequence>
			<ObjectProperties>
				<TextureVariation>0</TextureVariation>
			</ObjectProperties>
			<PtfxLopAsset>scr_trevor1</PtfxLopAsset>
			<PtfxLopEffect>scr_trev1_trailer_boosh</PtfxLopEffect>
			<OpacityLevel>255</OpacityLevel>
			<LodDistance>16960</LodDistance>
			<IsVisible>false</IsVisible>
			<MaxHealth>1000</MaxHealth>
			<Health>0</Health>
			<IsOnFire>false</IsOnFire>
			<IsInvincible>true</IsInvincible>
			<IsBulletProof>false</IsBulletProof>
			<IsCollisionProof>true</IsCollisionProof>
			<IsExplosionProof>true</IsExplosionProof>
			<IsFireProof>true</IsFireProof>
			<IsMeleeProof>true</IsMeleeProof>
			<IsOnlyDamagedByPlayer>false</IsOnlyDamagedByPlayer>
			<PositionRotation>
				<X>-740.246704</X>
				<Y>108.432701</Y>
				<Z>55.236721</Z>
				<Pitch>1.15142512</Pitch>
				<Roll>91.0270844</Roll>
				<Yaw>99.5136871</Yaw>
			</PositionRotation>
			<Attachment isAttached="true">
				<AttachedTo>727554</AttachedTo>
				<BoneIndex>0</BoneIndex>
				<X>0.5</X>
				<Y>1.1920929e-007</Y>
				<Z>0</Z>
				<Pitch>0</Pitch>
				<Roll>0</Roll>
				<Yaw>0</Yaw>
			</Attachment>
		</Attachment>
		<Attachment>
			<ModelHash>0xc79a987e</ModelHash>
			<Type>3</Type>
			<Dynamic>false</Dynamic>
			<HashName>prop_beach_volball01</HashName>
			<InitialHandle>738818</InitialHandle>
			<TaskSequence>
				<Task>
					<Type>39</Type>
					<Duration>1000</Duration>
					<KeepTaskRunningAfterTime>-2</KeepTaskRunningAfterTime>
					<IsLoopedTask>true</IsLoopedTask>
					<AssetName>scr_trevor1</AssetName>
					<EffectName>scr_trev1_trailer_boosh</EffectName>
					<Scale>0.800000012</Scale>
					<Colour R="255" G="255" B="255" A="255" />
					<RelativePosition X="0" Y="0" Z="0" />
					<RelativeRotation X="0" Y="0" Z="0" />
				</Task>
			</TaskSequence>
			<ObjectProperties>
				<TextureVariation>0</TextureVariation>
			</ObjectProperties>
			<PtfxLopAsset>scr_trevor1</PtfxLopAsset>
			<PtfxLopEffect>scr_trev1_trailer_boosh</PtfxLopEffect>
			<OpacityLevel>255</OpacityLevel>
			<LodDistance>16960</LodDistance>
			<IsVisible>false</IsVisible>
			<MaxHealth>1000</MaxHealth>
			<Health>0</Health>
			<IsOnFire>false</IsOnFire>
			<IsInvincible>true</IsInvincible>
			<IsBulletProof>false</IsBulletProof>
			<IsCollisionProof>true</IsCollisionProof>
			<IsExplosionProof>true</IsExplosionProof>
			<IsFireProof>true</IsFireProof>
			<IsMeleeProof>true</IsMeleeProof>
			<IsOnlyDamagedByPlayer>false</IsOnlyDamagedByPlayer>
			<PositionRotation>
				<X>-743.007629</X>
				<Y>107.970001</Y>
				<Z>55.292984</Z>
				<Pitch>1.15142512</Pitch>
				<Roll>91.0270844</Roll>
				<Yaw>99.5136871</Yaw>
			</PositionRotation>
			<Attachment isAttached="true">
				<AttachedTo>727554</AttachedTo>
				<BoneIndex>0</BoneIndex>
				<X>0.5</X>
				<Y>2.79999971</Y>
				<Z>0</Z>
				<Pitch>0</Pitch>
				<Roll>0</Roll>
				<Yaw>0</Yaw>
			</Attachment>
		</Attachment>
		<Attachment>
			<ModelHash>0xc79a987e</ModelHash>
			<Type>3</Type>
			<Dynamic>false</Dynamic>
			<HashName>prop_beach_volball01</HashName>
			<InitialHandle>739074</InitialHandle>
			<TaskSequence>
				<Task>
					<Type>39</Type>
					<Duration>1000</Duration>
					<KeepTaskRunningAfterTime>-2</KeepTaskRunningAfterTime>
					<IsLoopedTask>true</IsLoopedTask>
					<AssetName>scr_trevor1</AssetName>
					<EffectName>scr_trev1_trailer_boosh</EffectName>
					<Scale>0.800000012</Scale>
					<Colour R="255" G="255" B="255" A="255" />
					<RelativePosition X="0" Y="0" Z="0" />
					<RelativeRotation X="0" Y="0" Z="0" />
				</Task>
			</TaskSequence>
			<ObjectProperties>
				<TextureVariation>0</TextureVariation>
			</ObjectProperties>
			<PtfxLopAsset>scr_trevor1</PtfxLopAsset>
			<PtfxLopEffect>scr_trev1_trailer_boosh</PtfxLopEffect>
			<OpacityLevel>255</OpacityLevel>
			<LodDistance>16960</LodDistance>
			<IsVisible>false</IsVisible>
			<MaxHealth>1000</MaxHealth>
			<Health>0</Health>
			<IsOnFire>false</IsOnFire>
			<IsInvincible>true</IsInvincible>
			<IsBulletProof>false</IsBulletProof>
			<IsCollisionProof>true</IsCollisionProof>
			<IsExplosionProof>true</IsExplosionProof>
			<IsFireProof>true</IsFireProof>
			<IsMeleeProof>true</IsMeleeProof>
			<IsOnlyDamagedByPlayer>false</IsOnlyDamagedByPlayer>
			<PositionRotation>
				<X>-742.709534</X>
				<Y>106.195152</Y>
				<Z>55.3252449</Z>
				<Pitch>1.15142512</Pitch>
				<Roll>91.0270844</Roll>
				<Yaw>99.5136871</Yaw>
			</PositionRotation>
			<Attachment isAttached="true">
				<AttachedTo>727554</AttachedTo>
				<BoneIndex>0</BoneIndex>
				<X>0.5</X>
				<Y>2.79999971</Y>
				<Z>-1.80000019</Z>
				<Pitch>0</Pitch>
				<Roll>0</Roll>
				<Yaw>0</Yaw>
			</Attachment>
		</Attachment>
		<Attachment>
			<ModelHash>0xc79a987e</ModelHash>
			<Type>3</Type>
			<Dynamic>false</Dynamic>
			<HashName>prop_beach_volball01</HashName>
			<InitialHandle>739330</InitialHandle>
			<TaskSequence>
				<Task>
					<Type>39</Type>
					<Duration>1000</Duration>
					<KeepTaskRunningAfterTime>-2</KeepTaskRunningAfterTime>
					<IsLoopedTask>true</IsLoopedTask>
					<AssetName>scr_trevor1</AssetName>
					<EffectName>scr_trev1_trailer_boosh</EffectName>
					<Scale>0.800000012</Scale>
					<Colour R="255" G="255" B="255" A="255" />
					<RelativePosition X="0" Y="0" Z="0" />
					<RelativeRotation X="0" Y="0" Z="0" />
				</Task>
			</TaskSequence>
			<ObjectProperties>
				<TextureVariation>0</TextureVariation>
			</ObjectProperties>
			<PtfxLopAsset>scr_trevor1</PtfxLopAsset>
			<PtfxLopEffect>scr_trev1_trailer_boosh</PtfxLopEffect>
			<OpacityLevel>255</OpacityLevel>
			<LodDistance>16960</LodDistance>
			<IsVisible>false</IsVisible>
			<MaxHealth>1000</MaxHealth>
			<Health>0</Health>
			<IsOnFire>false</IsOnFire>
			<IsInvincible>true</IsInvincible>
			<IsBulletProof>false</IsBulletProof>
			<IsCollisionProof>true</IsCollisionProof>
			<IsExplosionProof>true</IsExplosionProof>
			<IsFireProof>true</IsFireProof>
			<IsMeleeProof>true</IsMeleeProof>
			<IsOnlyDamagedByPlayer>false</IsOnlyDamagedByPlayer>
			<PositionRotation>
				<X>-739.948608</X>
				<Y>106.657852</Y>
				<Z>55.2689781</Z>
				<Pitch>1.15142512</Pitch>
				<Roll>91.0270844</Roll>
				<Yaw>99.5136871</Yaw>
			</PositionRotation>
			<Attachment isAttached="true">
				<AttachedTo>727554</AttachedTo>
				<BoneIndex>0</BoneIndex>
				<X>0.5</X>
				<Y>1.1920929e-007</Y>
				<Z>-1.80000043</Z>
				<Pitch>0</Pitch>
				<Roll>0</Roll>
				<Yaw>0</Yaw>
			</Attachment>
		</Attachment>
	</SpoonerAttachments>
</Vehicle>
