<?xml version="1.0" encoding="ISO-8859-1"?>
<Vehicle menyoo_ver="0.999859b">
	<ModelHash>0xb9210fd0</ModelHash>
	<InitialHandle>285207</InitialHandle>
	<VehicleProperties>
		<Colours>
			<Primary>1</Primary>
			<Secondary>1</Secondary>
			<Pearl>18</Pearl>
			<Rim>156</Rim>
			<Mod1_a>6</Mod1_a>
			<Mod1_b>-1</Mod1_b>
			<Mod1_c>-1</Mod1_c>
			<Mod2_a>6</Mod2_a>
			<Mod2_b>-1</Mod2_b>
			<IsPrimaryColourCustom>false</IsPrimaryColourCustom>
			<IsSecondaryColourCustom>false</IsSecondaryColourCustom>
			<tyreSmoke_R>255</tyreSmoke_R>
			<tyreSmoke_G>255</tyreSmoke_G>
			<tyreSmoke_B>255</tyreSmoke_B>
			<LrInterior>0</LrInterior>
			<LrDashboard>0</LrDashboard>
		</Colours>
		<Livery>-1</Livery>
		<NumberPlateText>46DWP995</NumberPlateText>
		<NumberPlateIndex>0</NumberPlateIndex>
		<WheelType>3</WheelType>
		<WheelsInvisible>false</WheelsInvisible>
		<EngineSoundName>DUNE2</EngineSoundName>
		<WindowTint>-1</WindowTint>
		<BulletProofTyres>false</BulletProofTyres>
		<DirtLevel>1.93314242</DirtLevel>
		<PaintFade>0.298039228</PaintFade>
		<RoofState>0</RoofState>
		<SirenActive>false</SirenActive>
		<EngineOn>true</EngineOn>
		<EngineHealth>1000</EngineHealth>
		<LightsOn>false</LightsOn>
		<IsRadioLoud>0</IsRadioLoud>
		<Neons>
			<Left>false</Left>
			<Right>false</Right>
			<Front>false</Front>
			<Back>false</Back>
			<R>255</R>
			<G>0</G>
			<B>255</B>
		</Neons>
		<ModExtras>
			<_1>true</_1>
			<_2>false</_2>
			<_3>false</_3>
			<_11>true</_11>
			<_12>false</_12>
		</ModExtras>
		<Mods>
			<_0>-1,0</_0>
			<_1>-1,0</_1>
			<_2>-1,0</_2>
			<_3>-1,0</_3>
			<_4>-1,0</_4>
			<_5>-1,0</_5>
			<_6>-1,0</_6>
			<_7>-1,0</_7>
			<_8>-1,0</_8>
			<_9>-1,0</_9>
			<_10>-1,0</_10>
			<_11>3,0</_11>
			<_12>2,0</_12>
			<_13>2,0</_13>
			<_14>-1,0</_14>
			<_15>-1,0</_15>
			<_16>4,0</_16>
			<_17>false</_17>
			<_18>true</_18>
			<_19>false</_19>
			<_20>false</_20>
			<_21>false</_21>
			<_22>true</_22>
			<_23>-1,0</_23>
			<_24>-1,0</_24>
			<_25>-1,0</_25>
			<_26>-1,0</_26>
			<_27>-1,0</_27>
			<_28>-1,0</_28>
			<_29>-1,0</_29>
			<_30>-1,0</_30>
			<_31>-1,0</_31>
			<_32>-1,0</_32>
			<_33>-1,0</_33>
			<_34>-1,0</_34>
			<_35>-1,0</_35>
			<_36>-1,0</_36>
			<_37>-1,0</_37>
			<_38>-1,0</_38>
			<_39>-1,0</_39>
			<_40>-1,0</_40>
			<_41>-1,0</_41>
			<_42>-1,0</_42>
			<_43>-1,0</_43>
			<_44>-1,0</_44>
			<_45>-1,0</_45>
			<_46>-1,0</_46>
			<_47>-1,0</_47>
			<_48>-1,0</_48>
		</Mods>
		<DoorsOpen>
			<BackLeftDoor>false</BackLeftDoor>
			<BackRightDoor>false</BackRightDoor>
			<FrontLeftDoor>false</FrontLeftDoor>
			<FrontRightDoor>false</FrontRightDoor>
			<Hood>false</Hood>
			<Trunk>false</Trunk>
			<Trunk2>false</Trunk2>
		</DoorsOpen>
		<DoorsBroken>
			<BackLeftDoor>false</BackLeftDoor>
			<BackRightDoor>false</BackRightDoor>
			<FrontLeftDoor>false</FrontLeftDoor>
			<FrontRightDoor>false</FrontRightDoor>
			<Hood>false</Hood>
			<Trunk>false</Trunk>
			<Trunk2>false</Trunk2>
		</DoorsBroken>
		<TyresBursted>
			<FrontLeft>false</FrontLeft>
			<FrontRight>false</FrontRight>
			<_2>false</_2>
			<_3>false</_3>
			<BackLeft>false</BackLeft>
			<BackRight>false</BackRight>
			<_6>false</_6>
			<_7>false</_7>
			<_8>false</_8>
		</TyresBursted>
		<RpmMultiplier>3.99999857</RpmMultiplier>
		<TorqueMultiplier>3.99999857</TorqueMultiplier>
		<HeadlightIntensity>1</HeadlightIntensity>
	</VehicleProperties>
	<OpacityLevel>255</OpacityLevel>
	<LodDistance>16960</LodDistance>
	<IsVisible>false</IsVisible>
	<IsDriverVisible>true</IsDriverVisible>
	<MaxHealth>1000</MaxHealth>
	<Health>1000</Health>
	<IsOnFire>false</IsOnFire>
	<IsInvincible>true</IsInvincible>
	<IsBulletProof>false</IsBulletProof>
	<IsExplosionProof>true</IsExplosionProof>
	<IsFireProof>true</IsFireProof>
	<IsMeleeProof>true</IsMeleeProof>
	<IsOnlyDamagedByPlayer>false</IsOnlyDamagedByPlayer>
	<SpoonerAttachments SetAttachmentsPersistentAndAddToSpoonerDatabase="true">
		<Attachment>
			<ModelHash>0x3dee5eda</ModelHash>
			<Type>2</Type>
			<Dynamic>true</Dynamic>
			<HashName>Blista Compact</HashName>
			<InitialHandle>190487</InitialHandle>
			<VehicleProperties>
				<Colours>
					<Primary>4</Primary>
					<Secondary>4</Secondary>
					<Pearl>111</Pearl>
					<Rim>0</Rim>
					<Mod1_a>6</Mod1_a>
					<Mod1_b>-1</Mod1_b>
					<Mod1_c>-1</Mod1_c>
					<Mod2_a>6</Mod2_a>
					<Mod2_b>-1</Mod2_b>
					<IsPrimaryColourCustom>false</IsPrimaryColourCustom>
					<IsSecondaryColourCustom>false</IsSecondaryColourCustom>
					<tyreSmoke_R>255</tyreSmoke_R>
					<tyreSmoke_G>255</tyreSmoke_G>
					<tyreSmoke_B>255</tyreSmoke_B>
					<LrInterior>0</LrInterior>
					<LrDashboard>0</LrDashboard>
				</Colours>
				<Livery>-1</Livery>
				<NumberPlateText>OUTATIME</NumberPlateText>
				<NumberPlateIndex>3</NumberPlateIndex>
				<WheelType>4</WheelType>
				<WheelsInvisible>false</WheelsInvisible>
				<EngineSoundName></EngineSoundName>
				<WindowTint>-1</WindowTint>
				<BulletProofTyres>false</BulletProofTyres>
				<DirtLevel>0</DirtLevel>
				<PaintFade>0.298039228</PaintFade>
				<RoofState>0</RoofState>
				<SirenActive>false</SirenActive>
				<EngineOn>true</EngineOn>
				<EngineHealth>1000</EngineHealth>
				<LightsOn>true</LightsOn>
				<IsRadioLoud>0</IsRadioLoud>
				<Neons>
					<Left>false</Left>
					<Right>false</Right>
					<Front>false</Front>
					<Back>false</Back>
					<R>255</R>
					<G>0</G>
					<B>255</B>
				</Neons>
				<DoorsOpen>
					<BackLeftDoor>false</BackLeftDoor>
					<BackRightDoor>false</BackRightDoor>
					<FrontLeftDoor>false</FrontLeftDoor>
					<FrontRightDoor>false</FrontRightDoor>
					<Hood>false</Hood>
					<Trunk>false</Trunk>
					<Trunk2>false</Trunk2>
				</DoorsOpen>
				<DoorsBroken>
					<BackLeftDoor>false</BackLeftDoor>
					<BackRightDoor>false</BackRightDoor>
					<FrontLeftDoor>false</FrontLeftDoor>
					<FrontRightDoor>false</FrontRightDoor>
					<Hood>false</Hood>
					<Trunk>false</Trunk>
					<Trunk2>false</Trunk2>
				</DoorsBroken>
				<TyresBursted>
					<FrontLeft>true</FrontLeft>
					<FrontRight>true</FrontRight>
					<_2>false</_2>
					<_3>false</_3>
					<BackLeft>true</BackLeft>
					<BackRight>true</BackRight>
					<_6>true</_6>
					<_7>true</_7>
					<_8>false</_8>
				</TyresBursted>
				<RpmMultiplier>1</RpmMultiplier>
				<TorqueMultiplier>1</TorqueMultiplier>
				<HeadlightIntensity>1</HeadlightIntensity>
				<ModExtras>
					<_2>true</_2>
				</ModExtras>
				<Mods>
					<_0>-1,0</_0>
					<_1>-1,0</_1>
					<_2>-1,0</_2>
					<_3>-1,0</_3>
					<_4>2,0</_4>
					<_5>-1,0</_5>
					<_6>-1,0</_6>
					<_7>-1,0</_7>
					<_8>-1,0</_8>
					<_9>-1,0</_9>
					<_10>-1,0</_10>
					<_11>-1,0</_11>
					<_12>-1,0</_12>
					<_13>-1,0</_13>
					<_14>-1,0</_14>
					<_15>-1,0</_15>
					<_16>-1,0</_16>
					<_17>false</_17>
					<_18>false</_18>
					<_19>false</_19>
					<_20>false</_20>
					<_21>false</_21>
					<_22>true</_22>
					<_23>1,0</_23>
					<_24>-1,0</_24>
					<_25>-1,0</_25>
					<_26>-1,0</_26>
					<_27>-1,0</_27>
					<_28>-1,0</_28>
					<_29>-1,0</_29>
					<_30>-1,0</_30>
					<_31>-1,0</_31>
					<_32>-1,0</_32>
					<_33>-1,0</_33>
					<_34>-1,0</_34>
					<_35>-1,0</_35>
					<_36>-1,0</_36>
					<_37>-1,0</_37>
					<_38>-1,0</_38>
					<_39>-1,0</_39>
					<_40>-1,0</_40>
					<_41>-1,0</_41>
					<_42>-1,0</_42>
					<_43>-1,0</_43>
					<_44>-1,0</_44>
					<_45>-1,0</_45>
					<_46>-1,0</_46>
					<_47>-1,0</_47>
					<_48>-1,0</_48>
				</Mods>
			</VehicleProperties>
			<OpacityLevel>255</OpacityLevel>
			<LodDistance>16960</LodDistance>
			<IsVisible>true</IsVisible>
			<MaxHealth>1000</MaxHealth>
			<Health>999</Health>
			<IsOnFire>false</IsOnFire>
			<IsInvincible>true</IsInvincible>
			<IsBulletProof>false</IsBulletProof>
			<IsCollisionProof>true</IsCollisionProof>
			<IsExplosionProof>true</IsExplosionProof>
			<IsFireProof>true</IsFireProof>
			<IsMeleeProof>true</IsMeleeProof>
			<IsOnlyDamagedByPlayer>false</IsOnlyDamagedByPlayer>
			<PositionRotation>
				<X>-1391.16699</X>
				<Y>-2415.39917</Y>
				<Z>14.3287868</Z>
				<Pitch>-0.0553526022</Pitch>
				<Roll>-0.00708548632</Roll>
				<Yaw>148.030457</Yaw>
			</PositionRotation>
			<Attachment isAttached="true">
				<AttachedTo>285207</AttachedTo>
				<BoneIndex>0</BoneIndex>
				<X>-0.170000002</X>
				<Y>0.769999564</Y>
				<Z>0.359999955</Z>
				<Pitch>0</Pitch>
				<Roll>0</Roll>
				<Yaw>0</Yaw>
			</Attachment>
		</Attachment>
		<Attachment>
			<ModelHash>0x3086f33b</ModelHash>
			<Type>3</Type>
			<Dynamic>false</Dynamic>
			<HashName>prop_tornado_wheel</HashName>
			<InitialHandle>277271</InitialHandle>
			<ObjectProperties>
				<TextureVariation>0</TextureVariation>
			</ObjectProperties>
			<OpacityLevel>255</OpacityLevel>
			<LodDistance>16960</LodDistance>
			<IsVisible>true</IsVisible>
			<MaxHealth>1000</MaxHealth>
			<Health>0</Health>
			<IsOnFire>false</IsOnFire>
			<IsInvincible>true</IsInvincible>
			<IsBulletProof>false</IsBulletProof>
			<IsCollisionProof>true</IsCollisionProof>
			<IsExplosionProof>true</IsExplosionProof>
			<IsFireProof>true</IsFireProof>
			<IsMeleeProof>true</IsMeleeProof>
			<IsOnlyDamagedByPlayer>false</IsOnlyDamagedByPlayer>
			<PositionRotation>
				<X>-1391.17957</X>
				<Y>-2413.77588</Y>
				<Z>14.0702181</Z>
				<Pitch>-0.0553526022</Pitch>
				<Roll>89.992897</Roll>
				<Yaw>148.030457</Yaw>
			</PositionRotation>
			<Attachment isAttached="true">
				<AttachedTo>285207</AttachedTo>
				<BoneIndex>0</BoneIndex>
				<X>0.69999969</X>
				<Y>-0.599999905</Y>
				<Z>0.100000024</Z>
				<Pitch>0</Pitch>
				<Roll>89.9999924</Roll>
				<Yaw>0</Yaw>
			</Attachment>
		</Attachment>
		<Attachment>
			<ModelHash>0x3086f33b</ModelHash>
			<Type>3</Type>
			<Dynamic>false</Dynamic>
			<HashName>prop_tornado_wheel</HashName>
			<InitialHandle>501526</InitialHandle>
			<ObjectProperties>
				<TextureVariation>0</TextureVariation>
			</ObjectProperties>
			<OpacityLevel>255</OpacityLevel>
			<LodDistance>16960</LodDistance>
			<IsVisible>true</IsVisible>
			<MaxHealth>1000</MaxHealth>
			<Health>1000</Health>
			<IsOnFire>false</IsOnFire>
			<IsInvincible>true</IsInvincible>
			<IsBulletProof>false</IsBulletProof>
			<IsCollisionProof>true</IsCollisionProof>
			<IsExplosionProof>true</IsExplosionProof>
			<IsFireProof>true</IsFireProof>
			<IsMeleeProof>true</IsMeleeProof>
			<IsOnlyDamagedByPlayer>false</IsOnlyDamagedByPlayer>
			<PositionRotation>
				<X>-1389.7373</X>
				<Y>-2414.67603</Y>
				<Z>14.0700083</Z>
				<Pitch>-0.0553526022</Pitch>
				<Roll>89.992897</Roll>
				<Yaw>148.030457</Yaw>
			</PositionRotation>
			<Attachment isAttached="true">
				<AttachedTo>285207</AttachedTo>
				<BoneIndex>0</BoneIndex>
				<X>-0.999999404</X>
				<Y>-0.599999905</Y>
				<Z>0.100000024</Z>
				<Pitch>0</Pitch>
				<Roll>89.9999924</Roll>
				<Yaw>0</Yaw>
			</Attachment>
		</Attachment>
		<Attachment>
			<ModelHash>0x3086f33b</ModelHash>
			<Type>3</Type>
			<Dynamic>false</Dynamic>
			<HashName>prop_tornado_wheel</HashName>
			<InitialHandle>251926</InitialHandle>
			<ObjectProperties>
				<TextureVariation>0</TextureVariation>
			</ObjectProperties>
			<OpacityLevel>255</OpacityLevel>
			<LodDistance>16960</LodDistance>
			<IsVisible>true</IsVisible>
			<MaxHealth>1000</MaxHealth>
			<Health>1000</Health>
			<IsOnFire>false</IsOnFire>
			<IsInvincible>true</IsInvincible>
			<IsBulletProof>false</IsBulletProof>
			<IsCollisionProof>true</IsCollisionProof>
			<IsExplosionProof>true</IsExplosionProof>
			<IsFireProof>true</IsFireProof>
			<IsMeleeProof>true</IsMeleeProof>
			<IsOnlyDamagedByPlayer>false</IsOnlyDamagedByPlayer>
			<PositionRotation>
				<X>-1392.6355</X>
				<Y>-2416.10889</Y>
				<Z>14.0675611</Z>
				<Pitch>-0.0553526022</Pitch>
				<Roll>89.992897</Roll>
				<Yaw>148.030457</Yaw>
			</PositionRotation>
			<Attachment isAttached="true">
				<AttachedTo>285207</AttachedTo>
				<BoneIndex>0</BoneIndex>
				<X>0.69999969</X>
				<Y>2.14999819</Y>
				<Z>0.100000024</Z>
				<Pitch>0</Pitch>
				<Roll>89.9999924</Roll>
				<Yaw>0</Yaw>
			</Attachment>
		</Attachment>
		<Attachment>
			<ModelHash>0x3086f33b</ModelHash>
			<Type>3</Type>
			<Dynamic>false</Dynamic>
			<HashName>prop_tornado_wheel</HashName>
			<InitialHandle>86551</InitialHandle>
			<ObjectProperties>
				<TextureVariation>0</TextureVariation>
			</ObjectProperties>
			<OpacityLevel>255</OpacityLevel>
			<LodDistance>16960</LodDistance>
			<IsVisible>true</IsVisible>
			<MaxHealth>1000</MaxHealth>
			<Health>1000</Health>
			<IsOnFire>false</IsOnFire>
			<IsInvincible>true</IsInvincible>
			<IsBulletProof>false</IsBulletProof>
			<IsCollisionProof>true</IsCollisionProof>
			<IsExplosionProof>true</IsExplosionProof>
			<IsFireProof>true</IsFireProof>
			<IsMeleeProof>true</IsMeleeProof>
			<IsOnlyDamagedByPlayer>false</IsOnlyDamagedByPlayer>
			<PositionRotation>
				<X>-1391.15942</X>
				<Y>-2417.03027</Y>
				<Z>14.0673466</Z>
				<Pitch>-0.0553526022</Pitch>
				<Roll>89.992897</Roll>
				<Yaw>148.030457</Yaw>
			</PositionRotation>
			<Attachment isAttached="true">
				<AttachedTo>285207</AttachedTo>
				<BoneIndex>0</BoneIndex>
				<X>-1.04000056</X>
				<Y>2.14999819</Y>
				<Z>0.100000024</Z>
				<Pitch>0</Pitch>
				<Roll>89.9999924</Roll>
				<Yaw>0</Yaw>
			</Attachment>
		</Attachment>
		<Attachment>
			<ModelHash>0x1f036a32</ModelHash>
			<Type>3</Type>
			<Dynamic>false</Dynamic>
			<HashName>w_am_digiscanner</HashName>
			<InitialHandle>119063</InitialHandle>
			<ObjectProperties>
				<TextureVariation>0</TextureVariation>
			</ObjectProperties>
			<OpacityLevel>255</OpacityLevel>
			<LodDistance>16960</LodDistance>
			<IsVisible>true</IsVisible>
			<MaxHealth>1000</MaxHealth>
			<Health>1000</Health>
			<IsOnFire>false</IsOnFire>
			<IsInvincible>true</IsInvincible>
			<IsBulletProof>false</IsBulletProof>
			<IsCollisionProof>true</IsCollisionProof>
			<IsExplosionProof>true</IsExplosionProof>
			<IsFireProof>true</IsFireProof>
			<IsMeleeProof>true</IsMeleeProof>
			<IsOnlyDamagedByPlayer>false</IsOnlyDamagedByPlayer>
			<PositionRotation>
				<X>-1391.23254</X>
				<Y>-2413.86108</Y>
				<Z>14.2401218</Z>
				<Pitch>0.0553518608</Pitch>
				<Roll>40.0070763</Roll>
				<Yaw>-31.9694939</Yaw>
			</PositionRotation>
			<Attachment isAttached="true">
				<AttachedTo>285207</AttachedTo>
				<BoneIndex>0</BoneIndex>
				<X>0.700000167</X>
				<Y>-0.50000006</Y>
				<Z>0.269999981</Z>
				<Pitch>0</Pitch>
				<Roll>40.0000038</Roll>
				<Yaw>180.000031</Yaw>
			</Attachment>
		</Attachment>
		<Attachment>
			<ModelHash>0x1f036a32</ModelHash>
			<Type>3</Type>
			<Dynamic>false</Dynamic>
			<HashName>w_am_digiscanner</HashName>
			<InitialHandle>57879</InitialHandle>
			<ObjectProperties>
				<TextureVariation>0</TextureVariation>
			</ObjectProperties>
			<OpacityLevel>255</OpacityLevel>
			<LodDistance>16960</LodDistance>
			<IsVisible>true</IsVisible>
			<MaxHealth>1000</MaxHealth>
			<Health>1000</Health>
			<IsOnFire>false</IsOnFire>
			<IsInvincible>true</IsInvincible>
			<IsBulletProof>false</IsBulletProof>
			<IsCollisionProof>true</IsCollisionProof>
			<IsExplosionProof>true</IsExplosionProof>
			<IsFireProof>true</IsFireProof>
			<IsMeleeProof>true</IsMeleeProof>
			<IsOnlyDamagedByPlayer>false</IsOnlyDamagedByPlayer>
			<PositionRotation>
				<X>-1391.12659</X>
				<Y>-2413.69141</Y>
				<Z>14.2403145</Z>
				<Pitch>0.0553518608</Pitch>
				<Roll>40.0070763</Roll>
				<Yaw>-31.9694939</Yaw>
			</PositionRotation>
			<Attachment isAttached="true">
				<AttachedTo>285207</AttachedTo>
				<BoneIndex>0</BoneIndex>
				<X>0.700000167</X>
				<Y>-0.699999869</Y>
				<Z>0.269999981</Z>
				<Pitch>0</Pitch>
				<Roll>40.0000038</Roll>
				<Yaw>180.000031</Yaw>
			</Attachment>
		</Attachment>
		<Attachment>
			<ModelHash>0x1f036a32</ModelHash>
			<Type>3</Type>
			<Dynamic>false</Dynamic>
			<HashName>w_am_digiscanner</HashName>
			<InitialHandle>320023</InitialHandle>
			<ObjectProperties>
				<TextureVariation>0</TextureVariation>
			</ObjectProperties>
			<OpacityLevel>255</OpacityLevel>
			<LodDistance>16960</LodDistance>
			<IsVisible>true</IsVisible>
			<MaxHealth>1000</MaxHealth>
			<Health>1000</Health>
			<IsOnFire>false</IsOnFire>
			<IsInvincible>true</IsInvincible>
			<IsBulletProof>false</IsBulletProof>
			<IsCollisionProof>true</IsCollisionProof>
			<IsExplosionProof>true</IsExplosionProof>
			<IsFireProof>true</IsFireProof>
			<IsMeleeProof>true</IsMeleeProof>
			<IsOnlyDamagedByPlayer>false</IsOnlyDamagedByPlayer>
			<PositionRotation>
				<X>-1392.6886</X>
				<Y>-2416.19385</Y>
				<Z>14.2374649</Z>
				<Pitch>0.0553518608</Pitch>
				<Roll>40.0070763</Roll>
				<Yaw>-31.9694939</Yaw>
			</PositionRotation>
			<Attachment isAttached="true">
				<AttachedTo>285207</AttachedTo>
				<BoneIndex>0</BoneIndex>
				<X>0.700000167</X>
				<Y>2.25000024</Y>
				<Z>0.269999981</Z>
				<Pitch>0</Pitch>
				<Roll>40.0000038</Roll>
				<Yaw>180.000031</Yaw>
			</Attachment>
		</Attachment>
		<Attachment>
			<ModelHash>0x1f036a32</ModelHash>
			<Type>3</Type>
			<Dynamic>false</Dynamic>
			<HashName>w_am_digiscanner</HashName>
			<InitialHandle>281623</InitialHandle>
			<ObjectProperties>
				<TextureVariation>0</TextureVariation>
			</ObjectProperties>
			<OpacityLevel>255</OpacityLevel>
			<LodDistance>16960</LodDistance>
			<IsVisible>true</IsVisible>
			<MaxHealth>1000</MaxHealth>
			<Health>1000</Health>
			<IsOnFire>false</IsOnFire>
			<IsInvincible>true</IsInvincible>
			<IsBulletProof>false</IsBulletProof>
			<IsCollisionProof>true</IsCollisionProof>
			<IsExplosionProof>true</IsExplosionProof>
			<IsFireProof>true</IsFireProof>
			<IsMeleeProof>true</IsMeleeProof>
			<IsOnlyDamagedByPlayer>false</IsOnlyDamagedByPlayer>
			<PositionRotation>
				<X>-1392.58264</X>
				<Y>-2416.02417</Y>
				<Z>14.2376575</Z>
				<Pitch>0.0553518608</Pitch>
				<Roll>40.0070763</Roll>
				<Yaw>-31.9694939</Yaw>
			</PositionRotation>
			<Attachment isAttached="true">
				<AttachedTo>285207</AttachedTo>
				<BoneIndex>0</BoneIndex>
				<X>0.700000167</X>
				<Y>2.05000043</Y>
				<Z>0.269999981</Z>
				<Pitch>0</Pitch>
				<Roll>40.0000038</Roll>
				<Yaw>180.000031</Yaw>
			</Attachment>
		</Attachment>
		<Attachment>
			<ModelHash>0x1f036a32</ModelHash>
			<Type>3</Type>
			<Dynamic>false</Dynamic>
			<HashName>w_am_digiscanner</HashName>
			<InitialHandle>185366</InitialHandle>
			<ObjectProperties>
				<TextureVariation>0</TextureVariation>
			</ObjectProperties>
			<OpacityLevel>255</OpacityLevel>
			<LodDistance>16960</LodDistance>
			<IsVisible>true</IsVisible>
			<MaxHealth>1000</MaxHealth>
			<Health>1000</Health>
			<IsOnFire>false</IsOnFire>
			<IsInvincible>true</IsInvincible>
			<IsBulletProof>false</IsBulletProof>
			<IsCollisionProof>true</IsCollisionProof>
			<IsExplosionProof>true</IsExplosionProof>
			<IsFireProof>true</IsFireProof>
			<IsMeleeProof>true</IsMeleeProof>
			<IsOnlyDamagedByPlayer>false</IsOnlyDamagedByPlayer>
			<PositionRotation>
				<X>-1389.79041</X>
				<Y>-2414.76099</Y>
				<Z>14.2399111</Z>
				<Pitch>-0.055353567</Pitch>
				<Roll>39.9929123</Roll>
				<Yaw>148.030518</Yaw>
			</PositionRotation>
			<Attachment isAttached="true">
				<AttachedTo>285207</AttachedTo>
				<BoneIndex>0</BoneIndex>
				<X>-0.999998927</X>
				<Y>-0.50000006</Y>
				<Z>0.269999981</Z>
				<Pitch>0</Pitch>
				<Roll>40.0000038</Roll>
				<Yaw>4.76837158e-005</Yaw>
			</Attachment>
		</Attachment>
		<Attachment>
			<ModelHash>0x1f036a32</ModelHash>
			<Type>3</Type>
			<Dynamic>false</Dynamic>
			<HashName>w_am_digiscanner</HashName>
			<InitialHandle>783126</InitialHandle>
			<ObjectProperties>
				<TextureVariation>0</TextureVariation>
			</ObjectProperties>
			<OpacityLevel>255</OpacityLevel>
			<LodDistance>16960</LodDistance>
			<IsVisible>true</IsVisible>
			<MaxHealth>1000</MaxHealth>
			<Health>1000</Health>
			<IsOnFire>false</IsOnFire>
			<IsInvincible>true</IsInvincible>
			<IsBulletProof>false</IsBulletProof>
			<IsCollisionProof>true</IsCollisionProof>
			<IsExplosionProof>true</IsExplosionProof>
			<IsFireProof>true</IsFireProof>
			<IsMeleeProof>true</IsMeleeProof>
			<IsOnlyDamagedByPlayer>false</IsOnlyDamagedByPlayer>
			<PositionRotation>
				<X>-1389.68445</X>
				<Y>-2414.59131</Y>
				<Z>14.2401047</Z>
				<Pitch>-0.055353567</Pitch>
				<Roll>39.9929123</Roll>
				<Yaw>148.030518</Yaw>
			</PositionRotation>
			<Attachment isAttached="true">
				<AttachedTo>285207</AttachedTo>
				<BoneIndex>0</BoneIndex>
				<X>-0.999998927</X>
				<Y>-0.699999869</Y>
				<Z>0.269999981</Z>
				<Pitch>0</Pitch>
				<Roll>40.0000038</Roll>
				<Yaw>4.76837158e-005</Yaw>
			</Attachment>
		</Attachment>
		<Attachment>
			<ModelHash>0x1f036a32</ModelHash>
			<Type>3</Type>
			<Dynamic>false</Dynamic>
			<HashName>w_am_digiscanner</HashName>
			<InitialHandle>172310</InitialHandle>
			<ObjectProperties>
				<TextureVariation>0</TextureVariation>
			</ObjectProperties>
			<OpacityLevel>255</OpacityLevel>
			<LodDistance>16960</LodDistance>
			<IsVisible>true</IsVisible>
			<MaxHealth>1000</MaxHealth>
			<Health>1000</Health>
			<IsOnFire>false</IsOnFire>
			<IsInvincible>true</IsInvincible>
			<IsBulletProof>false</IsBulletProof>
			<IsCollisionProof>true</IsCollisionProof>
			<IsExplosionProof>true</IsExplosionProof>
			<IsFireProof>true</IsFireProof>
			<IsMeleeProof>true</IsMeleeProof>
			<IsOnlyDamagedByPlayer>false</IsOnlyDamagedByPlayer>
			<PositionRotation>
				<X>-1391.16162</X>
				<Y>-2417.14697</Y>
				<Z>14.2372417</Z>
				<Pitch>-0.055353567</Pitch>
				<Roll>39.9929085</Roll>
				<Yaw>148.030487</Yaw>
			</PositionRotation>
			<Attachment isAttached="true">
				<AttachedTo>285207</AttachedTo>
				<BoneIndex>0</BoneIndex>
				<X>-1.09999871</X>
				<Y>2.25000024</Y>
				<Z>0.269999981</Z>
				<Pitch>0</Pitch>
				<Roll>40.0000038</Roll>
				<Yaw>2.86102295e-005</Yaw>
			</Attachment>
		</Attachment>
		<Attachment>
			<ModelHash>0x1f036a32</ModelHash>
			<Type>3</Type>
			<Dynamic>false</Dynamic>
			<HashName>w_am_digiscanner</HashName>
			<InitialHandle>624406</InitialHandle>
			<ObjectProperties>
				<TextureVariation>0</TextureVariation>
			</ObjectProperties>
			<OpacityLevel>255</OpacityLevel>
			<LodDistance>16960</LodDistance>
			<IsVisible>true</IsVisible>
			<MaxHealth>1000</MaxHealth>
			<Health>1000</Health>
			<IsOnFire>false</IsOnFire>
			<IsInvincible>true</IsInvincible>
			<IsBulletProof>false</IsBulletProof>
			<IsCollisionProof>true</IsCollisionProof>
			<IsExplosionProof>true</IsExplosionProof>
			<IsFireProof>true</IsFireProof>
			<IsMeleeProof>true</IsMeleeProof>
			<IsOnlyDamagedByPlayer>false</IsOnlyDamagedByPlayer>
			<PositionRotation>
				<X>-1391.05566</X>
				<Y>-2416.97729</Y>
				<Z>14.2374353</Z>
				<Pitch>-0.055353567</Pitch>
				<Roll>39.9929085</Roll>
				<Yaw>148.030487</Yaw>
			</PositionRotation>
			<Attachment isAttached="true">
				<AttachedTo>285207</AttachedTo>
				<BoneIndex>0</BoneIndex>
				<X>-1.09999871</X>
				<Y>2.05000043</Y>
				<Z>0.269999981</Z>
				<Pitch>0</Pitch>
				<Roll>40.0000038</Roll>
				<Yaw>2.86102295e-005</Yaw>
			</Attachment>
		</Attachment>
		<Attachment>
			<ModelHash>0x3794acc9</ModelHash>
			<Type>3</Type>
			<Dynamic>false</Dynamic>
			<HashName>hei_prop_heist_emp</HashName>
			<InitialHandle>384791</InitialHandle>
			<ObjectProperties>
				<TextureVariation>0</TextureVariation>
			</ObjectProperties>
			<OpacityLevel>255</OpacityLevel>
			<LodDistance>16960</LodDistance>
			<IsVisible>true</IsVisible>
			<MaxHealth>1000</MaxHealth>
			<Health>1000</Health>
			<IsOnFire>false</IsOnFire>
			<IsInvincible>true</IsInvincible>
			<IsBulletProof>false</IsBulletProof>
			<IsCollisionProof>true</IsCollisionProof>
			<IsExplosionProof>true</IsExplosionProof>
			<IsFireProof>true</IsFireProof>
			<IsMeleeProof>true</IsMeleeProof>
			<IsOnlyDamagedByPlayer>false</IsOnlyDamagedByPlayer>
			<PositionRotation>
				<X>-1390.58081</X>
				<Y>-2413.85571</Y>
				<Z>14.7703915</Z>
				<Pitch>-10.0553522</Pitch>
				<Roll>-0.00719556725</Roll>
				<Yaw>148.029221</Yaw>
			</PositionRotation>
			<Attachment isAttached="true">
				<AttachedTo>285207</AttachedTo>
				<BoneIndex>0</BoneIndex>
				<X>0.15000008</X>
				<Y>-0.849999964</Y>
				<Z>0.800000072</Z>
				<Pitch>-9.99999905</Pitch>
				<Roll>0</Roll>
				<Yaw>0</Yaw>
			</Attachment>
		</Attachment>
		<Attachment>
			<ModelHash>0x3794acc9</ModelHash>
			<Type>3</Type>
			<Dynamic>false</Dynamic>
			<HashName>hei_prop_heist_emp</HashName>
			<InitialHandle>369175</InitialHandle>
			<ObjectProperties>
				<TextureVariation>0</TextureVariation>
			</ObjectProperties>
			<OpacityLevel>255</OpacityLevel>
			<LodDistance>16960</LodDistance>
			<IsVisible>true</IsVisible>
			<MaxHealth>1000</MaxHealth>
			<Health>1000</Health>
			<IsOnFire>false</IsOnFire>
			<IsInvincible>true</IsInvincible>
			<IsBulletProof>false</IsBulletProof>
			<IsCollisionProof>true</IsCollisionProof>
			<IsExplosionProof>true</IsExplosionProof>
			<IsFireProof>true</IsFireProof>
			<IsMeleeProof>true</IsMeleeProof>
			<IsOnlyDamagedByPlayer>false</IsOnlyDamagedByPlayer>
			<PositionRotation>
				<X>-1390.03796</X>
				<Y>-2414.19458</Y>
				<Z>14.7703123</Z>
				<Pitch>-10.0553532</Pitch>
				<Roll>-0.00719600078</Roll>
				<Yaw>148.029221</Yaw>
			</PositionRotation>
			<Attachment isAttached="true">
				<AttachedTo>285207</AttachedTo>
				<BoneIndex>0</BoneIndex>
				<X>-0.489999831</X>
				<Y>-0.849999964</Y>
				<Z>0.800000072</Z>
				<Pitch>-10</Pitch>
				<Roll>0</Roll>
				<Yaw>0</Yaw>
			</Attachment>
		</Attachment>
		<Attachment>
			<ModelHash>0xf304672f</ModelHash>
			<Type>3</Type>
			<Dynamic>false</Dynamic>
			<HashName>hei_prop_heist_pc_01</HashName>
			<InitialHandle>504855</InitialHandle>
			<ObjectProperties>
				<TextureVariation>0</TextureVariation>
			</ObjectProperties>
			<OpacityLevel>255</OpacityLevel>
			<LodDistance>16960</LodDistance>
			<IsVisible>true</IsVisible>
			<MaxHealth>1000</MaxHealth>
			<Health>1000</Health>
			<IsOnFire>false</IsOnFire>
			<IsInvincible>true</IsInvincible>
			<IsBulletProof>false</IsBulletProof>
			<IsCollisionProof>true</IsCollisionProof>
			<IsExplosionProof>true</IsExplosionProof>
			<IsFireProof>true</IsFireProof>
			<IsMeleeProof>true</IsMeleeProof>
			<IsOnlyDamagedByPlayer>false</IsOnlyDamagedByPlayer>
			<PositionRotation>
				<X>-1390.7594</X>
				<Y>-2414.74609</Y>
				<Z>14.6695309</Z>
				<Pitch>-0.0553526022</Pitch>
				<Roll>-0.00708548632</Roll>
				<Yaw>148.030457</Yaw>
			</PositionRotation>
			<Attachment isAttached="true">
				<AttachedTo>285207</AttachedTo>
				<BoneIndex>0</BoneIndex>
				<X>-0.169999972</X>
				<Y>0</Y>
				<Z>0.699999928</Z>
				<Pitch>0</Pitch>
				<Roll>0</Roll>
				<Yaw>0</Yaw>
			</Attachment>
		</Attachment>
		<Attachment>
			<ModelHash>0x3d66cd4d</ModelHash>
			<Type>3</Type>
			<Dynamic>false</Dynamic>
			<HashName>hei_prop_mini_sever_01</HashName>
			<InitialHandle>337687</InitialHandle>
			<ObjectProperties>
				<TextureVariation>0</TextureVariation>
			</ObjectProperties>
			<OpacityLevel>255</OpacityLevel>
			<LodDistance>16960</LodDistance>
			<IsVisible>true</IsVisible>
			<MaxHealth>1000</MaxHealth>
			<Health>1000</Health>
			<IsOnFire>false</IsOnFire>
			<IsInvincible>true</IsInvincible>
			<IsBulletProof>false</IsBulletProof>
			<IsCollisionProof>true</IsCollisionProof>
			<IsExplosionProof>true</IsExplosionProof>
			<IsFireProof>true</IsFireProof>
			<IsMeleeProof>true</IsMeleeProof>
			<IsOnlyDamagedByPlayer>false</IsOnlyDamagedByPlayer>
			<PositionRotation>
				<X>-1390.85828</X>
				<Y>-2414.31909</Y>
				<Z>14.7798681</Z>
				<Pitch>-89.9440384</Pitch>
				<Roll>-148.030472</Roll>
				<Yaw>0</Yaw>
			</PositionRotation>
			<Attachment isAttached="true">
				<AttachedTo>285207</AttachedTo>
				<BoneIndex>0</BoneIndex>
				<X>0.139999986</X>
				<Y>-0.309999973</Y>
				<Z>0.809999526</Z>
				<Pitch>-89.9999924</Pitch>
				<Roll>0</Roll>
				<Yaw>0</Yaw>
			</Attachment>
		</Attachment>
		<Attachment>
			<ModelHash>0x19f62825</ModelHash>
			<Type>3</Type>
			<Dynamic>false</Dynamic>
			<HashName>hei_prop_server_piece_01</HashName>
			<InitialHandle>196118</InitialHandle>
			<ObjectProperties>
				<TextureVariation>0</TextureVariation>
			</ObjectProperties>
			<OpacityLevel>255</OpacityLevel>
			<LodDistance>16960</LodDistance>
			<IsVisible>true</IsVisible>
			<MaxHealth>1000</MaxHealth>
			<Health>1000</Health>
			<IsOnFire>false</IsOnFire>
			<IsInvincible>true</IsInvincible>
			<IsBulletProof>false</IsBulletProof>
			<IsCollisionProof>true</IsCollisionProof>
			<IsExplosionProof>true</IsExplosionProof>
			<IsFireProof>true</IsFireProof>
			<IsMeleeProof>true</IsMeleeProof>
			<IsOnlyDamagedByPlayer>false</IsOnlyDamagedByPlayer>
			<PositionRotation>
				<X>-1390.79346</X>
				<Y>-2414.81982</Y>
				<Z>15.2294512</Z>
				<Pitch>4.94464684</Pitch>
				<Roll>-0.00711171888</Roll>
				<Yaw>148.031097</Yaw>
			</PositionRotation>
			<Attachment isAttached="true">
				<AttachedTo>285207</AttachedTo>
				<BoneIndex>0</BoneIndex>
				<X>-0.180000007</X>
				<Y>0.0799999908</Y>
				<Z>1.25999916</Z>
				<Pitch>4.99999952</Pitch>
				<Roll>0</Roll>
				<Yaw>0</Yaw>
			</Attachment>
		</Attachment>
		<Attachment>
			<ModelHash>0xdf97f49c</ModelHash>
			<Type>3</Type>
			<Dynamic>false</Dynamic>
			<HashName>hei_prop_server_piece_lights</HashName>
			<InitialHandle>448279</InitialHandle>
			<ObjectProperties>
				<TextureVariation>0</TextureVariation>
			</ObjectProperties>
			<OpacityLevel>255</OpacityLevel>
			<LodDistance>16960</LodDistance>
			<IsVisible>true</IsVisible>
			<MaxHealth>1000</MaxHealth>
			<Health>1000</Health>
			<IsOnFire>false</IsOnFire>
			<IsInvincible>true</IsInvincible>
			<IsBulletProof>false</IsBulletProof>
			<IsCollisionProof>true</IsCollisionProof>
			<IsExplosionProof>true</IsExplosionProof>
			<IsFireProof>true</IsFireProof>
			<IsMeleeProof>true</IsMeleeProof>
			<IsOnlyDamagedByPlayer>false</IsOnlyDamagedByPlayer>
			<PositionRotation>
				<X>-1391.2738</X>
				<Y>-2416.09912</Y>
				<Z>14.8381243</Z>
				<Pitch>-0.0553525984</Pitch>
				<Roll>-0.00708549144</Roll>
				<Yaw>148.030457</Yaw>
			</PositionRotation>
			<Attachment isAttached="true">
				<AttachedTo>285207</AttachedTo>
				<BoneIndex>0</BoneIndex>
				<X>-0.449999362</X>
				<Y>1.41999757</Y>
				<Z>0.870000064</Z>
				<Pitch>0</Pitch>
				<Roll>0</Roll>
				<Yaw>-5.78165054e-006</Yaw>
			</Attachment>
		</Attachment>
		<Attachment>
			<ModelHash>0x3d66cd4d</ModelHash>
			<Type>3</Type>
			<Dynamic>false</Dynamic>
			<HashName>hei_prop_mini_sever_01</HashName>
			<InitialHandle>281111</InitialHandle>
			<ObjectProperties>
				<TextureVariation>0</TextureVariation>
			</ObjectProperties>
			<OpacityLevel>255</OpacityLevel>
			<LodDistance>16960</LodDistance>
			<IsVisible>true</IsVisible>
			<MaxHealth>1000</MaxHealth>
			<Health>1000</Health>
			<IsOnFire>false</IsOnFire>
			<IsInvincible>true</IsInvincible>
			<IsBulletProof>false</IsBulletProof>
			<IsCollisionProof>true</IsCollisionProof>
			<IsExplosionProof>true</IsExplosionProof>
			<IsFireProof>true</IsFireProof>
			<IsMeleeProof>true</IsMeleeProof>
			<IsOnlyDamagedByPlayer>false</IsOnlyDamagedByPlayer>
			<PositionRotation>
				<X>-1390.34082</X>
				<Y>-2414.64209</Y>
				<Z>14.7797928</Z>
				<Pitch>-89.9440384</Pitch>
				<Roll>-148.030472</Roll>
				<Yaw>0</Yaw>
			</PositionRotation>
			<Attachment isAttached="true">
				<AttachedTo>285207</AttachedTo>
				<BoneIndex>0</BoneIndex>
				<X>-0.46999985</X>
				<Y>-0.309999973</Y>
				<Z>0.809999526</Z>
				<Pitch>-89.9999924</Pitch>
				<Roll>0</Roll>
				<Yaw>0</Yaw>
			</Attachment>
		</Attachment>
		<Attachment>
			<ModelHash>0xc79a987e</ModelHash>
			<Type>3</Type>
			<Dynamic>false</Dynamic>
			<HashName>prop_beach_volball01</HashName>
			<InitialHandle>376855</InitialHandle>
			<TaskSequence>
				<Task>
					<Type>39</Type>
					<Duration>1000</Duration>
					<KeepTaskRunningAfterTime>-2</KeepTaskRunningAfterTime>
					<IsLoopedTask>true</IsLoopedTask>
					<AssetName>scr_trevor1</AssetName>
					<EffectName>scr_trev1_trailer_boosh</EffectName>
					<Scale>0.800000012</Scale>
					<Colour R="255" G="255" B="255" A="255" />
					<RelativePosition X="0" Y="0" Z="0" />
					<RelativeRotation X="0" Y="0" Z="0" />
				</Task>
			</TaskSequence>
			<ObjectProperties>
				<TextureVariation>0</TextureVariation>
			</ObjectProperties>
			<OpacityLevel>255</OpacityLevel>
			<LodDistance>16960</LodDistance>
			<IsVisible>false</IsVisible>
			<MaxHealth>1000</MaxHealth>
			<Health>0</Health>
			<IsOnFire>false</IsOnFire>
			<IsInvincible>true</IsInvincible>
			<IsBulletProof>false</IsBulletProof>
			<IsCollisionProof>true</IsCollisionProof>
			<IsExplosionProof>true</IsExplosionProof>
			<IsFireProof>true</IsFireProof>
			<IsMeleeProof>true</IsMeleeProof>
			<IsOnlyDamagedByPlayer>false</IsOnlyDamagedByPlayer>
			<PositionRotation>
				<X>-1391.17932</X>
				<Y>-2413.77539</Y>
				<Z>13.5702181</Z>
				<Pitch>-0.0553526022</Pitch>
				<Roll>89.992897</Roll>
				<Yaw>148.030457</Yaw>
			</PositionRotation>
			<Attachment isAttached="true">
				<AttachedTo>277271</AttachedTo>
				<BoneIndex>0</BoneIndex>
				<X>0.5</X>
				<Y>1.1920929e-007</Y>
				<Z>0</Z>
				<Pitch>0</Pitch>
				<Roll>0</Roll>
				<Yaw>0</Yaw>
			</Attachment>
		</Attachment>
		<Attachment>
			<ModelHash>0xc79a987e</ModelHash>
			<Type>3</Type>
			<Dynamic>false</Dynamic>
			<HashName>prop_beach_volball01</HashName>
			<InitialHandle>371479</InitialHandle>
			<TaskSequence>
				<Task>
					<Type>39</Type>
					<Duration>1000</Duration>
					<KeepTaskRunningAfterTime>-2</KeepTaskRunningAfterTime>
					<IsLoopedTask>true</IsLoopedTask>
					<AssetName>scr_trevor1</AssetName>
					<EffectName>scr_trev1_trailer_boosh</EffectName>
					<Scale>0.800000012</Scale>
					<Colour R="255" G="255" B="255" A="255" />
					<RelativePosition X="0" Y="0" Z="0" />
					<RelativeRotation X="0" Y="0" Z="0" />
				</Task>
			</TaskSequence>
			<ObjectProperties>
				<TextureVariation>0</TextureVariation>
			</ObjectProperties>
			<OpacityLevel>255</OpacityLevel>
			<LodDistance>16960</LodDistance>
			<IsVisible>false</IsVisible>
			<MaxHealth>1000</MaxHealth>
			<Health>0</Health>
			<IsOnFire>false</IsOnFire>
			<IsInvincible>true</IsInvincible>
			<IsBulletProof>false</IsBulletProof>
			<IsCollisionProof>true</IsCollisionProof>
			<IsExplosionProof>true</IsExplosionProof>
			<IsFireProof>true</IsFireProof>
			<IsMeleeProof>true</IsMeleeProof>
			<IsOnlyDamagedByPlayer>false</IsOnlyDamagedByPlayer>
			<PositionRotation>
				<X>-1392.66187</X>
				<Y>-2416.15088</Y>
				<Z>13.5675135</Z>
				<Pitch>-0.0553526022</Pitch>
				<Roll>89.992897</Roll>
				<Yaw>148.030457</Yaw>
			</PositionRotation>
			<Attachment isAttached="true">
				<AttachedTo>277271</AttachedTo>
				<BoneIndex>0</BoneIndex>
				<X>0.5</X>
				<Y>2.79999971</Y>
				<Z>0</Z>
				<Pitch>0</Pitch>
				<Roll>0</Roll>
				<Yaw>0</Yaw>
			</Attachment>
		</Attachment>
		<Attachment>
			<ModelHash>0xc79a987e</ModelHash>
			<Type>3</Type>
			<Dynamic>false</Dynamic>
			<HashName>prop_beach_volball01</HashName>
			<InitialHandle>365847</InitialHandle>
			<TaskSequence>
				<Task>
					<Type>39</Type>
					<Duration>1000</Duration>
					<KeepTaskRunningAfterTime>-2</KeepTaskRunningAfterTime>
					<IsLoopedTask>true</IsLoopedTask>
					<AssetName>scr_trevor1</AssetName>
					<EffectName>scr_trev1_trailer_boosh</EffectName>
					<Scale>0.800000012</Scale>
					<Colour R="255" G="255" B="255" A="255" />
					<RelativePosition X="0" Y="0" Z="0" />
					<RelativeRotation X="0" Y="0" Z="0" />
				</Task>
			</TaskSequence>
			<ObjectProperties>
				<TextureVariation>0</TextureVariation>
			</ObjectProperties>
			<OpacityLevel>255</OpacityLevel>
			<LodDistance>16960</LodDistance>
			<IsVisible>false</IsVisible>
			<MaxHealth>1000</MaxHealth>
			<Health>0</Health>
			<IsOnFire>false</IsOnFire>
			<IsInvincible>true</IsInvincible>
			<IsBulletProof>false</IsBulletProof>
			<IsCollisionProof>true</IsCollisionProof>
			<IsExplosionProof>true</IsExplosionProof>
			<IsFireProof>true</IsFireProof>
			<IsMeleeProof>true</IsMeleeProof>
			<IsOnlyDamagedByPlayer>false</IsOnlyDamagedByPlayer>
			<PositionRotation>
				<X>-1391.13489</X>
				<Y>-2417.10376</Y>
				<Z>13.5672903</Z>
				<Pitch>-0.0553526022</Pitch>
				<Roll>89.992897</Roll>
				<Yaw>148.030457</Yaw>
			</PositionRotation>
			<Attachment isAttached="true">
				<AttachedTo>277271</AttachedTo>
				<BoneIndex>0</BoneIndex>
				<X>0.5</X>
				<Y>2.79999971</Y>
				<Z>-1.80000019</Z>
				<Pitch>0</Pitch>
				<Roll>0</Roll>
				<Yaw>0</Yaw>
			</Attachment>
		</Attachment>
		<Attachment>
			<ModelHash>0xc79a987e</ModelHash>
			<Type>3</Type>
			<Dynamic>false</Dynamic>
			<HashName>prop_beach_volball01</HashName>
			<InitialHandle>444695</InitialHandle>
			<TaskSequence>
				<Task>
					<Type>39</Type>
					<Duration>1000</Duration>
					<KeepTaskRunningAfterTime>-2</KeepTaskRunningAfterTime>
					<IsLoopedTask>true</IsLoopedTask>
					<AssetName>scr_trevor1</AssetName>
					<EffectName>scr_trev1_trailer_boosh</EffectName>
					<Scale>0.800000012</Scale>
					<Colour R="255" G="255" B="255" A="255" />
					<RelativePosition X="0" Y="0" Z="0" />
					<RelativeRotation X="0" Y="0" Z="0" />
				</Task>
			</TaskSequence>
			<ObjectProperties>
				<TextureVariation>0</TextureVariation>
			</ObjectProperties>
			<OpacityLevel>255</OpacityLevel>
			<LodDistance>16960</LodDistance>
			<IsVisible>false</IsVisible>
			<MaxHealth>1000</MaxHealth>
			<Health>0</Health>
			<IsOnFire>false</IsOnFire>
			<IsInvincible>true</IsInvincible>
			<IsBulletProof>false</IsBulletProof>
			<IsCollisionProof>true</IsCollisionProof>
			<IsExplosionProof>true</IsExplosionProof>
			<IsFireProof>true</IsFireProof>
			<IsMeleeProof>true</IsMeleeProof>
			<IsOnlyDamagedByPlayer>false</IsOnlyDamagedByPlayer>
			<PositionRotation>
				<X>-1389.65234</X>
				<Y>-2414.72852</Y>
				<Z>13.5699949</Z>
				<Pitch>-0.0553526022</Pitch>
				<Roll>89.992897</Roll>
				<Yaw>148.030457</Yaw>
			</PositionRotation>
			<Attachment isAttached="true">
				<AttachedTo>277271</AttachedTo>
				<BoneIndex>0</BoneIndex>
				<X>0.5</X>
				<Y>1.1920929e-007</Y>
				<Z>-1.80000043</Z>
				<Pitch>0</Pitch>
				<Roll>0</Roll>
				<Yaw>0</Yaw>
			</Attachment>
		</Attachment>
	</SpoonerAttachments>
</Vehicle>
