<?xml version="1.0" encoding="ISO-8859-1"?>
<Vehicle menyoo_ver="0.999859b">
	<ModelHash>0x42bc5e19</ModelHash>
	<InitialHandle>315430</InitialHandle>
	<VehicleProperties>
		<Colours>
			<Primary>12</Primary>
			<Secondary>13</Secondary>
			<Pearl>20</Pearl>
			<Rim>0</Rim>
			<Mod1_a>6</Mod1_a>
			<Mod1_b>-1</Mod1_b>
			<Mod1_c>-1</Mod1_c>
			<Mod2_a>6</Mod2_a>
			<Mod2_b>-1</Mod2_b>
			<IsPrimaryColourCustom>false</IsPrimaryColourCustom>
			<IsSecondaryColourCustom>false</IsSecondaryColourCustom>
			<tyreSmoke_R>255</tyreSmoke_R>
			<tyreSmoke_G>255</tyreSmoke_G>
			<tyreSmoke_B>255</tyreSmoke_B>
			<LrInterior>26</LrInterior>
			<LrDashboard>0</LrDashboard>
		</Colours>
		<Livery>-1</Livery>
		<NumberPlateText> SPLAT  </NumberPlateText>
		<NumberPlateIndex>1</NumberPlateIndex>
		<WheelType>4</WheelType>
		<WheelsInvisible>false</WheelsInvisible>
		<EngineSoundName>BTYPE2</EngineSoundName>
		<WindowTint>3</WindowTint>
		<BulletProofTyres>true</BulletProofTyres>
		<DirtLevel>1.15222669</DirtLevel>
		<PaintFade>0.298039228</PaintFade>
		<RoofState>0</RoofState>
		<SirenActive>false</SirenActive>
		<EngineOn>true</EngineOn>
		<EngineHealth>1000</EngineHealth>
		<LightsOn>true</LightsOn>
		<IsRadioLoud>0</IsRadioLoud>
		<Neons>
			<Left>false</Left>
			<Right>false</Right>
			<Front>false</Front>
			<Back>false</Back>
			<R>255</R>
			<G>0</G>
			<B>255</B>
		</Neons>
		<ModExtras />
		<Mods>
			<_0>-1,0</_0>
			<_1>-1,0</_1>
			<_2>-1,0</_2>
			<_3>-1,0</_3>
			<_4>4,0</_4>
			<_5>-1,0</_5>
			<_6>4,0</_6>
			<_7>3,0</_7>
			<_8>-1,0</_8>
			<_9>-1,0</_9>
			<_10>0,0</_10>
			<_11>3,0</_11>
			<_12>2,0</_12>
			<_13>2,0</_13>
			<_14>-1,0</_14>
			<_15>-1,0</_15>
			<_16>4,0</_16>
			<_17>false</_17>
			<_18>true</_18>
			<_19>false</_19>
			<_20>true</_20>
			<_21>false</_21>
			<_22>true</_22>
			<_23>0,1</_23>
			<_24>0,0</_24>
			<_25>10,0</_25>
			<_26>11,0</_26>
			<_27>1,0</_27>
			<_28>44,0</_28>
			<_29>0,0</_29>
			<_30>13,0</_30>
			<_31>-1,0</_31>
			<_32>9,0</_32>
			<_33>12,0</_33>
			<_34>14,0</_34>
			<_35>19,0</_35>
			<_36>-1,0</_36>
			<_37>-1,0</_37>
			<_38>3,0</_38>
			<_39>3,0</_39>
			<_40>4,0</_40>
			<_41>-1,0</_41>
			<_42>-1,0</_42>
			<_43>-1,0</_43>
			<_44>-1,0</_44>
			<_45>1,0</_45>
			<_46>0,0</_46>
			<_47>-1,0</_47>
			<_48>8,0</_48>
		</Mods>
		<DoorsOpen>
			<BackLeftDoor>false</BackLeftDoor>
			<BackRightDoor>false</BackRightDoor>
			<FrontLeftDoor>false</FrontLeftDoor>
			<FrontRightDoor>false</FrontRightDoor>
			<Hood>false</Hood>
			<Trunk>false</Trunk>
			<Trunk2>false</Trunk2>
		</DoorsOpen>
		<DoorsBroken>
			<BackLeftDoor>false</BackLeftDoor>
			<BackRightDoor>false</BackRightDoor>
			<FrontLeftDoor>false</FrontLeftDoor>
			<FrontRightDoor>false</FrontRightDoor>
			<Hood>false</Hood>
			<Trunk>false</Trunk>
			<Trunk2>false</Trunk2>
		</DoorsBroken>
		<TyresBursted>
			<FrontLeft>false</FrontLeft>
			<FrontRight>false</FrontRight>
			<_2>false</_2>
			<_3>false</_3>
			<BackLeft>false</BackLeft>
			<BackRight>false</BackRight>
			<_6>false</_6>
			<_7>false</_7>
			<_8>false</_8>
		</TyresBursted>
		<RpmMultiplier>1</RpmMultiplier>
		<TorqueMultiplier>1.10000002</TorqueMultiplier>
		<HeadlightIntensity>1.60000014</HeadlightIntensity>
	</VehicleProperties>
	<OpacityLevel>255</OpacityLevel>
	<LodDistance>500</LodDistance>
	<IsVisible>true</IsVisible>
	<IsDriverVisible>true</IsDriverVisible>
	<MaxHealth>1000</MaxHealth>
	<Health>1000</Health>
	<IsOnFire>false</IsOnFire>
	<IsInvincible>true</IsInvincible>
	<IsBulletProof>true</IsBulletProof>
	<IsExplosionProof>true</IsExplosionProof>
	<IsFireProof>false</IsFireProof>
	<IsMeleeProof>true</IsMeleeProof>
	<IsOnlyDamagedByPlayer>false</IsOnlyDamagedByPlayer>
	<SpoonerAttachments SetAttachmentsPersistentAndAddToSpoonerDatabase="true">
		<Attachment>
			<ModelHash>0x306e29b4</ModelHash>
			<Type>3</Type>
			<Dynamic>true</Dynamic>
			<HashName>prop_ballistic_shield_lod1</HashName>
			<InitialHandle>711716</InitialHandle>
			<ObjectProperties>
				<TextureVariation>0</TextureVariation>
			</ObjectProperties>
			<OpacityLevel>255</OpacityLevel>
			<LodDistance>16960</LodDistance>
			<IsVisible>true</IsVisible>
			<MaxHealth>1000</MaxHealth>
			<Health>1000</Health>
			<IsOnFire>false</IsOnFire>
			<IsInvincible>true</IsInvincible>
			<IsBulletProof>false</IsBulletProof>
			<IsCollisionProof>true</IsCollisionProof>
			<IsExplosionProof>true</IsExplosionProof>
			<IsFireProof>true</IsFireProof>
			<IsMeleeProof>true</IsMeleeProof>
			<IsOnlyDamagedByPlayer>false</IsOnlyDamagedByPlayer>
			<PositionRotation>
				<X>-657.454468</X>
				<Y>-653.806458</Y>
				<Z>31.0433674</Z>
				<Pitch>-14.8438749</Pitch>
				<Roll>90.8694</Roll>
				<Yaw>144.988403</Yaw>
			</PositionRotation>
			<Attachment isAttached="true">
				<AttachedTo>315430</AttachedTo>
				<BoneIndex>0</BoneIndex>
				<X>-0.490000725</X>
				<Y>2.74999952</Y>
				<Z>-0.110000044</Z>
				<Pitch>-13.9000168</Pitch>
				<Roll>89.7000275</Roll>
				<Yaw>214.102432</Yaw>
			</Attachment>
		</Attachment>
		<Attachment>
			<ModelHash>0x306e29b4</ModelHash>
			<Type>3</Type>
			<Dynamic>true</Dynamic>
			<HashName>prop_ballistic_shield_lod1</HashName>
			<InitialHandle>470808</InitialHandle>
			<ObjectProperties>
				<TextureVariation>0</TextureVariation>
			</ObjectProperties>
			<OpacityLevel>255</OpacityLevel>
			<LodDistance>16960</LodDistance>
			<IsVisible>true</IsVisible>
			<MaxHealth>1000</MaxHealth>
			<Health>1000</Health>
			<IsOnFire>false</IsOnFire>
			<IsInvincible>true</IsInvincible>
			<IsBulletProof>false</IsBulletProof>
			<IsCollisionProof>true</IsCollisionProof>
			<IsExplosionProof>true</IsExplosionProof>
			<IsFireProof>true</IsFireProof>
			<IsMeleeProof>true</IsMeleeProof>
			<IsOnlyDamagedByPlayer>false</IsOnlyDamagedByPlayer>
			<PositionRotation>
				<X>-657.197693</X>
				<Y>-654.916992</Y>
				<Z>31.0576458</Z>
				<Pitch>-15.9011478</Pitch>
				<Roll>-90.8758545</Roll>
				<Yaw>76.4333649</Yaw>
			</PositionRotation>
			<Attachment isAttached="true">
				<AttachedTo>315430</AttachedTo>
				<BoneIndex>0</BoneIndex>
				<X>0.640001059</X>
				<Y>2.59999967</Y>
				<Z>-0.100000061</Z>
				<Pitch>-14.5000191</Pitch>
				<Roll>-90.3999786</Roll>
				<Yaw>145.962448</Yaw>
			</Attachment>
		</Attachment>
		<Attachment>
			<ModelHash>0x306e29b4</ModelHash>
			<Type>3</Type>
			<Dynamic>true</Dynamic>
			<HashName>prop_ballistic_shield_lod1</HashName>
			<InitialHandle>48678</InitialHandle>
			<ObjectProperties>
				<TextureVariation>0</TextureVariation>
			</ObjectProperties>
			<OpacityLevel>255</OpacityLevel>
			<LodDistance>16960</LodDistance>
			<IsVisible>true</IsVisible>
			<MaxHealth>1000</MaxHealth>
			<Health>1000</Health>
			<IsOnFire>false</IsOnFire>
			<IsInvincible>true</IsInvincible>
			<IsBulletProof>false</IsBulletProof>
			<IsCollisionProof>true</IsCollisionProof>
			<IsExplosionProof>true</IsExplosionProof>
			<IsFireProof>true</IsFireProof>
			<IsMeleeProof>true</IsMeleeProof>
			<IsOnlyDamagedByPlayer>false</IsOnlyDamagedByPlayer>
			<PositionRotation>
				<X>-657.110107</X>
				<Y>-654.723816</Y>
				<Z>31.0602951</Z>
				<Pitch>-15.9011478</Pitch>
				<Roll>-90.8758545</Roll>
				<Yaw>76.4333649</Yaw>
			</PositionRotation>
			<Attachment isAttached="true">
				<AttachedTo>315430</AttachedTo>
				<BoneIndex>0</BoneIndex>
				<X>0.490001202</X>
				<Y>2.74999952</Y>
				<Z>-0.100000061</Z>
				<Pitch>-14.5000191</Pitch>
				<Roll>-90.3999786</Roll>
				<Yaw>145.962448</Yaw>
			</Attachment>
		</Attachment>
		<Attachment>
			<ModelHash>0x306e29b4</ModelHash>
			<Type>3</Type>
			<Dynamic>true</Dynamic>
			<HashName>prop_ballistic_shield_lod1</HashName>
			<InitialHandle>180772</InitialHandle>
			<ObjectProperties>
				<TextureVariation>0</TextureVariation>
			</ObjectProperties>
			<OpacityLevel>255</OpacityLevel>
			<LodDistance>16960</LodDistance>
			<IsVisible>true</IsVisible>
			<MaxHealth>1000</MaxHealth>
			<Health>1000</Health>
			<IsOnFire>false</IsOnFire>
			<IsInvincible>true</IsInvincible>
			<IsBulletProof>false</IsBulletProof>
			<IsCollisionProof>true</IsCollisionProof>
			<IsExplosionProof>true</IsExplosionProof>
			<IsFireProof>true</IsFireProof>
			<IsMeleeProof>true</IsMeleeProof>
			<IsOnlyDamagedByPlayer>false</IsOnlyDamagedByPlayer>
			<PositionRotation>
				<X>-657.042725</X>
				<Y>-654.784546</Y>
				<Z>30.9918747</Z>
				<Pitch>-35.2857056</Pitch>
				<Roll>-90.6951675</Roll>
				<Yaw>85.3963623</Yaw>
			</PositionRotation>
			<Attachment isAttached="true">
				<AttachedTo>315430</AttachedTo>
				<BoneIndex>58</BoneIndex>
				<X>0.570001125</X>
				<Y>2.78999949</Y>
				<Z>-0.170000046</Z>
				<Pitch>-33.8300514</Pitch>
				<Roll>-90.4099808</Roll>
				<Yaw>154.962448</Yaw>
			</Attachment>
		</Attachment>
		<Attachment>
			<ModelHash>0x306e29b4</ModelHash>
			<Type>3</Type>
			<Dynamic>true</Dynamic>
			<HashName>prop_ballistic_shield_lod1</HashName>
			<InitialHandle>363287</InitialHandle>
			<ObjectProperties>
				<TextureVariation>0</TextureVariation>
			</ObjectProperties>
			<OpacityLevel>255</OpacityLevel>
			<LodDistance>16960</LodDistance>
			<IsVisible>true</IsVisible>
			<MaxHealth>1000</MaxHealth>
			<Health>1000</Health>
			<IsOnFire>false</IsOnFire>
			<IsInvincible>true</IsInvincible>
			<IsBulletProof>false</IsBulletProof>
			<IsCollisionProof>true</IsCollisionProof>
			<IsExplosionProof>true</IsExplosionProof>
			<IsFireProof>true</IsFireProof>
			<IsMeleeProof>true</IsMeleeProof>
			<IsOnlyDamagedByPlayer>false</IsOnlyDamagedByPlayer>
			<PositionRotation>
				<X>-657.131165</X>
				<Y>-655.45874</Y>
				<Z>30.9881992</Z>
				<Pitch>-35.2472191</Pitch>
				<Roll>-90.904129</Roll>
				<Yaw>78.4775543</Yaw>
			</PositionRotation>
			<Attachment isAttached="true">
				<AttachedTo>315430</AttachedTo>
				<BoneIndex>58</BoneIndex>
				<X>1.17000127</X>
				<Y>2.46999979</Y>
				<Z>-0.170000046</Z>
				<Pitch>-33.8300514</Pitch>
				<Roll>-90.4099808</Roll>
				<Yaw>148.162033</Yaw>
			</Attachment>
		</Attachment>
		<Attachment>
			<ModelHash>0x306e29b4</ModelHash>
			<Type>3</Type>
			<Dynamic>true</Dynamic>
			<HashName>prop_ballistic_shield_lod1</HashName>
			<InitialHandle>476197</InitialHandle>
			<ObjectProperties>
				<TextureVariation>0</TextureVariation>
			</ObjectProperties>
			<OpacityLevel>255</OpacityLevel>
			<LodDistance>16960</LodDistance>
			<IsVisible>true</IsVisible>
			<MaxHealth>1000</MaxHealth>
			<Health>1000</Health>
			<IsOnFire>false</IsOnFire>
			<IsInvincible>true</IsInvincible>
			<IsBulletProof>false</IsBulletProof>
			<IsCollisionProof>true</IsCollisionProof>
			<IsExplosionProof>true</IsExplosionProof>
			<IsFireProof>true</IsFireProof>
			<IsMeleeProof>true</IsMeleeProof>
			<IsOnlyDamagedByPlayer>false</IsOnlyDamagedByPlayer>
			<PositionRotation>
				<X>-657.580872</X>
				<Y>-653.725769</Y>
				<Z>31.0402927</Z>
				<Pitch>-14.8438749</Pitch>
				<Roll>90.8694</Roll>
				<Yaw>144.988403</Yaw>
			</PositionRotation>
			<Attachment isAttached="true">
				<AttachedTo>315430</AttachedTo>
				<BoneIndex>0</BoneIndex>
				<X>-0.61000061</X>
				<Y>2.65999961</Y>
				<Z>-0.110000044</Z>
				<Pitch>-13.9000168</Pitch>
				<Roll>89.7000275</Roll>
				<Yaw>214.102432</Yaw>
			</Attachment>
		</Attachment>
		<Attachment>
			<ModelHash>0x306e29b4</ModelHash>
			<Type>3</Type>
			<Dynamic>true</Dynamic>
			<HashName>prop_ballistic_shield_lod1</HashName>
			<InitialHandle>697124</InitialHandle>
			<ObjectProperties>
				<TextureVariation>0</TextureVariation>
			</ObjectProperties>
			<OpacityLevel>255</OpacityLevel>
			<LodDistance>16960</LodDistance>
			<IsVisible>true</IsVisible>
			<MaxHealth>1000</MaxHealth>
			<Health>1000</Health>
			<IsOnFire>false</IsOnFire>
			<IsInvincible>true</IsInvincible>
			<IsBulletProof>false</IsBulletProof>
			<IsCollisionProof>true</IsCollisionProof>
			<IsExplosionProof>true</IsExplosionProof>
			<IsFireProof>true</IsFireProof>
			<IsMeleeProof>true</IsMeleeProof>
			<IsOnlyDamagedByPlayer>false</IsOnlyDamagedByPlayer>
			<PositionRotation>
				<X>-657.399841</X>
				<Y>-653.690369</Y>
				<Z>30.9649849</Z>
				<Pitch>-48.1689072</Pitch>
				<Roll>91.0321732</Roll>
				<Yaw>132.681702</Yaw>
			</PositionRotation>
			<Attachment isAttached="true">
				<AttachedTo>315430</AttachedTo>
				<BoneIndex>0</BoneIndex>
				<X>-0.580000639</X>
				<Y>2.83999944</Y>
				<Z>-0.190000087</Z>
				<Pitch>-46.9998016</Pitch>
				<Roll>89.7000275</Roll>
				<Yaw>201.102432</Yaw>
			</Attachment>
		</Attachment>
		<Attachment>
			<ModelHash>0x306e29b4</ModelHash>
			<Type>3</Type>
			<Dynamic>true</Dynamic>
			<HashName>prop_ballistic_shield_lod1</HashName>
			<InitialHandle>157988</InitialHandle>
			<ObjectProperties>
				<TextureVariation>0</TextureVariation>
			</ObjectProperties>
			<OpacityLevel>255</OpacityLevel>
			<LodDistance>16960</LodDistance>
			<IsVisible>true</IsVisible>
			<MaxHealth>1000</MaxHealth>
			<Health>1000</Health>
			<IsOnFire>false</IsOnFire>
			<IsInvincible>true</IsInvincible>
			<IsBulletProof>false</IsBulletProof>
			<IsCollisionProof>true</IsCollisionProof>
			<IsExplosionProof>true</IsExplosionProof>
			<IsFireProof>true</IsFireProof>
			<IsMeleeProof>true</IsMeleeProof>
			<IsOnlyDamagedByPlayer>false</IsOnlyDamagedByPlayer>
			<PositionRotation>
				<X>-657.904236</X>
				<Y>-653.228394</Y>
				<Z>30.9430046</Z>
				<Pitch>-46.6324806</Pitch>
				<Roll>91.2996521</Roll>
				<Yaw>143.952148</Yaw>
			</PositionRotation>
			<Attachment isAttached="true">
				<AttachedTo>315430</AttachedTo>
				<BoneIndex>0</BoneIndex>
				<X>-1.19000089</X>
				<Y>2.52999949</Y>
				<Z>-0.200000092</Z>
				<Pitch>-45.6598587</Pitch>
				<Roll>89.7000275</Roll>
				<Yaw>212.202866</Yaw>
			</Attachment>
		</Attachment>
		<Attachment>
			<ModelHash>0xe2ba016f</ModelHash>
			<Type>3</Type>
			<Dynamic>false</Dynamic>
			<HashName>prop_cs_katana_01</HashName>
			<InitialHandle>125977</InitialHandle>
			<ObjectProperties>
				<TextureVariation>0</TextureVariation>
			</ObjectProperties>
			<OpacityLevel>255</OpacityLevel>
			<LodDistance>16960</LodDistance>
			<IsVisible>true</IsVisible>
			<MaxHealth>1000</MaxHealth>
			<Health>0</Health>
			<IsOnFire>false</IsOnFire>
			<IsInvincible>false</IsInvincible>
			<IsBulletProof>false</IsBulletProof>
			<IsCollisionProof>false</IsCollisionProof>
			<IsExplosionProof>false</IsExplosionProof>
			<IsFireProof>false</IsFireProof>
			<IsMeleeProof>false</IsMeleeProof>
			<IsOnlyDamagedByPlayer>false</IsOnlyDamagedByPlayer>
			<PositionRotation>
				<X>-661.336304</X>
				<Y>-655.291809</Y>
				<Z>30.9543495</Z>
				<Pitch>-41.2214584</Pitch>
				<Roll>89.0038071</Roll>
				<Yaw>110.603172</Yaw>
			</PositionRotation>
			<Attachment isAttached="true">
				<AttachedTo>315430</AttachedTo>
				<BoneIndex>7</BoneIndex>
				<X>1.28000081</X>
				<Y>0.0100000016</Y>
				<Z>-2.04890966e-007</Z>
				<Pitch>90.0000076</Pitch>
				<Roll>0</Roll>
				<Yaw>-271.000031</Yaw>
			</Attachment>
		</Attachment>
		<Attachment>
			<ModelHash>0x0a22cea2</ModelHash>
			<Type>3</Type>
			<Dynamic>false</Dynamic>
			<HashName>prop_cs_bowie_knife</HashName>
			<InitialHandle>321317</InitialHandle>
			<ObjectProperties>
				<TextureVariation>0</TextureVariation>
			</ObjectProperties>
			<OpacityLevel>255</OpacityLevel>
			<LodDistance>16960</LodDistance>
			<IsVisible>true</IsVisible>
			<MaxHealth>1000</MaxHealth>
			<Health>206</Health>
			<IsOnFire>false</IsOnFire>
			<IsInvincible>false</IsInvincible>
			<IsBulletProof>false</IsBulletProof>
			<IsCollisionProof>true</IsCollisionProof>
			<IsExplosionProof>false</IsExplosionProof>
			<IsFireProof>false</IsFireProof>
			<IsMeleeProof>false</IsMeleeProof>
			<IsOnlyDamagedByPlayer>false</IsOnlyDamagedByPlayer>
			<PositionRotation>
				<X>-657.353027</X>
				<Y>-653.970459</Y>
				<Z>31.1556644</Z>
				<Pitch>-66.8630371</Pitch>
				<Roll>-2.44708586</Roll>
				<Yaw>-46.9241333</Yaw>
			</PositionRotation>
			<Attachment isAttached="true">
				<AttachedTo>315430</AttachedTo>
				<BoneIndex>0</BoneIndex>
				<X>-0.300000042</X>
				<Y>2.78999805</Y>
				<Z>0</Z>
				<Pitch>-68</Pitch>
				<Roll>0</Roll>
				<Yaw>24.7400017</Yaw>
			</Attachment>
		</Attachment>
		<Attachment>
			<ModelHash>0x7773ca4a</ModelHash>
			<Type>3</Type>
			<Dynamic>true</Dynamic>
			<HashName>prop_fncsec_02pole</HashName>
			<InitialHandle>773922</InitialHandle>
			<ObjectProperties>
				<TextureVariation>0</TextureVariation>
			</ObjectProperties>
			<OpacityLevel>255</OpacityLevel>
			<LodDistance>16960</LodDistance>
			<IsVisible>true</IsVisible>
			<MaxHealth>1000</MaxHealth>
			<Health>1000</Health>
			<IsOnFire>false</IsOnFire>
			<IsInvincible>true</IsInvincible>
			<IsBulletProof>false</IsBulletProof>
			<IsCollisionProof>true</IsCollisionProof>
			<IsExplosionProof>true</IsExplosionProof>
			<IsFireProof>true</IsFireProof>
			<IsMeleeProof>true</IsMeleeProof>
			<IsOnlyDamagedByPlayer>false</IsOnlyDamagedByPlayer>
			<PositionRotation>
				<X>-659.018738</X>
				<Y>-654.916321</Y>
				<Z>31.2109947</Z>
				<Pitch>-88.2353058</Pitch>
				<Roll>-13.2752047</Roll>
				<Yaw>-82.678421</Yaw>
			</PositionRotation>
			<Attachment isAttached="true">
				<AttachedTo>315430</AttachedTo>
				<BoneIndex>0</BoneIndex>
				<X>0</X>
				<Y>0.900000215</Y>
				<Z>0.100000016</Z>
				<Pitch>-89.7000046</Pitch>
				<Roll>0</Roll>
				<Yaw>0</Yaw>
			</Attachment>
		</Attachment>
		<Attachment>
			<ModelHash>0x7773ca4a</ModelHash>
			<Type>3</Type>
			<Dynamic>true</Dynamic>
			<HashName>prop_fncsec_02pole</HashName>
			<InitialHandle>386342</InitialHandle>
			<ObjectProperties>
				<TextureVariation>0</TextureVariation>
			</ObjectProperties>
			<OpacityLevel>255</OpacityLevel>
			<LodDistance>16960</LodDistance>
			<IsVisible>true</IsVisible>
			<MaxHealth>1000</MaxHealth>
			<Health>1000</Health>
			<IsOnFire>false</IsOnFire>
			<IsInvincible>true</IsInvincible>
			<IsBulletProof>false</IsBulletProof>
			<IsCollisionProof>true</IsCollisionProof>
			<IsExplosionProof>true</IsExplosionProof>
			<IsFireProof>true</IsFireProof>
			<IsMeleeProof>true</IsMeleeProof>
			<IsOnlyDamagedByPlayer>false</IsOnlyDamagedByPlayer>
			<PositionRotation>
				<X>-658.901306</X>
				<Y>-654.873657</Y>
				<Z>31.0140285</Z>
				<Pitch>-88.2353058</Pitch>
				<Roll>-13.2752047</Roll>
				<Yaw>-82.678421</Yaw>
			</PositionRotation>
			<Attachment isAttached="true">
				<AttachedTo>315430</AttachedTo>
				<BoneIndex>0</BoneIndex>
				<X>0</X>
				<Y>1.02000022</Y>
				<Z>-0.100000016</Z>
				<Pitch>-89.7000046</Pitch>
				<Roll>0</Roll>
				<Yaw>0</Yaw>
			</Attachment>
		</Attachment>
		<Attachment>
			<ModelHash>0x7773ca4a</ModelHash>
			<Type>3</Type>
			<Dynamic>true</Dynamic>
			<HashName>prop_fncsec_02pole</HashName>
			<InitialHandle>722980</InitialHandle>
			<ObjectProperties>
				<TextureVariation>0</TextureVariation>
			</ObjectProperties>
			<OpacityLevel>255</OpacityLevel>
			<LodDistance>16960</LodDistance>
			<IsVisible>true</IsVisible>
			<MaxHealth>1000</MaxHealth>
			<Health>1000</Health>
			<IsOnFire>false</IsOnFire>
			<IsInvincible>true</IsInvincible>
			<IsBulletProof>false</IsBulletProof>
			<IsCollisionProof>true</IsCollisionProof>
			<IsExplosionProof>true</IsExplosionProof>
			<IsFireProof>true</IsFireProof>
			<IsMeleeProof>true</IsMeleeProof>
			<IsOnlyDamagedByPlayer>false</IsOnlyDamagedByPlayer>
			<PositionRotation>
				<X>-658.793213</X>
				<Y>-654.834595</Y>
				<Z>30.8168163</Z>
				<Pitch>-88.2353058</Pitch>
				<Roll>-13.2752047</Roll>
				<Yaw>-82.678421</Yaw>
			</PositionRotation>
			<Attachment isAttached="true">
				<AttachedTo>315430</AttachedTo>
				<BoneIndex>0</BoneIndex>
				<X>0</X>
				<Y>1.13000023</Y>
				<Z>-0.300000042</Z>
				<Pitch>-89.7000046</Pitch>
				<Roll>0</Roll>
				<Yaw>0</Yaw>
			</Attachment>
		</Attachment>
		<Attachment>
			<ModelHash>0x0a22cea2</ModelHash>
			<Type>3</Type>
			<Dynamic>false</Dynamic>
			<HashName>prop_cs_bowie_knife</HashName>
			<InitialHandle>215332</InitialHandle>
			<ObjectProperties>
				<TextureVariation>0</TextureVariation>
			</ObjectProperties>
			<OpacityLevel>255</OpacityLevel>
			<LodDistance>16960</LodDistance>
			<IsVisible>true</IsVisible>
			<MaxHealth>1000</MaxHealth>
			<Health>285</Health>
			<IsOnFire>false</IsOnFire>
			<IsInvincible>false</IsInvincible>
			<IsBulletProof>false</IsBulletProof>
			<IsCollisionProof>true</IsCollisionProof>
			<IsExplosionProof>false</IsExplosionProof>
			<IsFireProof>false</IsFireProof>
			<IsMeleeProof>false</IsMeleeProof>
			<IsOnlyDamagedByPlayer>false</IsOnlyDamagedByPlayer>
			<PositionRotation>
				<X>-657.605042</X>
				<Y>-653.75531</Y>
				<Z>31.1596527</Z>
				<Pitch>-66.8630371</Pitch>
				<Roll>-2.44708586</Roll>
				<Yaw>-46.9241333</Yaw>
			</PositionRotation>
			<Attachment isAttached="true">
				<AttachedTo>315430</AttachedTo>
				<BoneIndex>0</BoneIndex>
				<X>-0.589999795</X>
				<Y>2.62999821</Y>
				<Z>0.00999999791</Z>
				<Pitch>-68</Pitch>
				<Roll>0</Roll>
				<Yaw>24.7400017</Yaw>
			</Attachment>
		</Attachment>
		<Attachment>
			<ModelHash>0x0a22cea2</ModelHash>
			<Type>3</Type>
			<Dynamic>false</Dynamic>
			<HashName>prop_cs_bowie_knife</HashName>
			<InitialHandle>525348</InitialHandle>
			<ObjectProperties>
				<TextureVariation>0</TextureVariation>
			</ObjectProperties>
			<OpacityLevel>255</OpacityLevel>
			<LodDistance>16960</LodDistance>
			<IsVisible>true</IsVisible>
			<MaxHealth>1000</MaxHealth>
			<Health>285</Health>
			<IsOnFire>false</IsOnFire>
			<IsInvincible>false</IsInvincible>
			<IsBulletProof>false</IsBulletProof>
			<IsCollisionProof>true</IsCollisionProof>
			<IsExplosionProof>false</IsExplosionProof>
			<IsFireProof>false</IsFireProof>
			<IsMeleeProof>false</IsMeleeProof>
			<IsOnlyDamagedByPlayer>false</IsOnlyDamagedByPlayer>
			<PositionRotation>
				<X>-657.92926</X>
				<Y>-653.546021</Y>
				<Z>31.1517696</Z>
				<Pitch>-66.8630371</Pitch>
				<Roll>-2.44708586</Roll>
				<Yaw>-46.9241333</Yaw>
			</PositionRotation>
			<Attachment isAttached="true">
				<AttachedTo>315430</AttachedTo>
				<BoneIndex>0</BoneIndex>
				<X>-0.899999499</X>
				<Y>2.39999843</Y>
				<Z>0.00999999791</Z>
				<Pitch>-68</Pitch>
				<Roll>0</Roll>
				<Yaw>24.7400017</Yaw>
			</Attachment>
		</Attachment>
		<Attachment>
			<ModelHash>0x0a22cea2</ModelHash>
			<Type>3</Type>
			<Dynamic>false</Dynamic>
			<HashName>prop_cs_bowie_knife</HashName>
			<InitialHandle>544792</InitialHandle>
			<ObjectProperties>
				<TextureVariation>0</TextureVariation>
			</ObjectProperties>
			<OpacityLevel>255</OpacityLevel>
			<LodDistance>16960</LodDistance>
			<IsVisible>true</IsVisible>
			<MaxHealth>1000</MaxHealth>
			<Health>285</Health>
			<IsOnFire>false</IsOnFire>
			<IsInvincible>false</IsInvincible>
			<IsBulletProof>false</IsBulletProof>
			<IsCollisionProof>true</IsCollisionProof>
			<IsExplosionProof>false</IsExplosionProof>
			<IsFireProof>false</IsFireProof>
			<IsMeleeProof>false</IsMeleeProof>
			<IsOnlyDamagedByPlayer>false</IsOnlyDamagedByPlayer>
			<PositionRotation>
				<X>-658.244141</X>
				<Y>-653.333191</Y>
				<Z>31.1441345</Z>
				<Pitch>-66.8630371</Pitch>
				<Roll>-2.44708586</Roll>
				<Yaw>-46.9241333</Yaw>
			</PositionRotation>
			<Attachment isAttached="true">
				<AttachedTo>315430</AttachedTo>
				<BoneIndex>0</BoneIndex>
				<X>-1.2099992</X>
				<Y>2.17999864</Y>
				<Z>0.00999999791</Z>
				<Pitch>-68</Pitch>
				<Roll>0</Roll>
				<Yaw>24.7400017</Yaw>
			</Attachment>
		</Attachment>
		<Attachment>
			<ModelHash>0x0a22cea2</ModelHash>
			<Type>3</Type>
			<Dynamic>false</Dynamic>
			<HashName>prop_cs_bowie_knife</HashName>
			<InitialHandle>278564</InitialHandle>
			<ObjectProperties>
				<TextureVariation>0</TextureVariation>
			</ObjectProperties>
			<OpacityLevel>255</OpacityLevel>
			<LodDistance>16960</LodDistance>
			<IsVisible>true</IsVisible>
			<MaxHealth>1000</MaxHealth>
			<Health>206</Health>
			<IsOnFire>false</IsOnFire>
			<IsInvincible>false</IsInvincible>
			<IsBulletProof>false</IsBulletProof>
			<IsCollisionProof>true</IsCollisionProof>
			<IsExplosionProof>false</IsExplosionProof>
			<IsFireProof>false</IsFireProof>
			<IsMeleeProof>false</IsMeleeProof>
			<IsOnlyDamagedByPlayer>false</IsOnlyDamagedByPlayer>
			<PositionRotation>
				<X>-657.141663</X>
				<Y>-654.478333</Y>
				<Z>31.1900387</Z>
				<Pitch>-66.5627899</Pitch>
				<Roll>0.853222966</Roll>
				<Yaw>-97.8771973</Yaw>
			</PositionRotation>
			<Attachment isAttached="true">
				<AttachedTo>315430</AttachedTo>
				<BoneIndex>0</BoneIndex>
				<X>0.250002623</X>
				<Y>2.80999804</Y>
				<Z>0.0300000012</Z>
				<Pitch>-68</Pitch>
				<Roll>0</Roll>
				<Yaw>-29.2600002</Yaw>
			</Attachment>
		</Attachment>
		<Attachment>
			<ModelHash>0x0a22cea2</ModelHash>
			<Type>3</Type>
			<Dynamic>false</Dynamic>
			<HashName>prop_cs_bowie_knife</HashName>
			<InitialHandle>38172</InitialHandle>
			<ObjectProperties>
				<TextureVariation>0</TextureVariation>
			</ObjectProperties>
			<OpacityLevel>255</OpacityLevel>
			<LodDistance>16960</LodDistance>
			<IsVisible>true</IsVisible>
			<MaxHealth>1000</MaxHealth>
			<Health>451</Health>
			<IsOnFire>false</IsOnFire>
			<IsInvincible>false</IsInvincible>
			<IsBulletProof>false</IsBulletProof>
			<IsCollisionProof>true</IsCollisionProof>
			<IsExplosionProof>false</IsExplosionProof>
			<IsFireProof>false</IsFireProof>
			<IsMeleeProof>false</IsMeleeProof>
			<IsOnlyDamagedByPlayer>false</IsOnlyDamagedByPlayer>
			<PositionRotation>
				<X>-657.199951</X>
				<Y>-654.778015</Y>
				<Z>31.1879196</Z>
				<Pitch>-66.5627899</Pitch>
				<Roll>0.853222966</Roll>
				<Yaw>-97.8771973</Yaw>
			</PositionRotation>
			<Attachment isAttached="true">
				<AttachedTo>315430</AttachedTo>
				<BoneIndex>0</BoneIndex>
				<X>0.510002375</X>
				<Y>2.64999819</Y>
				<Z>0.0300000012</Z>
				<Pitch>-68</Pitch>
				<Roll>0</Roll>
				<Yaw>-29.2600002</Yaw>
			</Attachment>
		</Attachment>
		<Attachment>
			<ModelHash>0x0a22cea2</ModelHash>
			<Type>3</Type>
			<Dynamic>false</Dynamic>
			<HashName>prop_cs_bowie_knife</HashName>
			<InitialHandle>85029</InitialHandle>
			<ObjectProperties>
				<TextureVariation>0</TextureVariation>
			</ObjectProperties>
			<OpacityLevel>255</OpacityLevel>
			<LodDistance>16960</LodDistance>
			<IsVisible>true</IsVisible>
			<MaxHealth>1000</MaxHealth>
			<Health>530</Health>
			<IsOnFire>false</IsOnFire>
			<IsInvincible>false</IsInvincible>
			<IsBulletProof>false</IsBulletProof>
			<IsCollisionProof>true</IsCollisionProof>
			<IsExplosionProof>false</IsExplosionProof>
			<IsFireProof>false</IsFireProof>
			<IsMeleeProof>false</IsMeleeProof>
			<IsOnlyDamagedByPlayer>false</IsOnlyDamagedByPlayer>
			<PositionRotation>
				<X>-657.265198</X>
				<Y>-655.144409</Y>
				<Z>31.185482</Z>
				<Pitch>-66.5627899</Pitch>
				<Roll>0.853222966</Roll>
				<Yaw>-97.8771973</Yaw>
			</PositionRotation>
			<Attachment isAttached="true">
				<AttachedTo>315430</AttachedTo>
				<BoneIndex>0</BoneIndex>
				<X>0.830002069</X>
				<Y>2.45999837</Y>
				<Z>0.0300000012</Z>
				<Pitch>-68</Pitch>
				<Roll>0</Roll>
				<Yaw>-29.2600002</Yaw>
			</Attachment>
		</Attachment>
		<Attachment>
			<ModelHash>0x0a22cea2</ModelHash>
			<Type>3</Type>
			<Dynamic>false</Dynamic>
			<HashName>prop_cs_bowie_knife</HashName>
			<InitialHandle>465433</InitialHandle>
			<ObjectProperties>
				<TextureVariation>0</TextureVariation>
			</ObjectProperties>
			<OpacityLevel>255</OpacityLevel>
			<LodDistance>16960</LodDistance>
			<IsVisible>true</IsVisible>
			<MaxHealth>1000</MaxHealth>
			<Health>748</Health>
			<IsOnFire>false</IsOnFire>
			<IsInvincible>false</IsInvincible>
			<IsBulletProof>false</IsBulletProof>
			<IsCollisionProof>true</IsCollisionProof>
			<IsExplosionProof>false</IsExplosionProof>
			<IsFireProof>false</IsFireProof>
			<IsMeleeProof>false</IsMeleeProof>
			<IsOnlyDamagedByPlayer>false</IsOnlyDamagedByPlayer>
			<PositionRotation>
				<X>-657.36792</X>
				<Y>-655.524841</Y>
				<Z>31.1820545</Z>
				<Pitch>-66.5627899</Pitch>
				<Roll>0.853222966</Roll>
				<Yaw>-97.8771973</Yaw>
			</PositionRotation>
			<Attachment isAttached="true">
				<AttachedTo>315430</AttachedTo>
				<BoneIndex>0</BoneIndex>
				<X>1.15000176</X>
				<Y>2.22999859</Y>
				<Z>0.0300000012</Z>
				<Pitch>-68</Pitch>
				<Roll>0</Roll>
				<Yaw>-29.2600002</Yaw>
			</Attachment>
		</Attachment>
		<Attachment>
			<ModelHash>0xe2ba016f</ModelHash>
			<Type>3</Type>
			<Dynamic>false</Dynamic>
			<HashName>prop_cs_katana_01</HashName>
			<InitialHandle>244773</InitialHandle>
			<ObjectProperties>
				<TextureVariation>0</TextureVariation>
			</ObjectProperties>
			<OpacityLevel>255</OpacityLevel>
			<LodDistance>16960</LodDistance>
			<IsVisible>true</IsVisible>
			<MaxHealth>1000</MaxHealth>
			<Health>0</Health>
			<IsOnFire>false</IsOnFire>
			<IsInvincible>false</IsInvincible>
			<IsBulletProof>false</IsBulletProof>
			<IsCollisionProof>false</IsCollisionProof>
			<IsExplosionProof>false</IsExplosionProof>
			<IsFireProof>false</IsFireProof>
			<IsMeleeProof>false</IsMeleeProof>
			<IsOnlyDamagedByPlayer>false</IsOnlyDamagedByPlayer>
			<PositionRotation>
				<X>-658.328979</X>
				<Y>-655.240601</Y>
				<Z>31.0028858</Z>
				<Pitch>-58.2386208</Pitch>
				<Roll>81.375</Roll>
				<Yaw>-77.7295074</Yaw>
			</PositionRotation>
			<Attachment isAttached="true">
				<AttachedTo>315430</AttachedTo>
				<BoneIndex>6</BoneIndex>
				<X>0.35999915</X>
				<Y>3.7252903e-009</Y>
				<Z>-2.12341547e-007</Z>
				<Pitch>-90</Pitch>
				<Roll>0</Roll>
				<Yaw>-271.000031</Yaw>
			</Attachment>
		</Attachment>
		<Attachment>
			<ModelHash>0xe2ba016f</ModelHash>
			<Type>3</Type>
			<Dynamic>false</Dynamic>
			<HashName>prop_cs_katana_01</HashName>
			<InitialHandle>106276</InitialHandle>
			<ObjectProperties>
				<TextureVariation>0</TextureVariation>
			</ObjectProperties>
			<OpacityLevel>255</OpacityLevel>
			<LodDistance>16960</LodDistance>
			<IsVisible>true</IsVisible>
			<MaxHealth>1000</MaxHealth>
			<Health>0</Health>
			<IsOnFire>false</IsOnFire>
			<IsInvincible>false</IsInvincible>
			<IsBulletProof>false</IsBulletProof>
			<IsCollisionProof>false</IsCollisionProof>
			<IsExplosionProof>false</IsExplosionProof>
			<IsFireProof>false</IsFireProof>
			<IsMeleeProof>false</IsMeleeProof>
			<IsOnlyDamagedByPlayer>false</IsOnlyDamagedByPlayer>
			<PositionRotation>
				<X>-658.686096</X>
				<Y>-654.264038</Y>
				<Z>30.9876366</Z>
				<Pitch>-64.9734039</Pitch>
				<Roll>80.8911896</Roll>
				<Yaw>101.52961</Yaw>
			</PositionRotation>
			<Attachment isAttached="true">
				<AttachedTo>315430</AttachedTo>
				<BoneIndex>1</BoneIndex>
				<X>0.409999102</X>
				<Y>0.0100000054</Y>
				<Z>-2.12341547e-007</Z>
				<Pitch>-90</Pitch>
				<Roll>0</Roll>
				<Yaw>-271.000031</Yaw>
			</Attachment>
		</Attachment>
		<Attachment>
			<ModelHash>0xe2ba016f</ModelHash>
			<Type>3</Type>
			<Dynamic>false</Dynamic>
			<HashName>prop_cs_katana_01</HashName>
			<InitialHandle>519460</InitialHandle>
			<ObjectProperties>
				<TextureVariation>0</TextureVariation>
			</ObjectProperties>
			<OpacityLevel>255</OpacityLevel>
			<LodDistance>16960</LodDistance>
			<IsVisible>true</IsVisible>
			<MaxHealth>1000</MaxHealth>
			<Health>0</Health>
			<IsOnFire>false</IsOnFire>
			<IsInvincible>false</IsInvincible>
			<IsBulletProof>false</IsBulletProof>
			<IsCollisionProof>false</IsCollisionProof>
			<IsExplosionProof>false</IsExplosionProof>
			<IsFireProof>false</IsFireProof>
			<IsMeleeProof>false</IsMeleeProof>
			<IsOnlyDamagedByPlayer>false</IsOnlyDamagedByPlayer>
			<PositionRotation>
				<X>-661.019653</X>
				<Y>-656.15564</Y>
				<Z>30.9478054</Z>
				<Pitch>41.221447</Pitch>
				<Roll>90.9961777</Roll>
				<Yaw>-69.3968277</Yaw>
			</PositionRotation>
			<Attachment isAttached="true">
				<AttachedTo>315430</AttachedTo>
				<BoneIndex>7</BoneIndex>
				<X>0.35999915</X>
				<Y>0.0100000054</Y>
				<Z>0.0099997893</Z>
				<Pitch>-90</Pitch>
				<Roll>0</Roll>
				<Yaw>-271.000031</Yaw>
			</Attachment>
		</Attachment>
		<Attachment>
			<ModelHash>0xc89630b8</ModelHash>
			<Type>3</Type>
			<Dynamic>false</Dynamic>
			<HashName>prop_minigun_01</HashName>
			<InitialHandle>265766</InitialHandle>
			<ObjectProperties>
				<TextureVariation>0</TextureVariation>
			</ObjectProperties>
			<OpacityLevel>255</OpacityLevel>
			<LodDistance>16960</LodDistance>
			<IsVisible>true</IsVisible>
			<MaxHealth>1000</MaxHealth>
			<Health>1000</Health>
			<IsOnFire>false</IsOnFire>
			<IsInvincible>false</IsInvincible>
			<IsBulletProof>false</IsBulletProof>
			<IsCollisionProof>false</IsCollisionProof>
			<IsExplosionProof>false</IsExplosionProof>
			<IsFireProof>false</IsFireProof>
			<IsMeleeProof>false</IsMeleeProof>
			<IsOnlyDamagedByPlayer>false</IsOnlyDamagedByPlayer>
			<PositionRotation>
				<X>-659.535461</X>
				<Y>-654.50354</Y>
				<Z>32.3589821</Z>
				<Pitch>20.3988113</Pitch>
				<Roll>-178.487457</Roll>
				<Yaw>-159.926559</Yaw>
			</PositionRotation>
			<Attachment isAttached="true">
				<AttachedTo>315430</AttachedTo>
				<BoneIndex>0</BoneIndex>
				<X>-0.559999824</X>
				<Y>0.590000033</Y>
				<Z>1.26000071</Z>
				<Pitch>160</Pitch>
				<Roll>0</Roll>
				<Yaw>90.0000076</Yaw>
			</Attachment>
		</Attachment>
		<Attachment>
			<ModelHash>0x19314199</ModelHash>
			<Type>3</Type>
			<Dynamic>false</Dynamic>
			<HashName>w_mg_minigun</HashName>
			<InitialHandle>78117</InitialHandle>
			<ObjectProperties>
				<TextureVariation>0</TextureVariation>
			</ObjectProperties>
			<OpacityLevel>255</OpacityLevel>
			<LodDistance>16960</LodDistance>
			<IsVisible>true</IsVisible>
			<MaxHealth>1000</MaxHealth>
			<Health>0</Health>
			<IsOnFire>false</IsOnFire>
			<IsInvincible>false</IsInvincible>
			<IsBulletProof>false</IsBulletProof>
			<IsCollisionProof>false</IsCollisionProof>
			<IsExplosionProof>false</IsExplosionProof>
			<IsFireProof>false</IsFireProof>
			<IsMeleeProof>false</IsMeleeProof>
			<IsOnlyDamagedByPlayer>false</IsOnlyDamagedByPlayer>
			<PositionRotation>
				<X>-661.715515</X>
				<Y>-655.92395</Y>
				<Z>31.93997</Z>
				<Pitch>0.355477899</Pitch>
				<Roll>1.43098259</Roll>
				<Yaw>-161.408722</Yaw>
			</PositionRotation>
			<Attachment isAttached="true">
				<AttachedTo>315430</AttachedTo>
				<BoneIndex>0</BoneIndex>
				<X>0</X>
				<Y>-1.96000099</Y>
				<Z>0.899999499</Z>
				<Pitch>0</Pitch>
				<Roll>0</Roll>
				<Yaw>-92.0000076</Yaw>
			</Attachment>
		</Attachment>
		<Attachment>
			<ModelHash>0x00a6c231</ModelHash>
			<Type>3</Type>
			<Dynamic>false</Dynamic>
			<HashName>prop_roadpole_01a</HashName>
			<InitialHandle>745765</InitialHandle>
			<ObjectProperties>
				<TextureVariation>0</TextureVariation>
			</ObjectProperties>
			<OpacityLevel>255</OpacityLevel>
			<LodDistance>16960</LodDistance>
			<IsVisible>true</IsVisible>
			<MaxHealth>1000</MaxHealth>
			<Health>0</Health>
			<IsOnFire>false</IsOnFire>
			<IsInvincible>false</IsInvincible>
			<IsBulletProof>false</IsBulletProof>
			<IsCollisionProof>false</IsCollisionProof>
			<IsExplosionProof>false</IsExplosionProof>
			<IsFireProof>false</IsFireProof>
			<IsMeleeProof>false</IsMeleeProof>
			<IsOnlyDamagedByPlayer>false</IsOnlyDamagedByPlayer>
			<PositionRotation>
				<X>-661.704224</X>
				<Y>-655.928589</Y>
				<Z>30.7698631</Z>
				<Pitch>1.41767371</Pitch>
				<Roll>-0.40532124</Roll>
				<Yaw>-69.3992691</Yaw>
			</PositionRotation>
			<Attachment isAttached="true">
				<AttachedTo>315430</AttachedTo>
				<BoneIndex>0</BoneIndex>
				<X>0</X>
				<Y>-1.97999847</Y>
				<Z>-0.27000007</Z>
				<Pitch>0</Pitch>
				<Roll>0</Roll>
				<Yaw>0</Yaw>
			</Attachment>
		</Attachment>
		<Attachment>
			<ModelHash>0x0f8662dc</ModelHash>
			<Type>3</Type>
			<Dynamic>false</Dynamic>
			<HashName>hei_prop_carrier_liferafts</HashName>
			<InitialHandle>191526</InitialHandle>
			<ObjectProperties>
				<TextureVariation>0</TextureVariation>
			</ObjectProperties>
			<OpacityLevel>255</OpacityLevel>
			<LodDistance>16960</LodDistance>
			<IsVisible>true</IsVisible>
			<MaxHealth>1000</MaxHealth>
			<Health>1000</Health>
			<IsOnFire>false</IsOnFire>
			<IsInvincible>true</IsInvincible>
			<IsBulletProof>false</IsBulletProof>
			<IsCollisionProof>false</IsCollisionProof>
			<IsExplosionProof>true</IsExplosionProof>
			<IsFireProof>true</IsFireProof>
			<IsMeleeProof>true</IsMeleeProof>
			<IsOnlyDamagedByPlayer>false</IsOnlyDamagedByPlayer>
			<PositionRotation>
				<X>-659.881409</X>
				<Y>-655.234558</Y>
				<Z>31.9884624</Z>
				<Pitch>1.41767371</Pitch>
				<Roll>-0.40532124</Roll>
				<Yaw>-69.3992691</Yaw>
			</PositionRotation>
			<Attachment isAttached="true">
				<AttachedTo>315430</AttachedTo>
				<BoneIndex>0</BoneIndex>
				<X>0</X>
				<Y>0</Y>
				<Z>0.900000095</Z>
				<Pitch>0</Pitch>
				<Roll>0</Roll>
				<Yaw>0</Yaw>
			</Attachment>
		</Attachment>
		<Attachment>
			<ModelHash>0xab39f229</ModelHash>
			<Type>3</Type>
			<Dynamic>false</Dynamic>
			<HashName>prop_box_ammo03a</HashName>
			<InitialHandle>652581</InitialHandle>
			<ObjectProperties>
				<TextureVariation>0</TextureVariation>
			</ObjectProperties>
			<OpacityLevel>255</OpacityLevel>
			<LodDistance>16960</LodDistance>
			<IsVisible>true</IsVisible>
			<MaxHealth>1000</MaxHealth>
			<Health>1000</Health>
			<IsOnFire>false</IsOnFire>
			<IsInvincible>true</IsInvincible>
			<IsBulletProof>false</IsBulletProof>
			<IsCollisionProof>false</IsCollisionProof>
			<IsExplosionProof>true</IsExplosionProof>
			<IsFireProof>true</IsFireProof>
			<IsMeleeProof>true</IsMeleeProof>
			<IsOnlyDamagedByPlayer>false</IsOnlyDamagedByPlayer>
			<PositionRotation>
				<X>-660.794128</X>
				<Y>-655.584412</Y>
				<Z>31.0640202</Z>
				<Pitch>1.41767371</Pitch>
				<Roll>-0.40532124</Roll>
				<Yaw>-69.3992691</Yaw>
			</PositionRotation>
			<Attachment isAttached="true">
				<AttachedTo>315430</AttachedTo>
				<BoneIndex>0</BoneIndex>
				<X>0</X>
				<Y>-1.00000012</Y>
				<Z>1.49011612e-008</Z>
				<Pitch>0</Pitch>
				<Roll>0</Roll>
				<Yaw>0</Yaw>
			</Attachment>
		</Attachment>
		<Attachment>
			<ModelHash>0xe9e2ec92</ModelHash>
			<Type>3</Type>
			<Dynamic>false</Dynamic>
			<HashName>prop_box_ammo04a</HashName>
			<InitialHandle>155427</InitialHandle>
			<ObjectProperties>
				<TextureVariation>0</TextureVariation>
			</ObjectProperties>
			<OpacityLevel>255</OpacityLevel>
			<LodDistance>16960</LodDistance>
			<IsVisible>true</IsVisible>
			<MaxHealth>1000</MaxHealth>
			<Health>1000</Health>
			<IsOnFire>false</IsOnFire>
			<IsInvincible>true</IsInvincible>
			<IsBulletProof>false</IsBulletProof>
			<IsCollisionProof>false</IsCollisionProof>
			<IsExplosionProof>true</IsExplosionProof>
			<IsFireProof>true</IsFireProof>
			<IsMeleeProof>true</IsMeleeProof>
			<IsOnlyDamagedByPlayer>false</IsOnlyDamagedByPlayer>
			<PositionRotation>
				<X>-661.457886</X>
				<Y>-656.368835</Y>
				<Z>30.945322</Z>
				<Pitch>-0.380395621</Pitch>
				<Roll>-1.42456269</Roll>
				<Yaw>19.5909843</Yaw>
			</PositionRotation>
			<Attachment isAttached="true">
				<AttachedTo>315430</AttachedTo>
				<BoneIndex>0</BoneIndex>
				<X>0.50000006</X>
				<Y>-1.90000033</Y>
				<Z>-0.100000121</Z>
				<Pitch>0</Pitch>
				<Roll>0</Roll>
				<Yaw>89.0000076</Yaw>
			</Attachment>
		</Attachment>
		<Attachment>
			<ModelHash>0x9f77c57f</ModelHash>
			<Type>3</Type>
			<Dynamic>false</Dynamic>
			<HashName>prop_police_radio_handset</HashName>
			<InitialHandle>44061</InitialHandle>
			<ObjectProperties>
				<TextureVariation>0</TextureVariation>
			</ObjectProperties>
			<OpacityLevel>255</OpacityLevel>
			<LodDistance>16960</LodDistance>
			<IsVisible>true</IsVisible>
			<MaxHealth>1000</MaxHealth>
			<Health>0</Health>
			<IsOnFire>false</IsOnFire>
			<IsInvincible>false</IsInvincible>
			<IsBulletProof>false</IsBulletProof>
			<IsCollisionProof>false</IsCollisionProof>
			<IsExplosionProof>false</IsExplosionProof>
			<IsFireProof>false</IsFireProof>
			<IsMeleeProof>false</IsMeleeProof>
			<IsOnlyDamagedByPlayer>false</IsOnlyDamagedByPlayer>
			<PositionRotation>
				<X>-659.797791</X>
				<Y>-655.874084</Y>
				<Z>32.2593651</Z>
				<Pitch>1.41767383</Pitch>
				<Roll>-178.405304</Roll>
				<Yaw>-69.3992844</Yaw>
			</PositionRotation>
			<Attachment isAttached="true">
				<AttachedTo>315430</AttachedTo>
				<BoneIndex>58</BoneIndex>
				<X>0.630000353</X>
				<Y>-0.139999956</Y>
				<Z>1.16999996</Z>
				<Pitch>0</Pitch>
				<Roll>182.000015</Roll>
				<Yaw>-1.33514404e-005</Yaw>
			</Attachment>
		</Attachment>
		<Attachment>
			<ModelHash>0x7a9ebc92</ModelHash>
			<Type>3</Type>
			<Dynamic>false</Dynamic>
			<HashName>prop_radio_01</HashName>
			<InitialHandle>367642</InitialHandle>
			<ObjectProperties>
				<TextureVariation>0</TextureVariation>
			</ObjectProperties>
			<OpacityLevel>255</OpacityLevel>
			<LodDistance>16960</LodDistance>
			<IsVisible>true</IsVisible>
			<MaxHealth>1000</MaxHealth>
			<Health>0</Health>
			<IsOnFire>false</IsOnFire>
			<IsInvincible>false</IsInvincible>
			<IsBulletProof>false</IsBulletProof>
			<IsCollisionProof>false</IsCollisionProof>
			<IsExplosionProof>false</IsExplosionProof>
			<IsFireProof>false</IsFireProof>
			<IsMeleeProof>false</IsMeleeProof>
			<IsOnlyDamagedByPlayer>false</IsOnlyDamagedByPlayer>
			<PositionRotation>
				<X>-658.917175</X>
				<Y>-655.397278</Y>
				<Z>31.7827854</Z>
				<Pitch>1.47421956</Pitch>
				<Roll>0.026965525</Roll>
				<Yaw>-86.4046249</Yaw>
			</PositionRotation>
			<Attachment isAttached="true">
				<AttachedTo>315430</AttachedTo>
				<BoneIndex>0</BoneIndex>
				<X>0.489999861</X>
				<Y>0.839999557</Y>
				<Z>0.669999719</Z>
				<Pitch>0</Pitch>
				<Roll>0</Roll>
				<Yaw>-17.0000019</Yaw>
			</Attachment>
		</Attachment>
		<Attachment>
			<ModelHash>0x8ae99900</ModelHash>
			<Type>3</Type>
			<Dynamic>false</Dynamic>
			<HashName>prop_cs_hand_radio</HashName>
			<InitialHandle>699680</InitialHandle>
			<ObjectProperties>
				<TextureVariation>0</TextureVariation>
			</ObjectProperties>
			<OpacityLevel>255</OpacityLevel>
			<LodDistance>16960</LodDistance>
			<IsVisible>true</IsVisible>
			<MaxHealth>1000</MaxHealth>
			<Health>0</Health>
			<IsOnFire>false</IsOnFire>
			<IsInvincible>false</IsInvincible>
			<IsBulletProof>false</IsBulletProof>
			<IsCollisionProof>false</IsCollisionProof>
			<IsExplosionProof>false</IsExplosionProof>
			<IsFireProof>false</IsFireProof>
			<IsMeleeProof>false</IsMeleeProof>
			<IsOnlyDamagedByPlayer>false</IsOnlyDamagedByPlayer>
			<PositionRotation>
				<X>-659.225769</X>
				<Y>-654.883545</Y>
				<Z>31.7059155</Z>
				<Pitch>1.41767371</Pitch>
				<Roll>-0.40532124</Roll>
				<Yaw>-69.3992691</Yaw>
			</PositionRotation>
			<Attachment isAttached="true">
				<AttachedTo>315430</AttachedTo>
				<BoneIndex>0</BoneIndex>
				<X>-0.100000024</X>
				<Y>0.729999661</Y>
				<Z>0.599999785</Z>
				<Pitch>0</Pitch>
				<Roll>0</Roll>
				<Yaw>0</Yaw>
			</Attachment>
		</Attachment>
		<Attachment>
			<ModelHash>0x4aefef1d</ModelHash>
			<Type>3</Type>
			<Dynamic>false</Dynamic>
			<HashName>v_res_fa_radioalrm</HashName>
			<InitialHandle>305957</InitialHandle>
			<ObjectProperties>
				<TextureVariation>0</TextureVariation>
			</ObjectProperties>
			<OpacityLevel>255</OpacityLevel>
			<LodDistance>16960</LodDistance>
			<IsVisible>true</IsVisible>
			<MaxHealth>1000</MaxHealth>
			<Health>0</Health>
			<IsOnFire>false</IsOnFire>
			<IsInvincible>false</IsInvincible>
			<IsBulletProof>false</IsBulletProof>
			<IsCollisionProof>false</IsCollisionProof>
			<IsExplosionProof>false</IsExplosionProof>
			<IsFireProof>false</IsFireProof>
			<IsMeleeProof>false</IsMeleeProof>
			<IsOnlyDamagedByPlayer>false</IsOnlyDamagedByPlayer>
			<PositionRotation>
				<X>-659.061523</X>
				<Y>-655.003845</Y>
				<Z>31.6498585</Z>
				<Pitch>1.41767371</Pitch>
				<Roll>-0.40532124</Roll>
				<Yaw>-69.3992691</Yaw>
			</PositionRotation>
			<Attachment isAttached="true">
				<AttachedTo>315430</AttachedTo>
				<BoneIndex>0</BoneIndex>
				<X>0.0700000077</X>
				<Y>0.839999557</Y>
				<Z>0.539999843</Z>
				<Pitch>0</Pitch>
				<Roll>0</Roll>
				<Yaw>0</Yaw>
			</Attachment>
		</Attachment>
		<Attachment>
			<ModelHash>0x7fd34040</ModelHash>
			<Type>3</Type>
			<Dynamic>false</Dynamic>
			<HashName>prop_tool_shovel2</HashName>
			<InitialHandle>613413</InitialHandle>
			<ObjectProperties>
				<TextureVariation>0</TextureVariation>
			</ObjectProperties>
			<OpacityLevel>255</OpacityLevel>
			<LodDistance>16960</LodDistance>
			<IsVisible>true</IsVisible>
			<MaxHealth>1000</MaxHealth>
			<Health>0</Health>
			<IsOnFire>false</IsOnFire>
			<IsInvincible>false</IsInvincible>
			<IsBulletProof>false</IsBulletProof>
			<IsCollisionProof>false</IsCollisionProof>
			<IsExplosionProof>false</IsExplosionProof>
			<IsFireProof>false</IsFireProof>
			<IsMeleeProof>false</IsMeleeProof>
			<IsOnlyDamagedByPlayer>false</IsOnlyDamagedByPlayer>
			<PositionRotation>
				<X>-660.56781</X>
				<Y>-656.109009</Y>
				<Z>32.3891678</Z>
				<Pitch>1.69782102</Pitch>
				<Roll>-121.269295</Roll>
				<Yaw>-66.7961121</Yaw>
			</PositionRotation>
			<Attachment isAttached="true">
				<AttachedTo>315430</AttachedTo>
				<BoneIndex>0</BoneIndex>
				<X>0.579999804</X>
				<Y>-0.940000415</Y>
				<Z>1.31999958</Z>
				<Pitch>0.300000072</Pitch>
				<Roll>-120.800011</Roll>
				<Yaw>2.5999999</Yaw>
			</Attachment>
		</Attachment>
		<Attachment>
			<ModelHash>0xbb55760a</ModelHash>
			<Type>3</Type>
			<Dynamic>false</Dynamic>
			<HashName>prop_tool_fireaxe</HashName>
			<InitialHandle>759333</InitialHandle>
			<ObjectProperties>
				<TextureVariation>0</TextureVariation>
			</ObjectProperties>
			<OpacityLevel>255</OpacityLevel>
			<LodDistance>16960</LodDistance>
			<IsVisible>true</IsVisible>
			<MaxHealth>1000</MaxHealth>
			<Health>0</Health>
			<IsOnFire>false</IsOnFire>
			<IsInvincible>false</IsInvincible>
			<IsBulletProof>false</IsBulletProof>
			<IsCollisionProof>false</IsCollisionProof>
			<IsExplosionProof>false</IsExplosionProof>
			<IsFireProof>false</IsFireProof>
			<IsMeleeProof>false</IsMeleeProof>
			<IsOnlyDamagedByPlayer>false</IsOnlyDamagedByPlayer>
			<PositionRotation>
				<X>-660.620972</X>
				<Y>-655.876282</Y>
				<Z>31.8981285</Z>
				<Pitch>1.4176718</Pitch>
				<Roll>-58.7053146</Roll>
				<Yaw>-69.3992767</Yaw>
			</PositionRotation>
			<Attachment isAttached="true">
				<AttachedTo>315430</AttachedTo>
				<BoneIndex>0</BoneIndex>
				<X>0.340000004</X>
				<Y>-0.920000196</Y>
				<Z>0.830000281</Z>
				<Pitch>0</Pitch>
				<Roll>-58.3000031</Roll>
				<Yaw>0</Yaw>
			</Attachment>
		</Attachment>
		<Attachment>
			<ModelHash>0x3eb9757a</ModelHash>
			<Type>3</Type>
			<Dynamic>false</Dynamic>
			<HashName>p_trev_rope_01_s</HashName>
			<InitialHandle>526372</InitialHandle>
			<ObjectProperties>
				<TextureVariation>0</TextureVariation>
			</ObjectProperties>
			<OpacityLevel>255</OpacityLevel>
			<LodDistance>16960</LodDistance>
			<IsVisible>true</IsVisible>
			<MaxHealth>1000</MaxHealth>
			<Health>0</Health>
			<IsOnFire>false</IsOnFire>
			<IsInvincible>false</IsInvincible>
			<IsBulletProof>false</IsBulletProof>
			<IsCollisionProof>false</IsCollisionProof>
			<IsExplosionProof>false</IsExplosionProof>
			<IsFireProof>false</IsFireProof>
			<IsMeleeProof>false</IsMeleeProof>
			<IsOnlyDamagedByPlayer>false</IsOnlyDamagedByPlayer>
			<PositionRotation>
				<X>-660.580811</X>
				<Y>-655.080566</Y>
				<Z>32.0008507</Z>
				<Pitch>85.5847778</Pitch>
				<Roll>-78.6823959</Roll>
				<Yaw>107.991264</Yaw>
			</PositionRotation>
			<Attachment isAttached="true">
				<AttachedTo>315430</AttachedTo>
				<BoneIndex>0</BoneIndex>
				<X>-0.389999956</X>
				<Y>-0.600000978</Y>
				<Z>0.930002213</Z>
				<Pitch>-267.000031</Pitch>
				<Roll>94.8000412</Roll>
				<Yaw>3.89999962</Yaw>
			</Attachment>
		</Attachment>
		<Attachment>
			<ModelHash>0x306e29b4</ModelHash>
			<Type>3</Type>
			<Dynamic>true</Dynamic>
			<HashName>prop_ballistic_shield_lod1</HashName>
			<InitialHandle>435492</InitialHandle>
			<ObjectProperties>
				<TextureVariation>0</TextureVariation>
			</ObjectProperties>
			<OpacityLevel>255</OpacityLevel>
			<LodDistance>16960</LodDistance>
			<IsVisible>true</IsVisible>
			<MaxHealth>1000</MaxHealth>
			<Health>1000</Health>
			<IsOnFire>false</IsOnFire>
			<IsInvincible>true</IsInvincible>
			<IsBulletProof>false</IsBulletProof>
			<IsCollisionProof>true</IsCollisionProof>
			<IsExplosionProof>true</IsExplosionProof>
			<IsFireProof>true</IsFireProof>
			<IsMeleeProof>true</IsMeleeProof>
			<IsOnlyDamagedByPlayer>false</IsOnlyDamagedByPlayer>
			<PositionRotation>
				<X>-657.204407</X>
				<Y>-654.714966</Y>
				<Z>31.2679634</Z>
				<Pitch>-35.2320251</Pitch>
				<Roll>-90.9643097</Roll>
				<Yaw>76.4434814</Yaw>
			</PositionRotation>
			<Attachment isAttached="true">
				<AttachedTo>315430</AttachedTo>
				<BoneIndex>58</BoneIndex>
				<X>0.450001955</X>
				<Y>2.6699996</Y>
				<Z>0.110000044</Z>
				<Pitch>-33.8300514</Pitch>
				<Roll>-90.4099808</Roll>
				<Yaw>146.162033</Yaw>
			</Attachment>
		</Attachment>
		<Attachment>
			<ModelHash>0x306e29b4</ModelHash>
			<Type>3</Type>
			<Dynamic>true</Dynamic>
			<HashName>prop_ballistic_shield_lod1</HashName>
			<InitialHandle>68133</InitialHandle>
			<ObjectProperties>
				<TextureVariation>0</TextureVariation>
			</ObjectProperties>
			<OpacityLevel>255</OpacityLevel>
			<LodDistance>16960</LodDistance>
			<IsVisible>true</IsVisible>
			<MaxHealth>1000</MaxHealth>
			<Health>1000</Health>
			<IsOnFire>false</IsOnFire>
			<IsInvincible>true</IsInvincible>
			<IsBulletProof>false</IsBulletProof>
			<IsCollisionProof>true</IsCollisionProof>
			<IsExplosionProof>true</IsExplosionProof>
			<IsFireProof>true</IsFireProof>
			<IsMeleeProof>true</IsMeleeProof>
			<IsOnlyDamagedByPlayer>false</IsOnlyDamagedByPlayer>
			<PositionRotation>
				<X>-657.349304</X>
				<Y>-655.495789</Y>
				<Z>31.2776241</Z>
				<Pitch>-28.8669147</Pitch>
				<Roll>-89.8854218</Roll>
				<Yaw>81.5806122</Yaw>
			</PositionRotation>
			<Attachment isAttached="true">
				<AttachedTo>315430</AttachedTo>
				<BoneIndex>58</BoneIndex>
				<X>1.13000131</X>
				<Y>2.25999999</Y>
				<Z>0.12500006</Z>
				<Pitch>-27.4300861</Pitch>
				<Roll>-89.5099945</Roll>
				<Yaw>151.162033</Yaw>
			</Attachment>
		</Attachment>
		<Attachment>
			<ModelHash>0x306e29b4</ModelHash>
			<Type>3</Type>
			<Dynamic>true</Dynamic>
			<HashName>prop_ballistic_shield_lod1</HashName>
			<InitialHandle>725795</InitialHandle>
			<ObjectProperties>
				<TextureVariation>0</TextureVariation>
			</ObjectProperties>
			<OpacityLevel>255</OpacityLevel>
			<LodDistance>16960</LodDistance>
			<IsVisible>true</IsVisible>
			<MaxHealth>1000</MaxHealth>
			<Health>1000</Health>
			<IsOnFire>false</IsOnFire>
			<IsInvincible>true</IsInvincible>
			<IsBulletProof>false</IsBulletProof>
			<IsCollisionProof>true</IsCollisionProof>
			<IsExplosionProof>true</IsExplosionProof>
			<IsFireProof>true</IsFireProof>
			<IsMeleeProof>true</IsMeleeProof>
			<IsOnlyDamagedByPlayer>false</IsOnlyDamagedByPlayer>
			<PositionRotation>
				<X>-657.551025</X>
				<Y>-653.888184</Y>
				<Z>31.2487907</Z>
				<Pitch>-29.1013412</Pitch>
				<Roll>90.8923874</Roll>
				<Yaw>145.783005</Yaw>
			</PositionRotation>
			<Attachment isAttached="true">
				<AttachedTo>315430</AttachedTo>
				<BoneIndex>58</BoneIndex>
				<X>-0.445999801</X>
				<Y>2.6359992</Y>
				<Z>0.0980000272</Z>
				<Pitch>-151.830063</Pitch>
				<Roll>-90.4099808</Roll>
				<Yaw>394.56311</Yaw>
			</Attachment>
		</Attachment>
		<Attachment>
			<ModelHash>0x306e29b4</ModelHash>
			<Type>3</Type>
			<Dynamic>true</Dynamic>
			<HashName>prop_ballistic_shield_lod1</HashName>
			<InitialHandle>542732</InitialHandle>
			<ObjectProperties>
				<TextureVariation>0</TextureVariation>
			</ObjectProperties>
			<OpacityLevel>255</OpacityLevel>
			<LodDistance>16960</LodDistance>
			<IsVisible>true</IsVisible>
			<MaxHealth>1000</MaxHealth>
			<Health>1000</Health>
			<IsOnFire>false</IsOnFire>
			<IsInvincible>true</IsInvincible>
			<IsBulletProof>false</IsBulletProof>
			<IsCollisionProof>true</IsCollisionProof>
			<IsExplosionProof>true</IsExplosionProof>
			<IsFireProof>true</IsFireProof>
			<IsMeleeProof>true</IsMeleeProof>
			<IsOnlyDamagedByPlayer>false</IsOnlyDamagedByPlayer>
			<PositionRotation>
				<X>-658.09613</X>
				<Y>-653.430603</Y>
				<Z>31.255764</Z>
				<Pitch>-29.1413155</Pitch>
				<Roll>94.8928833</Roll>
				<Yaw>145.784042</Yaw>
			</PositionRotation>
			<Attachment isAttached="true">
				<AttachedTo>315430</AttachedTo>
				<BoneIndex>58</BoneIndex>
				<X>-1.06599963</X>
				<Y>2.28699946</Y>
				<Z>0.118000031</Z>
				<Pitch>-151.790085</Pitch>
				<Roll>-86.4099808</Roll>
				<Yaw>394.56311</Yaw>
			</Attachment>
		</Attachment>
		<Attachment>
			<ModelHash>0x0a22cea2</ModelHash>
			<Type>3</Type>
			<Dynamic>false</Dynamic>
			<HashName>prop_cs_bowie_knife</HashName>
			<InitialHandle>530468</InitialHandle>
			<ObjectProperties>
				<TextureVariation>0</TextureVariation>
			</ObjectProperties>
			<OpacityLevel>255</OpacityLevel>
			<LodDistance>16960</LodDistance>
			<IsVisible>true</IsVisible>
			<MaxHealth>1000</MaxHealth>
			<Health>206</Health>
			<IsOnFire>false</IsOnFire>
			<IsInvincible>false</IsInvincible>
			<IsBulletProof>false</IsBulletProof>
			<IsCollisionProof>true</IsCollisionProof>
			<IsExplosionProof>false</IsExplosionProof>
			<IsFireProof>false</IsFireProof>
			<IsMeleeProof>false</IsMeleeProof>
			<IsOnlyDamagedByPlayer>false</IsOnlyDamagedByPlayer>
			<PositionRotation>
				<X>-657.058105</X>
				<Y>-654.180786</Y>
				<Z>31.0727634</Z>
				<Pitch>0.473756343</Pitch>
				<Roll>89.588356</Roll>
				<Yaw>21.4526081</Yaw>
			</PositionRotation>
			<Attachment isAttached="true">
				<AttachedTo>315430</AttachedTo>
				<BoneIndex>0</BoneIndex>
				<X>-1.11758709e-008</X>
				<Y>2.9899981</Y>
				<Z>-0.0900000185</Z>
				<Pitch>179.100037</Pitch>
				<Roll>-89.0000076</Roll>
				<Yaw>-89.1600342</Yaw>
			</Attachment>
		</Attachment>
		<Attachment>
			<ModelHash>0x0a22cea2</ModelHash>
			<Type>3</Type>
			<Dynamic>false</Dynamic>
			<HashName>prop_cs_bowie_knife</HashName>
			<InitialHandle>577036</InitialHandle>
			<ObjectProperties>
				<TextureVariation>0</TextureVariation>
			</ObjectProperties>
			<OpacityLevel>255</OpacityLevel>
			<LodDistance>16960</LodDistance>
			<IsVisible>true</IsVisible>
			<MaxHealth>1000</MaxHealth>
			<Health>206</Health>
			<IsOnFire>false</IsOnFire>
			<IsInvincible>false</IsInvincible>
			<IsBulletProof>false</IsBulletProof>
			<IsCollisionProof>true</IsCollisionProof>
			<IsExplosionProof>false</IsExplosionProof>
			<IsFireProof>false</IsFireProof>
			<IsMeleeProof>false</IsMeleeProof>
			<IsOnlyDamagedByPlayer>false</IsOnlyDamagedByPlayer>
			<PositionRotation>
				<X>-657.175476</X>
				<Y>-654.223389</Y>
				<Z>31.2697296</Z>
				<Pitch>0.473756343</Pitch>
				<Roll>89.588356</Roll>
				<Yaw>21.4526081</Yaw>
			</PositionRotation>
			<Attachment isAttached="true">
				<AttachedTo>315430</AttachedTo>
				<BoneIndex>0</BoneIndex>
				<X>-1.11758709e-008</X>
				<Y>2.86999822</Y>
				<Z>0.110000014</Z>
				<Pitch>179.100037</Pitch>
				<Roll>-89.0000076</Roll>
				<Yaw>-89.1600342</Yaw>
			</Attachment>
		</Attachment>
		<Attachment>
			<ModelHash>0x0a22cea2</ModelHash>
			<Type>3</Type>
			<Dynamic>false</Dynamic>
			<HashName>prop_cs_bowie_knife</HashName>
			<InitialHandle>193573</InitialHandle>
			<ObjectProperties>
				<TextureVariation>0</TextureVariation>
			</ObjectProperties>
			<OpacityLevel>255</OpacityLevel>
			<LodDistance>16960</LodDistance>
			<IsVisible>true</IsVisible>
			<MaxHealth>1000</MaxHealth>
			<Health>206</Health>
			<IsOnFire>false</IsOnFire>
			<IsInvincible>false</IsInvincible>
			<IsBulletProof>false</IsBulletProof>
			<IsCollisionProof>true</IsCollisionProof>
			<IsExplosionProof>false</IsExplosionProof>
			<IsFireProof>false</IsFireProof>
			<IsMeleeProof>false</IsMeleeProof>
			<IsOnlyDamagedByPlayer>false</IsOnlyDamagedByPlayer>
			<PositionRotation>
				<X>-656.959351</X>
				<Y>-654.145142</Y>
				<Z>30.8753052</Z>
				<Pitch>0.473756343</Pitch>
				<Roll>89.588356</Roll>
				<Yaw>21.4526081</Yaw>
			</PositionRotation>
			<Attachment isAttached="true">
				<AttachedTo>315430</AttachedTo>
				<BoneIndex>0</BoneIndex>
				<X>-1.11758709e-008</X>
				<Y>3.08999801</Y>
				<Z>-0.290000081</Z>
				<Pitch>179.100037</Pitch>
				<Roll>-89.0000076</Roll>
				<Yaw>-89.1600342</Yaw>
			</Attachment>
		</Attachment>
		<Attachment>
			<ModelHash>0x0c9f33b0</ModelHash>
			<Type>3</Type>
			<Dynamic>false</Dynamic>
			<HashName>prop_cs_police_torch_02</HashName>
			<InitialHandle>368165</InitialHandle>
			<ObjectProperties>
				<TextureVariation>0</TextureVariation>
			</ObjectProperties>
			<OpacityLevel>255</OpacityLevel>
			<LodDistance>16960</LodDistance>
			<IsVisible>true</IsVisible>
			<MaxHealth>1000</MaxHealth>
			<Health>0</Health>
			<IsOnFire>false</IsOnFire>
			<IsInvincible>false</IsInvincible>
			<IsBulletProof>false</IsBulletProof>
			<IsCollisionProof>false</IsCollisionProof>
			<IsExplosionProof>false</IsExplosionProof>
			<IsFireProof>false</IsFireProof>
			<IsMeleeProof>false</IsMeleeProof>
			<IsOnlyDamagedByPlayer>false</IsOnlyDamagedByPlayer>
			<PositionRotation>
				<X>-659.205811</X>
				<Y>-655.68396</Y>
				<Z>32.2249336</Z>
				<Pitch>-1.41838276</Pitch>
				<Roll>0.402831614</Roll>
				<Yaw>110.500122</Yaw>
			</PositionRotation>
			<Attachment isAttached="true">
				<AttachedTo>315430</AttachedTo>
				<BoneIndex>58</BoneIndex>
				<X>0.660000145</X>
				<Y>0.480000079</Y>
				<Z>1.12000024</Z>
				<Pitch>0</Pitch>
				<Roll>0</Roll>
				<Yaw>-180.100571</Yaw>
			</Attachment>
		</Attachment>
		<Attachment>
			<ModelHash>0x0a22cea2</ModelHash>
			<Type>3</Type>
			<Dynamic>false</Dynamic>
			<HashName>prop_cs_bowie_knife</HashName>
			<InitialHandle>96038</InitialHandle>
			<ObjectProperties>
				<TextureVariation>0</TextureVariation>
			</ObjectProperties>
			<OpacityLevel>255</OpacityLevel>
			<LodDistance>16960</LodDistance>
			<IsVisible>true</IsVisible>
			<MaxHealth>1000</MaxHealth>
			<Health>748</Health>
			<IsOnFire>false</IsOnFire>
			<IsInvincible>false</IsInvincible>
			<IsBulletProof>false</IsBulletProof>
			<IsCollisionProof>true</IsCollisionProof>
			<IsExplosionProof>false</IsExplosionProof>
			<IsFireProof>false</IsFireProof>
			<IsMeleeProof>false</IsMeleeProof>
			<IsOnlyDamagedByPlayer>false</IsOnlyDamagedByPlayer>
			<PositionRotation>
				<X>-657.714478</X>
				<Y>-655.010742</Y>
				<Z>31.6222839</Z>
				<Pitch>-0.755949259</Pitch>
				<Roll>71.5854645</Roll>
				<Yaw>21.4253159</Yaw>
			</PositionRotation>
			<Attachment isAttached="true">
				<AttachedTo>315430</AttachedTo>
				<BoneIndex>42</BoneIndex>
				<X>0.549999833</X>
				<Y>1.04999876</Y>
				<Z>-0.179999888</Z>
				<Pitch>180.329788</Pitch>
				<Roll>-107.000008</Roll>
				<Yaw>-89.1600342</Yaw>
			</Attachment>
		</Attachment>
		<Attachment>
			<ModelHash>0x0a22cea2</ModelHash>
			<Type>3</Type>
			<Dynamic>false</Dynamic>
			<HashName>prop_cs_bowie_knife</HashName>
			<InitialHandle>420636</InitialHandle>
			<ObjectProperties>
				<TextureVariation>0</TextureVariation>
			</ObjectProperties>
			<OpacityLevel>255</OpacityLevel>
			<LodDistance>16960</LodDistance>
			<IsVisible>true</IsVisible>
			<MaxHealth>1000</MaxHealth>
			<Health>0</Health>
			<IsOnFire>false</IsOnFire>
			<IsInvincible>false</IsInvincible>
			<IsBulletProof>false</IsBulletProof>
			<IsCollisionProof>false</IsCollisionProof>
			<IsExplosionProof>false</IsExplosionProof>
			<IsFireProof>false</IsFireProof>
			<IsMeleeProof>false</IsMeleeProof>
			<IsOnlyDamagedByPlayer>false</IsOnlyDamagedByPlayer>
			<PositionRotation>
				<X>-658.612976</X>
				<Y>-653.705017</Y>
				<Z>31.3839798</Z>
				<Pitch>1.53754818</Pitch>
				<Roll>57.3491669</Roll>
				<Yaw>108.321938</Yaw>
			</PositionRotation>
			<Attachment isAttached="true">
				<AttachedTo>315430</AttachedTo>
				<BoneIndex>0</BoneIndex>
				<X>-0.990000248</X>
				<Y>1.7099992</Y>
				<Z>0.260000229</Z>
				<Pitch>177.029846</Pitch>
				<Roll>-122.999931</Roll>
				<Yaw>-2.26003265</Yaw>
			</Attachment>
		</Attachment>
		<Attachment>
			<ModelHash>0x0a22cea2</ModelHash>
			<Type>3</Type>
			<Dynamic>false</Dynamic>
			<HashName>prop_cs_bowie_knife</HashName>
			<InitialHandle>725526</InitialHandle>
			<ObjectProperties>
				<TextureVariation>0</TextureVariation>
			</ObjectProperties>
			<OpacityLevel>255</OpacityLevel>
			<LodDistance>16960</LodDistance>
			<IsVisible>true</IsVisible>
			<MaxHealth>1000</MaxHealth>
			<Health>0</Health>
			<IsOnFire>false</IsOnFire>
			<IsInvincible>false</IsInvincible>
			<IsBulletProof>false</IsBulletProof>
			<IsCollisionProof>false</IsCollisionProof>
			<IsExplosionProof>false</IsExplosionProof>
			<IsFireProof>false</IsFireProof>
			<IsMeleeProof>false</IsMeleeProof>
			<IsOnlyDamagedByPlayer>false</IsOnlyDamagedByPlayer>
			<PositionRotation>
				<X>-658.875</X>
				<Y>-653.803467</Y>
				<Z>31.3770523</Z>
				<Pitch>1.53754818</Pitch>
				<Roll>57.3491669</Roll>
				<Yaw>108.321938</Yaw>
			</PositionRotation>
			<Attachment isAttached="true">
				<AttachedTo>315430</AttachedTo>
				<BoneIndex>0</BoneIndex>
				<X>-0.990000248</X>
				<Y>1.42999947</Y>
				<Z>0.260000229</Z>
				<Pitch>177.029846</Pitch>
				<Roll>-122.999931</Roll>
				<Yaw>-2.26003265</Yaw>
			</Attachment>
		</Attachment>
		<Attachment>
			<ModelHash>0x0a22cea2</ModelHash>
			<Type>3</Type>
			<Dynamic>false</Dynamic>
			<HashName>prop_cs_bowie_knife</HashName>
			<InitialHandle>309796</InitialHandle>
			<ObjectProperties>
				<TextureVariation>0</TextureVariation>
			</ObjectProperties>
			<OpacityLevel>255</OpacityLevel>
			<LodDistance>16960</LodDistance>
			<IsVisible>true</IsVisible>
			<MaxHealth>1000</MaxHealth>
			<Health>0</Health>
			<IsOnFire>false</IsOnFire>
			<IsInvincible>false</IsInvincible>
			<IsBulletProof>false</IsBulletProof>
			<IsCollisionProof>false</IsCollisionProof>
			<IsExplosionProof>false</IsExplosionProof>
			<IsFireProof>false</IsFireProof>
			<IsMeleeProof>false</IsMeleeProof>
			<IsOnlyDamagedByPlayer>false</IsOnlyDamagedByPlayer>
			<PositionRotation>
				<X>-659.220459</X>
				<Y>-653.933533</Y>
				<Z>31.3379078</Z>
				<Pitch>1.53754818</Pitch>
				<Roll>57.3491669</Roll>
				<Yaw>108.321938</Yaw>
			</PositionRotation>
			<Attachment isAttached="true">
				<AttachedTo>315430</AttachedTo>
				<BoneIndex>0</BoneIndex>
				<X>-0.990000248</X>
				<Y>1.05999982</Y>
				<Z>0.230000228</Z>
				<Pitch>177.029846</Pitch>
				<Roll>-122.999931</Roll>
				<Yaw>-2.26003265</Yaw>
			</Attachment>
		</Attachment>
		<Attachment>
			<ModelHash>0x0a22cea2</ModelHash>
			<Type>3</Type>
			<Dynamic>false</Dynamic>
			<HashName>prop_cs_bowie_knife</HashName>
			<InitialHandle>325926</InitialHandle>
			<ObjectProperties>
				<TextureVariation>0</TextureVariation>
			</ObjectProperties>
			<OpacityLevel>255</OpacityLevel>
			<LodDistance>16960</LodDistance>
			<IsVisible>true</IsVisible>
			<MaxHealth>1000</MaxHealth>
			<Health>0</Health>
			<IsOnFire>false</IsOnFire>
			<IsInvincible>false</IsInvincible>
			<IsBulletProof>false</IsBulletProof>
			<IsCollisionProof>false</IsCollisionProof>
			<IsExplosionProof>false</IsExplosionProof>
			<IsFireProof>false</IsFireProof>
			<IsMeleeProof>false</IsMeleeProof>
			<IsOnlyDamagedByPlayer>false</IsOnlyDamagedByPlayer>
			<PositionRotation>
				<X>-658.520386</X>
				<Y>-655.796387</Y>
				<Z>31.3419838</Z>
				<Pitch>4.38958693</Pitch>
				<Roll>56.6001282</Roll>
				<Yaw>-69.6386414</Yaw>
			</PositionRotation>
			<Attachment isAttached="true">
				<AttachedTo>315430</AttachedTo>
				<BoneIndex>0</BoneIndex>
				<X>1.0000006</X>
				<Y>1.05999982</Y>
				<Z>0.220000222</Z>
				<Pitch>177.029846</Pitch>
				<Roll>-122.999931</Roll>
				<Yaw>179.739975</Yaw>
			</Attachment>
		</Attachment>
		<Attachment>
			<ModelHash>0x0a22cea2</ModelHash>
			<Type>3</Type>
			<Dynamic>false</Dynamic>
			<HashName>prop_cs_bowie_knife</HashName>
			<InitialHandle>475940</InitialHandle>
			<ObjectProperties>
				<TextureVariation>0</TextureVariation>
			</ObjectProperties>
			<OpacityLevel>255</OpacityLevel>
			<LodDistance>16960</LodDistance>
			<IsVisible>true</IsVisible>
			<MaxHealth>1000</MaxHealth>
			<Health>0</Health>
			<IsOnFire>false</IsOnFire>
			<IsInvincible>false</IsInvincible>
			<IsBulletProof>false</IsBulletProof>
			<IsCollisionProof>false</IsCollisionProof>
			<IsExplosionProof>false</IsExplosionProof>
			<IsFireProof>false</IsFireProof>
			<IsMeleeProof>false</IsMeleeProof>
			<IsOnlyDamagedByPlayer>false</IsOnlyDamagedByPlayer>
			<PositionRotation>
				<X>-658.216125</X>
				<Y>-655.671021</Y>
				<Z>31.3900642</Z>
				<Pitch>4.38958693</Pitch>
				<Roll>56.6001282</Roll>
				<Yaw>-69.6386414</Yaw>
			</PositionRotation>
			<Attachment isAttached="true">
				<AttachedTo>315430</AttachedTo>
				<BoneIndex>0</BoneIndex>
				<X>0.990000606</X>
				<Y>1.38999951</Y>
				<Z>0.260000229</Z>
				<Pitch>177.029846</Pitch>
				<Roll>-122.999931</Roll>
				<Yaw>179.739975</Yaw>
			</Attachment>
		</Attachment>
		<Attachment>
			<ModelHash>0x0a22cea2</ModelHash>
			<Type>3</Type>
			<Dynamic>false</Dynamic>
			<HashName>prop_cs_bowie_knife</HashName>
			<InitialHandle>582693</InitialHandle>
			<ObjectProperties>
				<TextureVariation>0</TextureVariation>
			</ObjectProperties>
			<OpacityLevel>255</OpacityLevel>
			<LodDistance>16960</LodDistance>
			<IsVisible>true</IsVisible>
			<MaxHealth>1000</MaxHealth>
			<Health>0</Health>
			<IsOnFire>false</IsOnFire>
			<IsInvincible>false</IsInvincible>
			<IsBulletProof>false</IsBulletProof>
			<IsCollisionProof>false</IsCollisionProof>
			<IsExplosionProof>false</IsExplosionProof>
			<IsFireProof>false</IsFireProof>
			<IsMeleeProof>false</IsMeleeProof>
			<IsOnlyDamagedByPlayer>false</IsOnlyDamagedByPlayer>
			<PositionRotation>
				<X>-657.907593</X>
				<Y>-655.554932</Y>
				<Z>31.408226</Z>
				<Pitch>4.38958693</Pitch>
				<Roll>56.6001282</Roll>
				<Yaw>-69.6386414</Yaw>
			</PositionRotation>
			<Attachment isAttached="true">
				<AttachedTo>315430</AttachedTo>
				<BoneIndex>0</BoneIndex>
				<X>0.990000606</X>
				<Y>1.71999919</Y>
				<Z>0.270000219</Z>
				<Pitch>177.029846</Pitch>
				<Roll>-122.999931</Roll>
				<Yaw>179.739975</Yaw>
			</Attachment>
		</Attachment>
		<Attachment>
			<ModelHash>0x0a22cea2</ModelHash>
			<Type>3</Type>
			<Dynamic>false</Dynamic>
			<HashName>prop_cs_bowie_knife</HashName>
			<InitialHandle>107284</InitialHandle>
			<ObjectProperties>
				<TextureVariation>0</TextureVariation>
			</ObjectProperties>
			<OpacityLevel>255</OpacityLevel>
			<LodDistance>16960</LodDistance>
			<IsVisible>true</IsVisible>
			<MaxHealth>1000</MaxHealth>
			<Health>0</Health>
			<IsOnFire>false</IsOnFire>
			<IsInvincible>false</IsInvincible>
			<IsBulletProof>false</IsBulletProof>
			<IsCollisionProof>false</IsCollisionProof>
			<IsExplosionProof>false</IsExplosionProof>
			<IsFireProof>false</IsFireProof>
			<IsMeleeProof>false</IsMeleeProof>
			<IsOnlyDamagedByPlayer>false</IsOnlyDamagedByPlayer>
			<PositionRotation>
				<X>-660.519043</X>
				<Y>-656.5047</Y>
				<Z>31.3192425</Z>
				<Pitch>4.38958693</Pitch>
				<Roll>56.6001282</Roll>
				<Yaw>-69.6386414</Yaw>
			</PositionRotation>
			<Attachment isAttached="true">
				<AttachedTo>315430</AttachedTo>
				<BoneIndex>0</BoneIndex>
				<X>0.960000634</X>
				<Y>-1.06000149</Y>
				<Z>0.250000238</Z>
				<Pitch>177.029846</Pitch>
				<Roll>-122.999931</Roll>
				<Yaw>179.739975</Yaw>
			</Attachment>
		</Attachment>
		<Attachment>
			<ModelHash>0x0a22cea2</ModelHash>
			<Type>3</Type>
			<Dynamic>false</Dynamic>
			<HashName>prop_cs_bowie_knife</HashName>
			<InitialHandle>254500</InitialHandle>
			<ObjectProperties>
				<TextureVariation>0</TextureVariation>
			</ObjectProperties>
			<OpacityLevel>255</OpacityLevel>
			<LodDistance>16960</LodDistance>
			<IsVisible>true</IsVisible>
			<MaxHealth>1000</MaxHealth>
			<Health>0</Health>
			<IsOnFire>false</IsOnFire>
			<IsInvincible>false</IsInvincible>
			<IsBulletProof>false</IsBulletProof>
			<IsCollisionProof>false</IsCollisionProof>
			<IsExplosionProof>false</IsExplosionProof>
			<IsFireProof>false</IsFireProof>
			<IsMeleeProof>false</IsMeleeProof>
			<IsOnlyDamagedByPlayer>false</IsOnlyDamagedByPlayer>
			<PositionRotation>
				<X>-660.865295</X>
				<Y>-656.634827</Y>
				<Z>31.3100872</Z>
				<Pitch>4.38958693</Pitch>
				<Roll>56.6001282</Roll>
				<Yaw>-69.6386414</Yaw>
			</PositionRotation>
			<Attachment isAttached="true">
				<AttachedTo>315430</AttachedTo>
				<BoneIndex>0</BoneIndex>
				<X>0.960000634</X>
				<Y>-1.43000114</Y>
				<Z>0.250000238</Z>
				<Pitch>177.029846</Pitch>
				<Roll>-122.999931</Roll>
				<Yaw>179.739975</Yaw>
			</Attachment>
		</Attachment>
		<Attachment>
			<ModelHash>0x0a22cea2</ModelHash>
			<Type>3</Type>
			<Dynamic>false</Dynamic>
			<HashName>prop_cs_bowie_knife</HashName>
			<InitialHandle>135718</InitialHandle>
			<ObjectProperties>
				<TextureVariation>0</TextureVariation>
			</ObjectProperties>
			<OpacityLevel>255</OpacityLevel>
			<LodDistance>16960</LodDistance>
			<IsVisible>true</IsVisible>
			<MaxHealth>1000</MaxHealth>
			<Health>1000</Health>
			<IsOnFire>false</IsOnFire>
			<IsInvincible>false</IsInvincible>
			<IsBulletProof>false</IsBulletProof>
			<IsCollisionProof>false</IsCollisionProof>
			<IsExplosionProof>false</IsExplosionProof>
			<IsFireProof>false</IsFireProof>
			<IsMeleeProof>false</IsMeleeProof>
			<IsOnlyDamagedByPlayer>false</IsOnlyDamagedByPlayer>
			<PositionRotation>
				<X>-661.248962</X>
				<Y>-656.779053</Y>
				<Z>31.2999439</Z>
				<Pitch>4.38958693</Pitch>
				<Roll>56.6001282</Roll>
				<Yaw>-69.6386414</Yaw>
			</PositionRotation>
			<Attachment isAttached="true">
				<AttachedTo>315430</AttachedTo>
				<BoneIndex>0</BoneIndex>
				<X>0.960000634</X>
				<Y>-1.84000075</Y>
				<Z>0.250000238</Z>
				<Pitch>177.029846</Pitch>
				<Roll>-122.999931</Roll>
				<Yaw>179.739975</Yaw>
			</Attachment>
		</Attachment>
		<Attachment>
			<ModelHash>0x0a22cea2</ModelHash>
			<Type>3</Type>
			<Dynamic>false</Dynamic>
			<HashName>prop_cs_bowie_knife</HashName>
			<InitialHandle>432166</InitialHandle>
			<ObjectProperties>
				<TextureVariation>0</TextureVariation>
			</ObjectProperties>
			<OpacityLevel>255</OpacityLevel>
			<LodDistance>16960</LodDistance>
			<IsVisible>true</IsVisible>
			<MaxHealth>1000</MaxHealth>
			<Health>1000</Health>
			<IsOnFire>false</IsOnFire>
			<IsInvincible>false</IsInvincible>
			<IsBulletProof>false</IsBulletProof>
			<IsCollisionProof>false</IsCollisionProof>
			<IsExplosionProof>false</IsExplosionProof>
			<IsFireProof>false</IsFireProof>
			<IsMeleeProof>false</IsMeleeProof>
			<IsOnlyDamagedByPlayer>false</IsOnlyDamagedByPlayer>
			<PositionRotation>
				<X>-661.942627</X>
				<Y>-654.98877</Y>
				<Z>31.2758751</Z>
				<Pitch>1.57338059</Pitch>
				<Roll>57.4727478</Roll>
				<Yaw>113.31694</Yaw>
			</PositionRotation>
			<Attachment isAttached="true">
				<AttachedTo>315430</AttachedTo>
				<BoneIndex>0</BoneIndex>
				<X>-0.959999919</X>
				<Y>-1.86000085</Y>
				<Z>0.240000233</Z>
				<Pitch>177.029846</Pitch>
				<Roll>-122.999931</Roll>
				<Yaw>2.73997498</Yaw>
			</Attachment>
		</Attachment>
		<Attachment>
			<ModelHash>0x0a22cea2</ModelHash>
			<Type>3</Type>
			<Dynamic>false</Dynamic>
			<HashName>prop_cs_bowie_knife</HashName>
			<InitialHandle>120354</InitialHandle>
			<ObjectProperties>
				<TextureVariation>0</TextureVariation>
			</ObjectProperties>
			<OpacityLevel>255</OpacityLevel>
			<LodDistance>16960</LodDistance>
			<IsVisible>true</IsVisible>
			<MaxHealth>1000</MaxHealth>
			<Health>0</Health>
			<IsOnFire>false</IsOnFire>
			<IsInvincible>false</IsInvincible>
			<IsBulletProof>false</IsBulletProof>
			<IsCollisionProof>false</IsCollisionProof>
			<IsExplosionProof>false</IsExplosionProof>
			<IsFireProof>false</IsFireProof>
			<IsMeleeProof>false</IsMeleeProof>
			<IsOnlyDamagedByPlayer>false</IsOnlyDamagedByPlayer>
			<PositionRotation>
				<X>-661.521545</X>
				<Y>-654.830505</Y>
				<Z>31.2870083</Z>
				<Pitch>1.57338059</Pitch>
				<Roll>57.4727478</Roll>
				<Yaw>113.31694</Yaw>
			</PositionRotation>
			<Attachment isAttached="true">
				<AttachedTo>315430</AttachedTo>
				<BoneIndex>0</BoneIndex>
				<X>-0.959999919</X>
				<Y>-1.41000128</Y>
				<Z>0.240000233</Z>
				<Pitch>177.029846</Pitch>
				<Roll>-122.999931</Roll>
				<Yaw>2.73997498</Yaw>
			</Attachment>
		</Attachment>
		<Attachment>
			<ModelHash>0x0a22cea2</ModelHash>
			<Type>3</Type>
			<Dynamic>false</Dynamic>
			<HashName>prop_cs_bowie_knife</HashName>
			<InitialHandle>53787</InitialHandle>
			<ObjectProperties>
				<TextureVariation>0</TextureVariation>
			</ObjectProperties>
			<OpacityLevel>255</OpacityLevel>
			<LodDistance>16960</LodDistance>
			<IsVisible>true</IsVisible>
			<MaxHealth>1000</MaxHealth>
			<Health>0</Health>
			<IsOnFire>false</IsOnFire>
			<IsInvincible>false</IsInvincible>
			<IsBulletProof>false</IsBulletProof>
			<IsCollisionProof>false</IsCollisionProof>
			<IsExplosionProof>false</IsExplosionProof>
			<IsFireProof>false</IsFireProof>
			<IsMeleeProof>false</IsMeleeProof>
			<IsOnlyDamagedByPlayer>false</IsOnlyDamagedByPlayer>
			<PositionRotation>
				<X>-661.137634</X>
				<Y>-654.686218</Y>
				<Z>31.2871552</Z>
				<Pitch>1.57338059</Pitch>
				<Roll>57.4727478</Roll>
				<Yaw>113.31694</Yaw>
			</PositionRotation>
			<Attachment isAttached="true">
				<AttachedTo>315430</AttachedTo>
				<BoneIndex>0</BoneIndex>
				<X>-0.959999919</X>
				<Y>-1.00000167</Y>
				<Z>0.230000228</Z>
				<Pitch>177.029846</Pitch>
				<Roll>-122.999931</Roll>
				<Yaw>2.73997498</Yaw>
			</Attachment>
		</Attachment>
		<Attachment>
			<ModelHash>0x7e1240ea</ModelHash>
			<Type>3</Type>
			<Dynamic>false</Dynamic>
			<HashName>prop_tool_consaw</HashName>
			<InitialHandle>547606</InitialHandle>
			<ObjectProperties>
				<TextureVariation>0</TextureVariation>
			</ObjectProperties>
			<OpacityLevel>255</OpacityLevel>
			<LodDistance>16960</LodDistance>
			<IsVisible>true</IsVisible>
			<MaxHealth>1000</MaxHealth>
			<Health>0</Health>
			<IsOnFire>false</IsOnFire>
			<IsInvincible>false</IsInvincible>
			<IsBulletProof>false</IsBulletProof>
			<IsCollisionProof>false</IsCollisionProof>
			<IsExplosionProof>false</IsExplosionProof>
			<IsFireProof>false</IsFireProof>
			<IsMeleeProof>false</IsMeleeProof>
			<IsOnlyDamagedByPlayer>false</IsOnlyDamagedByPlayer>
			<PositionRotation>
				<X>-661.910522</X>
				<Y>-655.385803</Y>
				<Z>30.855732</Z>
				<Pitch>-2.60504699</Pitch>
				<Roll>12.5545473</Roll>
				<Yaw>28.8415642</Yaw>
			</PositionRotation>
			<Attachment isAttached="true">
				<AttachedTo>315430</AttachedTo>
				<BoneIndex>0</BoneIndex>
				<X>-0.579999924</X>
				<Y>-1.98000145</Y>
				<Z>-0.179999977</Z>
				<Pitch>-2.00000739</Pitch>
				<Roll>13.9002552</Roll>
				<Yaw>458.299927</Yaw>
			</Attachment>
		</Attachment>
		<Attachment>
			<ModelHash>0xe2ba016f</ModelHash>
			<Type>3</Type>
			<Dynamic>false</Dynamic>
			<HashName>prop_cs_katana_01</HashName>
			<InitialHandle>728869</InitialHandle>
			<ObjectProperties>
				<TextureVariation>0</TextureVariation>
			</ObjectProperties>
			<OpacityLevel>255</OpacityLevel>
			<LodDistance>16960</LodDistance>
			<IsVisible>true</IsVisible>
			<MaxHealth>1000</MaxHealth>
			<Health>0</Health>
			<IsOnFire>false</IsOnFire>
			<IsInvincible>false</IsInvincible>
			<IsBulletProof>false</IsBulletProof>
			<IsCollisionProof>false</IsCollisionProof>
			<IsExplosionProof>false</IsExplosionProof>
			<IsFireProof>false</IsFireProof>
			<IsMeleeProof>false</IsMeleeProof>
			<IsOnlyDamagedByPlayer>false</IsOnlyDamagedByPlayer>
			<PositionRotation>
				<X>-661.19989</X>
				<Y>-656.558716</Y>
				<Z>31.1616154</Z>
				<Pitch>-4.44411135</Pitch>
				<Roll>81.5068588</Roll>
				<Yaw>-157.289719</Yaw>
			</PositionRotation>
			<Attachment isAttached="true">
				<AttachedTo>315430</AttachedTo>
				<BoneIndex>58</BoneIndex>
				<X>0.769999146</X>
				<Y>-1.72000074</Y>
				<Z>0.10999991</Z>
				<Pitch>-4.9000001</Pitch>
				<Roll>80.099968</Roll>
				<Yaw>-448.000031</Yaw>
			</Attachment>
		</Attachment>
		<Attachment>
			<ModelHash>0xe2ba016f</ModelHash>
			<Type>3</Type>
			<Dynamic>false</Dynamic>
			<HashName>prop_cs_katana_01</HashName>
			<InitialHandle>555045</InitialHandle>
			<ObjectProperties>
				<TextureVariation>0</TextureVariation>
			</ObjectProperties>
			<OpacityLevel>255</OpacityLevel>
			<LodDistance>16960</LodDistance>
			<IsVisible>true</IsVisible>
			<MaxHealth>1000</MaxHealth>
			<Health>1000</Health>
			<IsOnFire>false</IsOnFire>
			<IsInvincible>false</IsInvincible>
			<IsBulletProof>false</IsBulletProof>
			<IsCollisionProof>false</IsCollisionProof>
			<IsExplosionProof>false</IsExplosionProof>
			<IsFireProof>false</IsFireProof>
			<IsMeleeProof>false</IsMeleeProof>
			<IsOnlyDamagedByPlayer>false</IsOnlyDamagedByPlayer>
			<PositionRotation>
				<X>-661.723022</X>
				<Y>-655.110107</Y>
				<Z>31.1612167</Z>
				<Pitch>4.62378645</Pitch>
				<Roll>81.4193954</Roll>
				<Yaw>-159.113708</Yaw>
			</PositionRotation>
			<Attachment isAttached="true">
				<AttachedTo>315430</AttachedTo>
				<BoneIndex>58</BoneIndex>
				<X>-0.770001233</X>
				<Y>-1.70000076</Y>
				<Z>0.119999915</Z>
				<Pitch>4.20999622</Pitch>
				<Roll>79.9999695</Roll>
				<Yaw>-449.600128</Yaw>
			</Attachment>
		</Attachment>
		<Attachment>
			<ModelHash>0x7e1240ea</ModelHash>
			<Type>3</Type>
			<Dynamic>false</Dynamic>
			<HashName>prop_tool_consaw</HashName>
			<InitialHandle>348708</InitialHandle>
			<ObjectProperties>
				<TextureVariation>0</TextureVariation>
			</ObjectProperties>
			<OpacityLevel>255</OpacityLevel>
			<LodDistance>16960</LodDistance>
			<IsVisible>true</IsVisible>
			<MaxHealth>1000</MaxHealth>
			<Health>1000</Health>
			<IsOnFire>false</IsOnFire>
			<IsInvincible>false</IsInvincible>
			<IsBulletProof>false</IsBulletProof>
			<IsCollisionProof>false</IsCollisionProof>
			<IsExplosionProof>false</IsExplosionProof>
			<IsFireProof>false</IsFireProof>
			<IsMeleeProof>false</IsMeleeProof>
			<IsOnlyDamagedByPlayer>false</IsOnlyDamagedByPlayer>
			<PositionRotation>
				<X>-661.801514</X>
				<Y>-655.676025</Y>
				<Z>30.8579235</Z>
				<Pitch>-1.55802953</Pitch>
				<Roll>12.5351133</Roll>
				<Yaw>26.8651485</Yaw>
			</PositionRotation>
			<Attachment isAttached="true">
				<AttachedTo>315430</AttachedTo>
				<BoneIndex>0</BoneIndex>
				<X>-0.269999951</X>
				<Y>-1.98000145</Y>
				<Z>-0.179999977</Z>
				<Pitch>-1.00000739</Pitch>
				<Roll>13.9002552</Roll>
				<Yaw>456.299927</Yaw>
			</Attachment>
		</Attachment>
		<Attachment>
			<ModelHash>0x7e1240ea</ModelHash>
			<Type>3</Type>
			<Dynamic>false</Dynamic>
			<HashName>prop_tool_consaw</HashName>
			<InitialHandle>304911</InitialHandle>
			<ObjectProperties>
				<TextureVariation>0</TextureVariation>
			</ObjectProperties>
			<OpacityLevel>255</OpacityLevel>
			<LodDistance>16960</LodDistance>
			<IsVisible>true</IsVisible>
			<MaxHealth>1000</MaxHealth>
			<Health>1000</Health>
			<IsOnFire>false</IsOnFire>
			<IsInvincible>false</IsInvincible>
			<IsBulletProof>false</IsBulletProof>
			<IsCollisionProof>false</IsCollisionProof>
			<IsExplosionProof>false</IsExplosionProof>
			<IsFireProof>false</IsFireProof>
			<IsMeleeProof>false</IsMeleeProof>
			<IsOnlyDamagedByPlayer>false</IsOnlyDamagedByPlayer>
			<PositionRotation>
				<X>-661.608093</X>
				<Y>-656.190857</Y>
				<Z>30.8618145</Z>
				<Pitch>-0.41262126</Pitch>
				<Roll>12.484684</Roll>
				<Yaw>20.8905239</Yaw>
			</PositionRotation>
			<Attachment isAttached="true">
				<AttachedTo>315430</AttachedTo>
				<BoneIndex>0</BoneIndex>
				<X>0.280000001</X>
				<Y>-1.98000145</Y>
				<Z>-0.179999977</Z>
				<Pitch>-7.4505806e-006</Pitch>
				<Roll>13.9002552</Roll>
				<Yaw>450.299927</Yaw>
			</Attachment>
		</Attachment>
		<Attachment>
			<ModelHash>0x7e1240ea</ModelHash>
			<Type>3</Type>
			<Dynamic>false</Dynamic>
			<HashName>prop_tool_consaw</HashName>
			<InitialHandle>461592</InitialHandle>
			<ObjectProperties>
				<TextureVariation>0</TextureVariation>
			</ObjectProperties>
			<OpacityLevel>255</OpacityLevel>
			<LodDistance>16960</LodDistance>
			<IsVisible>true</IsVisible>
			<MaxHealth>1000</MaxHealth>
			<Health>1000</Health>
			<IsOnFire>false</IsOnFire>
			<IsInvincible>false</IsInvincible>
			<IsBulletProof>false</IsBulletProof>
			<IsCollisionProof>false</IsCollisionProof>
			<IsExplosionProof>false</IsExplosionProof>
			<IsFireProof>false</IsFireProof>
			<IsMeleeProof>false</IsMeleeProof>
			<IsOnlyDamagedByPlayer>false</IsOnlyDamagedByPlayer>
			<PositionRotation>
				<X>-661.495544</X>
				<Y>-656.490417</Y>
				<Z>30.8640766</Z>
				<Pitch>-0.312881827</Pitch>
				<Roll>12.4593563</Roll>
				<Yaw>16.8916874</Yaw>
			</PositionRotation>
			<Attachment isAttached="true">
				<AttachedTo>315430</AttachedTo>
				<BoneIndex>0</BoneIndex>
				<X>0.599999905</X>
				<Y>-1.98000145</Y>
				<Z>-0.179999977</Z>
				<Pitch>-7.4505806e-006</Pitch>
				<Roll>13.9002552</Roll>
				<Yaw>446.299927</Yaw>
			</Attachment>
		</Attachment>
		<Attachment>
			<ModelHash>0xa2942448</ModelHash>
			<Type>3</Type>
			<Dynamic>false</Dynamic>
			<HashName>prop_cs_magazine</HashName>
			<InitialHandle>436761</InitialHandle>
			<ObjectProperties>
				<TextureVariation>0</TextureVariation>
			</ObjectProperties>
			<OpacityLevel>255</OpacityLevel>
			<LodDistance>16960</LodDistance>
			<IsVisible>true</IsVisible>
			<MaxHealth>1000</MaxHealth>
			<Health>0</Health>
			<IsOnFire>false</IsOnFire>
			<IsInvincible>false</IsInvincible>
			<IsBulletProof>false</IsBulletProof>
			<IsCollisionProof>false</IsCollisionProof>
			<IsExplosionProof>false</IsExplosionProof>
			<IsFireProof>false</IsFireProof>
			<IsMeleeProof>false</IsMeleeProof>
			<IsOnlyDamagedByPlayer>false</IsOnlyDamagedByPlayer>
			<PositionRotation>
				<X>-659.023071</X>
				<Y>-655.454163</Y>
				<Z>30.9396706</Z>
				<Pitch>1.47078753</Pitch>
				<Roll>0.104100235</Roll>
				<Yaw>-89.4056244</Yaw>
			</PositionRotation>
			<Attachment isAttached="true">
				<AttachedTo>315430</AttachedTo>
				<BoneIndex>0</BoneIndex>
				<X>0.49999997</X>
				<Y>0.699999928</Y>
				<Z>-0.169999972</Z>
				<Pitch>0</Pitch>
				<Roll>0</Roll>
				<Yaw>-19.9999981</Yaw>
			</Attachment>
		</Attachment>
		<Attachment>
			<ModelHash>0xccf19015</ModelHash>
			<Type>3</Type>
			<Dynamic>false</Dynamic>
			<HashName>prop_pizza_box_02</HashName>
			<InitialHandle>165669</InitialHandle>
			<ObjectProperties>
				<TextureVariation>0</TextureVariation>
			</ObjectProperties>
			<OpacityLevel>255</OpacityLevel>
			<LodDistance>16960</LodDistance>
			<IsVisible>true</IsVisible>
			<MaxHealth>1000</MaxHealth>
			<Health>0</Health>
			<IsOnFire>false</IsOnFire>
			<IsInvincible>false</IsInvincible>
			<IsBulletProof>false</IsBulletProof>
			<IsCollisionProof>false</IsCollisionProof>
			<IsExplosionProof>false</IsExplosionProof>
			<IsFireProof>false</IsFireProof>
			<IsMeleeProof>false</IsMeleeProof>
			<IsOnlyDamagedByPlayer>false</IsOnlyDamagedByPlayer>
			<PositionRotation>
				<X>-659.428955</X>
				<Y>-655.529846</Y>
				<Z>31.1991901</Z>
				<Pitch>-0.40519622</Pitch>
				<Roll>-1.41770911</Roll>
				<Yaw>20.5906601</Yaw>
			</PositionRotation>
			<Attachment isAttached="true">
				<AttachedTo>315430</AttachedTo>
				<BoneIndex>0</BoneIndex>
				<X>0.429999948</X>
				<Y>0.299999982</Y>
				<Z>0.0999999344</Z>
				<Pitch>0</Pitch>
				<Roll>0</Roll>
				<Yaw>449.999969</Yaw>
			</Attachment>
		</Attachment>
		<Attachment>
			<ModelHash>0x42d06d20</ModelHash>
			<Type>3</Type>
			<Dynamic>false</Dynamic>
			<HashName>v_res_tt_pizzaplate</HashName>
			<InitialHandle>305443</InitialHandle>
			<ObjectProperties>
				<TextureVariation>0</TextureVariation>
			</ObjectProperties>
			<OpacityLevel>255</OpacityLevel>
			<LodDistance>16960</LodDistance>
			<IsVisible>true</IsVisible>
			<MaxHealth>1000</MaxHealth>
			<Health>0</Health>
			<IsOnFire>false</IsOnFire>
			<IsInvincible>false</IsInvincible>
			<IsBulletProof>false</IsBulletProof>
			<IsCollisionProof>false</IsCollisionProof>
			<IsExplosionProof>false</IsExplosionProof>
			<IsFireProof>false</IsFireProof>
			<IsMeleeProof>false</IsMeleeProof>
			<IsOnlyDamagedByPlayer>false</IsOnlyDamagedByPlayer>
			<PositionRotation>
				<X>-659.429382</X>
				<Y>-655.476135</Y>
				<Z>31.2593117</Z>
				<Pitch>1.41767371</Pitch>
				<Roll>-0.40532124</Roll>
				<Yaw>-69.3992691</Yaw>
			</PositionRotation>
			<Attachment isAttached="true">
				<AttachedTo>315430</AttachedTo>
				<BoneIndex>0</BoneIndex>
				<X>0.379999936</X>
				<Y>0.320000291</Y>
				<Z>0.160000429</Z>
				<Pitch>0</Pitch>
				<Roll>0</Roll>
				<Yaw>0</Yaw>
			</Attachment>
		</Attachment>
		<Attachment>
			<ModelHash>0x0a22cea2</ModelHash>
			<Type>3</Type>
			<Dynamic>false</Dynamic>
			<HashName>prop_cs_bowie_knife</HashName>
			<InitialHandle>213798</InitialHandle>
			<ObjectProperties>
				<TextureVariation>0</TextureVariation>
			</ObjectProperties>
			<OpacityLevel>255</OpacityLevel>
			<LodDistance>16960</LodDistance>
			<IsVisible>true</IsVisible>
			<MaxHealth>1000</MaxHealth>
			<Health>285</Health>
			<IsOnFire>false</IsOnFire>
			<IsInvincible>false</IsInvincible>
			<IsBulletProof>false</IsBulletProof>
			<IsCollisionProof>true</IsCollisionProof>
			<IsExplosionProof>false</IsExplosionProof>
			<IsFireProof>false</IsFireProof>
			<IsMeleeProof>false</IsMeleeProof>
			<IsOnlyDamagedByPlayer>false</IsOnlyDamagedByPlayer>
			<PositionRotation>
				<X>-657.907898</X>
				<Y>-654.495911</Y>
				<Z>31.618391</Z>
				<Pitch>-0.755949259</Pitch>
				<Roll>71.5854645</Roll>
				<Yaw>21.4253159</Yaw>
			</PositionRotation>
			<Attachment isAttached="true">
				<AttachedTo>315430</AttachedTo>
				<BoneIndex>42</BoneIndex>
				<X>-1.34110451e-007</X>
				<Y>1.04999876</Y>
				<Z>-0.179999888</Z>
				<Pitch>180.329788</Pitch>
				<Roll>-107.000008</Roll>
				<Yaw>-89.1600342</Yaw>
			</Attachment>
		</Attachment>
		<Attachment>
			<ModelHash>0x0a22cea2</ModelHash>
			<Type>3</Type>
			<Dynamic>false</Dynamic>
			<HashName>prop_cs_bowie_knife</HashName>
			<InitialHandle>499737</InitialHandle>
			<ObjectProperties>
				<TextureVariation>0</TextureVariation>
			</ObjectProperties>
			<OpacityLevel>255</OpacityLevel>
			<LodDistance>16960</LodDistance>
			<IsVisible>true</IsVisible>
			<MaxHealth>1000</MaxHealth>
			<Health>285</Health>
			<IsOnFire>false</IsOnFire>
			<IsInvincible>false</IsInvincible>
			<IsBulletProof>false</IsBulletProof>
			<IsCollisionProof>true</IsCollisionProof>
			<IsExplosionProof>false</IsExplosionProof>
			<IsFireProof>false</IsFireProof>
			<IsMeleeProof>false</IsMeleeProof>
			<IsOnlyDamagedByPlayer>false</IsOnlyDamagedByPlayer>
			<PositionRotation>
				<X>-658.101379</X>
				<Y>-653.981079</Y>
				<Z>31.6145</Z>
				<Pitch>-0.755949259</Pitch>
				<Roll>71.5854645</Roll>
				<Yaw>21.4253159</Yaw>
			</PositionRotation>
			<Attachment isAttached="true">
				<AttachedTo>315430</AttachedTo>
				<BoneIndex>42</BoneIndex>
				<X>-0.549999893</X>
				<Y>1.04999876</Y>
				<Z>-0.179999888</Z>
				<Pitch>180.329788</Pitch>
				<Roll>-107.000008</Roll>
				<Yaw>-89.1600342</Yaw>
			</Attachment>
		</Attachment>
	</SpoonerAttachments>
</Vehicle>
