<?xml version="1.0"?>
<Vehicle menyoo_ver="0.999859b">
	<ModelHash>0xa7ce1bc5</ModelHash>
	<InitialHandle>446477</InitialHandle>
	<VehicleProperties>
		<Colours>
			<Primary>12</Primary>
			<Secondary>13</Secondary>
			<Pearl>0</Pearl>
			<Rim>0</Rim>
			<Mod1_a>6</Mod1_a>
			<Mod1_b>-1</Mod1_b>
			<Mod1_c>-1</Mod1_c>
			<Mod2_a>6</Mod2_a>
			<Mod2_b>-1</Mod2_b>
			<IsPrimaryColourCustom>false</IsPrimaryColourCustom>
			<IsSecondaryColourCustom>false</IsSecondaryColourCustom>
			<tyreSmoke_R>255</tyreSmoke_R>
			<tyreSmoke_G>255</tyreSmoke_G>
			<tyreSmoke_B>255</tyreSmoke_B>
			<LrInterior>0</LrInterior>
			<LrDashboard>0</LrDashboard>
		</Colours>
		<Livery>-1</Livery>
		<NumberPlateText />
		<NumberPlateIndex>1</NumberPlateIndex>
		<WheelType>4</WheelType>
		<WheelsInvisible>false</WheelsInvisible>
		<EngineSoundName>CASCO</EngineSoundName>
		<WindowTint>1</WindowTint>
		<BulletProofTyres>true</BulletProofTyres>
		<DirtLevel>15</DirtLevel>
		<PaintFade>0.388235331</PaintFade>
		<RoofState>0</RoofState>
		<SirenActive>false</SirenActive>
		<EngineOn>true</EngineOn>
		<EngineHealth>1000</EngineHealth>
		<LightsOn>false</LightsOn>
		<IsRadioLoud>0</IsRadioLoud>
		<Neons>
			<Left>false</Left>
			<Right>false</Right>
			<Front>false</Front>
			<Back>false</Back>
			<R>255</R>
			<G>0</G>
			<B>255</B>
		</Neons>
		<ModExtras />
		<Mods>
			<_0>-1,0</_0>
			<_1>1,0</_1>
			<_2>0,0</_2>
			<_3>-1,0</_3>
			<_4>-1,0</_4>
			<_5>0,0</_5>
			<_6>-1,0</_6>
			<_7>-1,0</_7>
			<_8>-1,0</_8>
			<_9>-1,0</_9>
			<_10>2,0</_10>
			<_11>3,0</_11>
			<_12>2,0</_12>
			<_13>2,0</_13>
			<_14>-1,0</_14>
			<_15>-1,0</_15>
			<_16>4,0</_16>
			<_17>false</_17>
			<_18>true</_18>
			<_19>false</_19>
			<_20>false</_20>
			<_21>false</_21>
			<_22>false</_22>
			<_23>-1,0</_23>
			<_24>-1,0</_24>
			<_25>-1,0</_25>
			<_26>-1,0</_26>
			<_27>-1,0</_27>
			<_28>-1,0</_28>
			<_29>-1,0</_29>
			<_30>-1,0</_30>
			<_31>-1,0</_31>
			<_32>-1,0</_32>
			<_33>-1,0</_33>
			<_34>-1,0</_34>
			<_35>-1,0</_35>
			<_36>-1,0</_36>
			<_37>-1,0</_37>
			<_38>-1,0</_38>
			<_39>-1,0</_39>
			<_40>-1,0</_40>
			<_41>-1,0</_41>
			<_42>-1,0</_42>
			<_43>-1,0</_43>
			<_44>-1,0</_44>
			<_45>-1,0</_45>
			<_46>-1,0</_46>
			<_47>-1,0</_47>
			<_48>-1,0</_48>
		</Mods>
		<DoorsOpen>
			<BackLeftDoor>false</BackLeftDoor>
			<BackRightDoor>false</BackRightDoor>
			<FrontLeftDoor>false</FrontLeftDoor>
			<FrontRightDoor>false</FrontRightDoor>
			<Hood>false</Hood>
			<Trunk>false</Trunk>
			<Trunk2>false</Trunk2>
		</DoorsOpen>
		<DoorsBroken>
			<BackLeftDoor>false</BackLeftDoor>
			<BackRightDoor>false</BackRightDoor>
			<FrontLeftDoor>true</FrontLeftDoor>
			<FrontRightDoor>true</FrontRightDoor>
			<Hood>true</Hood>
			<Trunk>true</Trunk>
			<Trunk2>false</Trunk2>
		</DoorsBroken>
		<TyresBursted>
			<FrontLeft>false</FrontLeft>
			<FrontRight>false</FrontRight>
			<_2>false</_2>
			<_3>false</_3>
			<BackLeft>false</BackLeft>
			<BackRight>false</BackRight>
			<_6>false</_6>
			<_7>false</_7>
			<_8>false</_8>
		</TyresBursted>
		<RpmMultiplier>1</RpmMultiplier>
		<TorqueMultiplier>1</TorqueMultiplier>
		<HeadlightIntensity>1</HeadlightIntensity>
	</VehicleProperties>
	<OpacityLevel>255</OpacityLevel>
	<LodDistance>500</LodDistance>
	<IsVisible>true</IsVisible>
	<IsDriverVisible>true</IsDriverVisible>
	<MaxHealth>1000</MaxHealth>
	<Health>1000</Health>
	<IsOnFire>false</IsOnFire>
	<IsInvincible>true</IsInvincible>
	<IsBulletProof>true</IsBulletProof>
	<IsExplosionProof>true</IsExplosionProof>
	<IsFireProof>false</IsFireProof>
	<IsMeleeProof>true</IsMeleeProof>
	<IsOnlyDamagedByPlayer>false</IsOnlyDamagedByPlayer>
	<SpoonerAttachments SetAttachmentsPersistentAndAddToSpoonerDatabase="true">
		<Attachment>
			<ModelHash>0xec8f7094</ModelHash>
			<Type>2</Type>
			<Dynamic>true</Dynamic>
			<HashName>Duke O'Death</HashName>
			<InitialHandle>222993</InitialHandle>
			<VehicleProperties>
				<Colours>
					<Primary>12</Primary>
					<Secondary>12</Secondary>
					<Pearl>0</Pearl>
					<Rim>12</Rim>
					<Mod1_a>6</Mod1_a>
					<Mod1_b>-1</Mod1_b>
					<Mod1_c>-1</Mod1_c>
					<Mod2_a>6</Mod2_a>
					<Mod2_b>-1</Mod2_b>
					<IsPrimaryColourCustom>false</IsPrimaryColourCustom>
					<IsSecondaryColourCustom>false</IsSecondaryColourCustom>
					<tyreSmoke_R>255</tyreSmoke_R>
					<tyreSmoke_G>255</tyreSmoke_G>
					<tyreSmoke_B>255</tyreSmoke_B>
					<LrInterior>0</LrInterior>
					<LrDashboard>0</LrDashboard>
				</Colours>
				<Livery>-1</Livery>
				<NumberPlateText />
				<NumberPlateIndex>1</NumberPlateIndex>
				<WheelType>4</WheelType>
				<WheelsInvisible>false</WheelsInvisible>
				<EngineSoundName />
				<WindowTint>-1</WindowTint>
				<BulletProofTyres>true</BulletProofTyres>
				<DirtLevel>14.9000206</DirtLevel>
				<PaintFade>0.298039228</PaintFade>
				<RoofState>0</RoofState>
				<SirenActive>false</SirenActive>
				<EngineOn>true</EngineOn>
				<EngineHealth>973</EngineHealth>
				<LightsOn>true</LightsOn>
				<IsRadioLoud>0</IsRadioLoud>
				<Neons>
					<Left>false</Left>
					<Right>false</Right>
					<Front>false</Front>
					<Back>false</Back>
					<R>255</R>
					<G>0</G>
					<B>255</B>
				</Neons>
				<DoorsOpen>
					<BackLeftDoor>false</BackLeftDoor>
					<BackRightDoor>false</BackRightDoor>
					<FrontLeftDoor>false</FrontLeftDoor>
					<FrontRightDoor>false</FrontRightDoor>
					<Hood>false</Hood>
					<Trunk>false</Trunk>
					<Trunk2>false</Trunk2>
				</DoorsOpen>
				<DoorsBroken>
					<BackLeftDoor>false</BackLeftDoor>
					<BackRightDoor>false</BackRightDoor>
					<FrontLeftDoor>false</FrontLeftDoor>
					<FrontRightDoor>false</FrontRightDoor>
					<Hood>false</Hood>
					<Trunk>false</Trunk>
					<Trunk2>false</Trunk2>
				</DoorsBroken>
				<TyresBursted>
					<FrontLeft>false</FrontLeft>
					<FrontRight>false</FrontRight>
					<_2>false</_2>
					<_3>false</_3>
					<BackLeft>false</BackLeft>
					<BackRight>false</BackRight>
					<_6>false</_6>
					<_7>false</_7>
					<_8>false</_8>
				</TyresBursted>
				<RpmMultiplier>1</RpmMultiplier>
				<TorqueMultiplier>1</TorqueMultiplier>
				<HeadlightIntensity>2</HeadlightIntensity>
				<ModExtras />
				<Mods>
					<_0>-1,0</_0>
					<_1>-1,0</_1>
					<_2>-1,0</_2>
					<_3>-1,0</_3>
					<_4>-1,0</_4>
					<_5>-1,0</_5>
					<_6>-1,0</_6>
					<_7>-1,0</_7>
					<_8>-1,0</_8>
					<_9>-1,0</_9>
					<_10>-1,0</_10>
					<_11>-1,0</_11>
					<_12>-1,0</_12>
					<_13>-1,0</_13>
					<_14>-1,0</_14>
					<_15>-1,0</_15>
					<_16>4,0</_16>
					<_17>false</_17>
					<_18>false</_18>
					<_19>false</_19>
					<_20>false</_20>
					<_21>false</_21>
					<_22>false</_22>
					<_23>1,0</_23>
					<_24>-1,0</_24>
					<_25>-1,0</_25>
					<_26>-1,0</_26>
					<_27>-1,0</_27>
					<_28>-1,0</_28>
					<_29>-1,0</_29>
					<_30>-1,0</_30>
					<_31>-1,0</_31>
					<_32>-1,0</_32>
					<_33>-1,0</_33>
					<_34>-1,0</_34>
					<_35>-1,0</_35>
					<_36>-1,0</_36>
					<_37>-1,0</_37>
					<_38>-1,0</_38>
					<_39>-1,0</_39>
					<_40>-1,0</_40>
					<_41>-1,0</_41>
					<_42>-1,0</_42>
					<_43>-1,0</_43>
					<_44>-1,0</_44>
					<_45>-1,0</_45>
					<_46>-1,0</_46>
					<_47>-1,0</_47>
					<_48>-1,0</_48>
				</Mods>
			</VehicleProperties>
			<OpacityLevel>255</OpacityLevel>
			<LodDistance>16960</LodDistance>
			<IsVisible>true</IsVisible>
			<MaxHealth>1000</MaxHealth>
			<Health>973</Health>
			<IsOnFire>false</IsOnFire>
			<IsInvincible>true</IsInvincible>
			<IsBulletProof>true</IsBulletProof>
			<IsCollisionProof>true</IsCollisionProof>
			<IsExplosionProof>true</IsExplosionProof>
			<IsFireProof>true</IsFireProof>
			<IsMeleeProof>true</IsMeleeProof>
			<IsOnlyDamagedByPlayer>false</IsOnlyDamagedByPlayer>
			<PositionRotation>
				<X>-1614.1521</X>
				<Y>-2892.22437</Y>
				<Z>13.8950434</Z>
				<Pitch>-1.06737399</Pitch>
				<Roll>0.00731778843</Roll>
				<Yaw>-156.902756</Yaw>
			</PositionRotation>
			<Attachment isAttached="true">
				<AttachedTo>446477</AttachedTo>
				<BoneIndex>0</BoneIndex>
				<X>0</X>
				<Y>0</Y>
				<Z>0.099999994</Z>
				<Pitch>-0.99999994</Pitch>
				<Roll>0</Roll>
				<Yaw>0</Yaw>
			</Attachment>
		</Attachment>
		<Attachment>
			<ModelHash>0x7d4fdda3</ModelHash>
			<Type>3</Type>
			<Dynamic>false</Dynamic>
			<HashName>prop_roofpipe_04</HashName>
			<InitialHandle>204561</InitialHandle>
			<ObjectProperties>
				<TextureVariation>0</TextureVariation>
			</ObjectProperties>
			<OpacityLevel>255</OpacityLevel>
			<LodDistance>16960</LodDistance>
			<IsVisible>true</IsVisible>
			<MaxHealth>1000</MaxHealth>
			<Health>0</Health>
			<IsOnFire>false</IsOnFire>
			<IsInvincible>false</IsInvincible>
			<IsBulletProof>false</IsBulletProof>
			<IsCollisionProof>false</IsCollisionProof>
			<IsExplosionProof>false</IsExplosionProof>
			<IsFireProof>false</IsFireProof>
			<IsMeleeProof>false</IsMeleeProof>
			<IsOnlyDamagedByPlayer>false</IsOnlyDamagedByPlayer>
			<PositionRotation>
				<X>-1615.34534</X>
				<Y>-2891.21094</Y>
				<Z>13.4966002</Z>
				<Pitch>39.9326134</Pitch>
				<Roll>11.0095377</Roll>
				<Yaw>-156.909012</Yaw>
			</PositionRotation>
			<Attachment isAttached="true">
				<AttachedTo>446477</AttachedTo>
				<BoneIndex>0</BoneIndex>
				<X>0.699999928</X>
				<Y>-1.4000001</Y>
				<Z>-0.299999982</Z>
				<Pitch>39.9999962</Pitch>
				<Roll>10.999999</Roll>
				<Yaw>0</Yaw>
			</Attachment>
		</Attachment>
		<Attachment>
			<ModelHash>0x7d4fdda3</ModelHash>
			<Type>3</Type>
			<Dynamic>false</Dynamic>
			<HashName>prop_roofpipe_04</HashName>
			<InitialHandle>119054</InitialHandle>
			<ObjectProperties>
				<TextureVariation>0</TextureVariation>
			</ObjectProperties>
			<OpacityLevel>255</OpacityLevel>
			<LodDistance>16960</LodDistance>
			<IsVisible>true</IsVisible>
			<MaxHealth>1000</MaxHealth>
			<Health>0</Health>
			<IsOnFire>false</IsOnFire>
			<IsInvincible>false</IsInvincible>
			<IsBulletProof>false</IsBulletProof>
			<IsCollisionProof>false</IsCollisionProof>
			<IsExplosionProof>false</IsExplosionProof>
			<IsFireProof>false</IsFireProof>
			<IsMeleeProof>false</IsMeleeProof>
			<IsOnlyDamagedByPlayer>false</IsOnlyDamagedByPlayer>
			<PositionRotation>
				<X>-1615.26685</X>
				<Y>-2891.39502</Y>
				<Z>13.596365</Z>
				<Pitch>39.9326134</Pitch>
				<Roll>11.0095377</Roll>
				<Yaw>-156.909012</Yaw>
			</PositionRotation>
			<Attachment isAttached="true">
				<AttachedTo>446477</AttachedTo>
				<BoneIndex>0</BoneIndex>
				<X>0.699999928</X>
				<Y>-1.20000005</Y>
				<Z>-0.199999988</Z>
				<Pitch>39.9999962</Pitch>
				<Roll>10.999999</Roll>
				<Yaw>0</Yaw>
			</Attachment>
		</Attachment>
		<Attachment>
			<ModelHash>0x7d4fdda3</ModelHash>
			<Type>3</Type>
			<Dynamic>false</Dynamic>
			<HashName>prop_roofpipe_04</HashName>
			<InitialHandle>702735</InitialHandle>
			<ObjectProperties>
				<TextureVariation>0</TextureVariation>
			</ObjectProperties>
			<OpacityLevel>255</OpacityLevel>
			<LodDistance>16960</LodDistance>
			<IsVisible>true</IsVisible>
			<MaxHealth>1000</MaxHealth>
			<Health>0</Health>
			<IsOnFire>false</IsOnFire>
			<IsInvincible>false</IsInvincible>
			<IsBulletProof>false</IsBulletProof>
			<IsCollisionProof>false</IsCollisionProof>
			<IsExplosionProof>false</IsExplosionProof>
			<IsFireProof>false</IsFireProof>
			<IsMeleeProof>false</IsMeleeProof>
			<IsOnlyDamagedByPlayer>false</IsOnlyDamagedByPlayer>
			<PositionRotation>
				<X>-1614.10095</X>
				<Y>-2890.71289</Y>
				<Z>13.4967356</Z>
				<Pitch>-38.3352394</Pitch>
				<Roll>21.2747402</Roll>
				<Yaw>33.8814163</Yaw>
			</PositionRotation>
			<Attachment isAttached="true">
				<AttachedTo>446477</AttachedTo>
				<BoneIndex>0</BoneIndex>
				<X>-0.639999032</X>
				<Y>-1.37</Y>
				<Z>-0.299999982</Z>
				<Pitch>-38.4000473</Pitch>
				<Roll>21.3000011</Roll>
				<Yaw>190.800003</Yaw>
			</Attachment>
		</Attachment>
		<Attachment>
			<ModelHash>0x7d4fdda3</ModelHash>
			<Type>3</Type>
			<Dynamic>false</Dynamic>
			<HashName>prop_roofpipe_04</HashName>
			<InitialHandle>145939</InitialHandle>
			<ObjectProperties>
				<TextureVariation>0</TextureVariation>
			</ObjectProperties>
			<OpacityLevel>255</OpacityLevel>
			<LodDistance>16960</LodDistance>
			<IsVisible>true</IsVisible>
			<MaxHealth>1000</MaxHealth>
			<Health>0</Health>
			<IsOnFire>false</IsOnFire>
			<IsInvincible>false</IsInvincible>
			<IsBulletProof>false</IsBulletProof>
			<IsCollisionProof>false</IsCollisionProof>
			<IsExplosionProof>false</IsExplosionProof>
			<IsFireProof>false</IsFireProof>
			<IsMeleeProof>false</IsMeleeProof>
			<IsOnlyDamagedByPlayer>false</IsOnlyDamagedByPlayer>
			<PositionRotation>
				<X>-1614.03418</X>
				<Y>-2890.86938</Y>
				<Z>13.6065359</Z>
				<Pitch>-37.3343391</Pitch>
				<Roll>21.2790852</Roll>
				<Yaw>31.0844212</Yaw>
			</PositionRotation>
			<Attachment isAttached="true">
				<AttachedTo>446477</AttachedTo>
				<BoneIndex>0</BoneIndex>
				<X>-0.639999032</X>
				<Y>-1.20000005</Y>
				<Z>-0.189999953</Z>
				<Pitch>-37.4000473</Pitch>
				<Roll>21.3000011</Roll>
				<Yaw>188.000015</Yaw>
			</Attachment>
		</Attachment>
		<Attachment>
			<ModelHash>0xc2a63045</ModelHash>
			<Type>3</Type>
			<Dynamic>true</Dynamic>
			<HashName>prop_gascyl_04a</HashName>
			<InitialHandle>660245</InitialHandle>
			<ObjectProperties>
				<TextureVariation>0</TextureVariation>
			</ObjectProperties>
			<OpacityLevel>255</OpacityLevel>
			<LodDistance>16960</LodDistance>
			<IsVisible>true</IsVisible>
			<MaxHealth>1000</MaxHealth>
			<Health>1000</Health>
			<IsOnFire>false</IsOnFire>
			<IsInvincible>true</IsInvincible>
			<IsBulletProof>false</IsBulletProof>
			<IsCollisionProof>false</IsCollisionProof>
			<IsExplosionProof>true</IsExplosionProof>
			<IsFireProof>true</IsFireProof>
			<IsMeleeProof>true</IsMeleeProof>
			<IsOnlyDamagedByPlayer>false</IsOnlyDamagedByPlayer>
			<PositionRotation>
				<X>-1615.01624</X>
				<Y>-2890.96338</Y>
				<Z>14.6967678</Z>
				<Pitch>-77.0673752</Pitch>
				<Roll>0.0326929055</Roll>
				<Yaw>-156.871017</Yaw>
			</PositionRotation>
			<Attachment isAttached="true">
				<AttachedTo>446477</AttachedTo>
				<BoneIndex>0</BoneIndex>
				<X>0.300000042</X>
				<Y>-1.50000024</Y>
				<Z>0.899999976</Z>
				<Pitch>-77.0000076</Pitch>
				<Roll>0</Roll>
				<Yaw>0</Yaw>
			</Attachment>
		</Attachment>
		<Attachment>
			<ModelHash>0xc2a63045</ModelHash>
			<Type>3</Type>
			<Dynamic>true</Dynamic>
			<HashName>prop_gascyl_04a</HashName>
			<InitialHandle>125718</InitialHandle>
			<ObjectProperties>
				<TextureVariation>0</TextureVariation>
			</ObjectProperties>
			<OpacityLevel>255</OpacityLevel>
			<LodDistance>16960</LodDistance>
			<IsVisible>true</IsVisible>
			<MaxHealth>1000</MaxHealth>
			<Health>1000</Health>
			<IsOnFire>false</IsOnFire>
			<IsInvincible>true</IsInvincible>
			<IsBulletProof>false</IsBulletProof>
			<IsCollisionProof>false</IsCollisionProof>
			<IsExplosionProof>true</IsExplosionProof>
			<IsFireProof>true</IsFireProof>
			<IsMeleeProof>true</IsMeleeProof>
			<IsOnlyDamagedByPlayer>false</IsOnlyDamagedByPlayer>
			<PositionRotation>
				<X>-1614.46423</X>
				<Y>-2890.72803</Y>
				<Z>14.6968441</Z>
				<Pitch>-77.0673752</Pitch>
				<Roll>0.0326929055</Roll>
				<Yaw>-156.871017</Yaw>
			</PositionRotation>
			<Attachment isAttached="true">
				<AttachedTo>446477</AttachedTo>
				<BoneIndex>0</BoneIndex>
				<X>-0.300000072</X>
				<Y>-1.50000024</Y>
				<Z>0.899999976</Z>
				<Pitch>-77.0000076</Pitch>
				<Roll>0</Roll>
				<Yaw>0</Yaw>
			</Attachment>
		</Attachment>
		<Attachment>
			<ModelHash>0x3eb9757a</ModelHash>
			<Type>3</Type>
			<Dynamic>false</Dynamic>
			<HashName>p_trev_rope_01_s</HashName>
			<InitialHandle>511762</InitialHandle>
			<ObjectProperties>
				<TextureVariation>0</TextureVariation>
			</ObjectProperties>
			<OpacityLevel>255</OpacityLevel>
			<LodDistance>16960</LodDistance>
			<IsVisible>true</IsVisible>
			<MaxHealth>1000</MaxHealth>
			<Health>0</Health>
			<IsOnFire>false</IsOnFire>
			<IsInvincible>false</IsInvincible>
			<IsBulletProof>false</IsBulletProof>
			<IsCollisionProof>false</IsCollisionProof>
			<IsExplosionProof>false</IsExplosionProof>
			<IsFireProof>false</IsFireProof>
			<IsMeleeProof>false</IsMeleeProof>
			<IsOnlyDamagedByPlayer>false</IsOnlyDamagedByPlayer>
			<PositionRotation>
				<X>-1615.02551</X>
				<Y>-2890.9668</Y>
				<Z>14.3067665</Z>
				<Pitch>-80.0676346</Pitch>
				<Roll>-10.0260515</Roll>
				<Yaw>-166.928543</Yaw>
			</PositionRotation>
			<Attachment isAttached="true">
				<AttachedTo>446477</AttachedTo>
				<BoneIndex>0</BoneIndex>
				<X>0.310000032</X>
				<Y>-1.50000072</Y>
				<Z>0.509999752</Z>
				<Pitch>-80</Pitch>
				<Roll>-10.000001</Roll>
				<Yaw>-10.0000029</Yaw>
			</Attachment>
		</Attachment>
		<Attachment>
			<ModelHash>0x3eb9757a</ModelHash>
			<Type>3</Type>
			<Dynamic>false</Dynamic>
			<HashName>p_trev_rope_01_s</HashName>
			<InitialHandle>678676</InitialHandle>
			<ObjectProperties>
				<TextureVariation>0</TextureVariation>
			</ObjectProperties>
			<OpacityLevel>255</OpacityLevel>
			<LodDistance>16960</LodDistance>
			<IsVisible>true</IsVisible>
			<MaxHealth>1000</MaxHealth>
			<Health>0</Health>
			<IsOnFire>false</IsOnFire>
			<IsInvincible>false</IsInvincible>
			<IsBulletProof>false</IsBulletProof>
			<IsCollisionProof>false</IsCollisionProof>
			<IsExplosionProof>false</IsExplosionProof>
			<IsFireProof>false</IsFireProof>
			<IsMeleeProof>false</IsMeleeProof>
			<IsOnlyDamagedByPlayer>false</IsOnlyDamagedByPlayer>
			<PositionRotation>
				<X>-1614.47363</X>
				<Y>-2890.73145</Y>
				<Z>14.3068438</Z>
				<Pitch>-80.0676346</Pitch>
				<Roll>-10.0260515</Roll>
				<Yaw>-166.928543</Yaw>
			</PositionRotation>
			<Attachment isAttached="true">
				<AttachedTo>446477</AttachedTo>
				<BoneIndex>0</BoneIndex>
				<X>-0.290000081</X>
				<Y>-1.50000072</Y>
				<Z>0.509999752</Z>
				<Pitch>-80</Pitch>
				<Roll>-10.000001</Roll>
				<Yaw>-10.0000029</Yaw>
			</Attachment>
		</Attachment>
		<Attachment>
			<ModelHash>0x3eb9757a</ModelHash>
			<Type>3</Type>
			<Dynamic>false</Dynamic>
			<HashName>p_trev_rope_01_s</HashName>
			<InitialHandle>732436</InitialHandle>
			<ObjectProperties>
				<TextureVariation>0</TextureVariation>
			</ObjectProperties>
			<OpacityLevel>255</OpacityLevel>
			<LodDistance>16960</LodDistance>
			<IsVisible>true</IsVisible>
			<MaxHealth>1000</MaxHealth>
			<Health>0</Health>
			<IsOnFire>false</IsOnFire>
			<IsInvincible>false</IsInvincible>
			<IsBulletProof>false</IsBulletProof>
			<IsCollisionProof>false</IsCollisionProof>
			<IsExplosionProof>false</IsExplosionProof>
			<IsFireProof>false</IsFireProof>
			<IsMeleeProof>false</IsMeleeProof>
			<IsOnlyDamagedByPlayer>false</IsOnlyDamagedByPlayer>
			<PositionRotation>
				<X>-1614.83069</X>
				<Y>-2889.89404</Y>
				<Z>14.0979137</Z>
				<Pitch>-80.0676346</Pitch>
				<Roll>-10.0260515</Roll>
				<Yaw>-166.928543</Yaw>
			</PositionRotation>
			<Attachment isAttached="true">
				<AttachedTo>446477</AttachedTo>
				<BoneIndex>0</BoneIndex>
				<X>-0.290000081</X>
				<Y>-2.40999985</Y>
				<Z>0.299999952</Z>
				<Pitch>-80</Pitch>
				<Roll>-10.000001</Roll>
				<Yaw>-10.0000029</Yaw>
			</Attachment>
		</Attachment>
		<Attachment>
			<ModelHash>0x3eb9757a</ModelHash>
			<Type>3</Type>
			<Dynamic>false</Dynamic>
			<HashName>p_trev_rope_01_s</HashName>
			<InitialHandle>719380</InitialHandle>
			<ObjectProperties>
				<TextureVariation>0</TextureVariation>
			</ObjectProperties>
			<OpacityLevel>255</OpacityLevel>
			<LodDistance>16960</LodDistance>
			<IsVisible>true</IsVisible>
			<MaxHealth>1000</MaxHealth>
			<Health>0</Health>
			<IsOnFire>false</IsOnFire>
			<IsInvincible>false</IsInvincible>
			<IsBulletProof>false</IsBulletProof>
			<IsCollisionProof>false</IsCollisionProof>
			<IsExplosionProof>false</IsExplosionProof>
			<IsFireProof>false</IsFireProof>
			<IsMeleeProof>false</IsMeleeProof>
			<IsOnlyDamagedByPlayer>false</IsOnlyDamagedByPlayer>
			<PositionRotation>
				<X>-1615.39172</X>
				<Y>-2890.1333</Y>
				<Z>14.0978355</Z>
				<Pitch>-80.0676346</Pitch>
				<Roll>-10.0260515</Roll>
				<Yaw>-166.928543</Yaw>
			</PositionRotation>
			<Attachment isAttached="true">
				<AttachedTo>446477</AttachedTo>
				<BoneIndex>0</BoneIndex>
				<X>0.320000023</X>
				<Y>-2.40999985</Y>
				<Z>0.299999952</Z>
				<Pitch>-80</Pitch>
				<Roll>-10.000001</Roll>
				<Yaw>-10.0000029</Yaw>
			</Attachment>
		</Attachment>
		<Attachment>
			<ModelHash>0xf5c39f51</ModelHash>
			<Type>3</Type>
			<Dynamic>false</Dynamic>
			<HashName>prop_rub_carpart_04</HashName>
			<InitialHandle>130841</InitialHandle>
			<ObjectProperties>
				<TextureVariation>0</TextureVariation>
			</ObjectProperties>
			<OpacityLevel>255</OpacityLevel>
			<LodDistance>16960</LodDistance>
			<IsVisible>true</IsVisible>
			<MaxHealth>1000</MaxHealth>
			<Health>0</Health>
			<IsOnFire>false</IsOnFire>
			<IsInvincible>false</IsInvincible>
			<IsBulletProof>false</IsBulletProof>
			<IsCollisionProof>false</IsCollisionProof>
			<IsExplosionProof>false</IsExplosionProof>
			<IsFireProof>false</IsFireProof>
			<IsMeleeProof>false</IsMeleeProof>
			<IsOnlyDamagedByPlayer>false</IsOnlyDamagedByPlayer>
			<PositionRotation>
				<X>-1614.22974</X>
				<Y>-2892.98535</Y>
				<Z>13.394208</Z>
				<Pitch>-0.043382518</Pitch>
				<Roll>0.0520652235</Roll>
				<Yaw>-112.902878</Yaw>
			</PositionRotation>
			<Attachment isAttached="true">
				<AttachedTo>446477</AttachedTo>
				<BoneIndex>0</BoneIndex>
				<X>0.369999975</X>
				<Y>0.670000076</Y>
				<Z>-0.400000036</Z>
				<Pitch>0</Pitch>
				<Roll>0</Roll>
				<Yaw>44.0000038</Yaw>
			</Attachment>
		</Attachment>
		<Attachment>
			<ModelHash>0xf5c39f51</ModelHash>
			<Type>3</Type>
			<Dynamic>false</Dynamic>
			<HashName>prop_rub_carpart_04</HashName>
			<InitialHandle>382234</InitialHandle>
			<ObjectProperties>
				<TextureVariation>0</TextureVariation>
			</ObjectProperties>
			<OpacityLevel>255</OpacityLevel>
			<LodDistance>16960</LodDistance>
			<IsVisible>true</IsVisible>
			<MaxHealth>1000</MaxHealth>
			<Health>0</Health>
			<IsOnFire>false</IsOnFire>
			<IsInvincible>false</IsInvincible>
			<IsBulletProof>false</IsBulletProof>
			<IsCollisionProof>false</IsCollisionProof>
			<IsExplosionProof>false</IsExplosionProof>
			<IsFireProof>false</IsFireProof>
			<IsMeleeProof>false</IsMeleeProof>
			<IsOnlyDamagedByPlayer>false</IsOnlyDamagedByPlayer>
			<PositionRotation>
				<X>-1613.58069</X>
				<Y>-2892.77393</Y>
				<Z>13.4942245</Z>
				<Pitch>-0.0520650968</Pitch>
				<Roll>-178.543137</Roll>
				<Yaw>157.097076</Yaw>
			</PositionRotation>
			<Attachment isAttached="true">
				<AttachedTo>446477</AttachedTo>
				<BoneIndex>0</BoneIndex>
				<X>-0.309998125</X>
				<Y>0.730000019</Y>
				<Z>-0.299999595</Z>
				<Pitch>0</Pitch>
				<Roll>181.500229</Roll>
				<Yaw>-46</Yaw>
			</Attachment>
		</Attachment>
		<Attachment>
			<ModelHash>0xe91d62d5</ModelHash>
			<Type>3</Type>
			<Dynamic>false</Dynamic>
			<HashName>w_am_baseball</HashName>
			<InitialHandle>77851</InitialHandle>
			<ObjectProperties>
				<TextureVariation>0</TextureVariation>
			</ObjectProperties>
			<PtfxLopAsset>core</PtfxLopAsset>
			<PtfxLopEffect>ent_sht_flame</PtfxLopEffect>
			<OpacityLevel>255</OpacityLevel>
			<LodDistance>16960</LodDistance>
			<IsVisible>false</IsVisible>
			<MaxHealth>1000</MaxHealth>
			<Health>0</Health>
			<IsOnFire>true</IsOnFire>
			<IsInvincible>true</IsInvincible>
			<IsBulletProof>false</IsBulletProof>
			<IsCollisionProof>false</IsCollisionProof>
			<IsExplosionProof>true</IsExplosionProof>
			<IsFireProof>true</IsFireProof>
			<IsMeleeProof>true</IsMeleeProof>
			<IsOnlyDamagedByPlayer>false</IsOnlyDamagedByPlayer>
			<PositionRotation>
				<X>-1615.7959</X>
				<Y>-2892.06616</Y>
				<Z>13.385787</Z>
				<Pitch>-0.0563130006</Pitch>
				<Roll>89.9622955</Roll>
				<Yaw>163.097061</Yaw>
			</PositionRotation>
			<Attachment isAttached="true">
				<AttachedTo>446477</AttachedTo>
				<BoneIndex>0</BoneIndex>
				<X>1.45000041</X>
				<Y>-0.789999962</Y>
				<Z>-0.410000145</Z>
				<Pitch>0</Pitch>
				<Roll>90.0000076</Roll>
				<Yaw>-40.0000038</Yaw>
			</Attachment>
		</Attachment>
		<Attachment>
			<ModelHash>0xe91d62d5</ModelHash>
			<Type>3</Type>
			<Dynamic>false</Dynamic>
			<HashName>w_am_baseball</HashName>
			<InitialHandle>621594</InitialHandle>
			<ObjectProperties>
				<TextureVariation>0</TextureVariation>
			</ObjectProperties>
			<PtfxLopAsset>core</PtfxLopAsset>
			<PtfxLopEffect>ent_sht_flame</PtfxLopEffect>
			<OpacityLevel>255</OpacityLevel>
			<LodDistance>16960</LodDistance>
			<IsVisible>false</IsVisible>
			<MaxHealth>1000</MaxHealth>
			<Health>0</Health>
			<IsOnFire>true</IsOnFire>
			<IsInvincible>true</IsInvincible>
			<IsBulletProof>false</IsBulletProof>
			<IsCollisionProof>false</IsCollisionProof>
			<IsExplosionProof>true</IsExplosionProof>
			<IsFireProof>true</IsFireProof>
			<IsMeleeProof>true</IsMeleeProof>
			<IsOnlyDamagedByPlayer>false</IsOnlyDamagedByPlayer>
			<PositionRotation>
				<X>-1613.12573</X>
				<Y>-2890.95996</Y>
				<Z>13.436121</Z>
				<Pitch>-0.0546921045</Pitch>
				<Roll>-96.9599304</Roll>
				<Yaw>-126.90287</Yaw>
			</PositionRotation>
			<Attachment isAttached="true">
				<AttachedTo>446477</AttachedTo>
				<BoneIndex>0</BoneIndex>
				<X>-1.43999994</X>
				<Y>-0.75999999</Y>
				<Z>-0.360000193</Z>
				<Pitch>0</Pitch>
				<Roll>263.000031</Roll>
				<Yaw>30</Yaw>
			</Attachment>
		</Attachment>
	</SpoonerAttachments>
</Vehicle>
