{
    "Vehicle": {
        "ModelHash": 4008920556,
        "VehicleProperties": {
            "BulletProofTires": true,
            "Colors": {
                "CPrimary": {
                    "b": 0,
                    "g": 0,
                    "r": 0
                },
                "CSecondary": {
                    "b": 0,
                    "g": 0,
                    "r": 0
                },
                "IsPrimaryCustom": true,
                "IsSecondaryCustom": true,
                "Livery": -1,
                "Neon": {
                    "Back": false,
                    "Color": {
                        "b": 255,
                        "g": 0,
                        "r": 255
                    },
                    "Front": false,
                    "Left": false,
                    "Right": false
                },
                "PaintFade": 1.169621789218e-40,
                "Pearl": 10,
                "Primary": 124,
                "Rim": 0,
                "Secondary": 89,
                "TyreSmoke": {
                    "b": 255,
                    "g": 255,
                    "r": 255
                }
            },
            "DirtLevel": 4.37989044189453,
            "EngineHealth": 1000.0,
            "EngineRunning": true,
            "Mods": {
                "Mod_0": -1,
                "Mod_1": -1,
                "Mod_10": -1,
                "Mod_11": 1,
                "Mod_12": 0,
                "Mod_13": -1,
                "Mod_14": 23,
                "Mod_15": -1,
                "Mod_16": 1,
                "Mod_17": -1,
                "Mod_18": -1,
                "Mod_19": -1,
                "Mod_2": -1,
                "Mod_20": -1,
                "Mod_21": -1,
                "Mod_22": -1,
                "Mod_23": 14,
                "Mod_24": -1,
                "Mod_25": -1,
                "Mod_26": -1,
                "Mod_27": -1,
                "Mod_28": -1,
                "Mod_29": -1,
                "Mod_3": -1,
                "Mod_30": -1,
                "Mod_31": -1,
                "Mod_32": -1,
                "Mod_33": -1,
                "Mod_34": -1,
                "Mod_35": -1,
                "Mod_36": -1,
                "Mod_37": -1,
                "Mod_38": -1,
                "Mod_39": -1,
                "Mod_4": -1,
                "Mod_40": -1,
                "Mod_41": 2,
                "Mod_42": -1,
                "Mod_43": -1,
                "Mod_44": -1,
                "Mod_45": -1,
                "Mod_46": -1,
                "Mod_47": -1,
                "Mod_48": 7,
                "Mod_5": 3,
                "Mod_6": -1,
                "Mod_7": -1,
                "Mod_8": -1,
                "Mod_9": 1
            },
            "NumberPlate": {
                "Index": 3,
                "Text": "JXRRJBDT"
            },
            "WheelsType": 4,
            "WindowTint": 0
        }
    }
}