{
    "Vehicle": {
        "ModelHash": 2252616474,
        "VehicleProperties": {
            "BulletProofTires": false,
            "Colors": {
                "CPrimary": {
                    "b": 0,
                    "g": 0,
                    "r": 255
                },
                "CSecondary": {
                    "b": 0,
                    "g": 0,
                    "r": 0
                },
                "IsPrimaryCustom": true,
                "IsSecondaryCustom": true,
                "Livery": -1,
                "Neon": {
                    "Back": false,
                    "Color": {
                        "b": 255,
                        "g": 0,
                        "r": 255
                    },
                    "Front": false,
                    "Left": false,
                    "Right": false
                },
                "PaintFade": 1.0,
                "Pearl": 20,
                "Primary": 140,
                "Rim": 44,
                "Secondary": 81,
                "TyreSmoke": {
                    "b": 255,
                    "g": 255,
                    "r": 255
                }
            },
            "DirtLevel": 7.07537253674673e-07,
            "EngineHealth": 99999.0,
            "EngineRunning": true,
            "Mods": {
                "Mod_0": 2,
                "Mod_1": -1,
                "Mod_10": 2,
                "Mod_11": 3,
                "Mod_12": 2,
                "Mod_13": 2,
                "Mod_14": 57,
                "Mod_15": 3,
                "Mod_16": 4,
                "Mod_17": -1,
                "Mod_18": -1,
                "Mod_19": -1,
                "Mod_2": -1,
                "Mod_20": -1,
                "Mod_21": -1,
                "Mod_22": -1,
                "Mod_23": 19,
                "Mod_24": -1,
                "Mod_25": -1,
                "Mod_26": -1,
                "Mod_27": -1,
                "Mod_28": -1,
                "Mod_29": -1,
                "Mod_3": -1,
                "Mod_30": -1,
                "Mod_31": -1,
                "Mod_32": -1,
                "Mod_33": -1,
                "Mod_34": -1,
                "Mod_35": 5,
                "Mod_36": -1,
                "Mod_37": -1,
                "Mod_38": -1,
                "Mod_39": -1,
                "Mod_4": 3,
                "Mod_40": 3,
                "Mod_41": 2,
                "Mod_42": 5,
                "Mod_43": 0,
                "Mod_44": -1,
                "Mod_45": 1,
                "Mod_46": -1,
                "Mod_47": -1,
                "Mod_48": 3,
                "Mod_5": 2,
                "Mod_6": 2,
                "Mod_7": 12,
                "Mod_8": 0,
                "Mod_9": 4
            },
            "NumberPlate": {
                "Index": 4,
                "Text": "UNKNOWN "
            },
            "WheelsType": 4,
            "WindowTint": -1
        }
    }
}