<?xml version="1.0" encoding="ISO-8859-1"?>
<Vehicle menyoo_ver="0.999876782b">
	<ModelHash>0x3e48bf23</ModelHash>
	<InitialHandle>81666</InitialHandle>
	<VehicleProperties>
		<Colours>
			<Primary>134</Primary>
			<Secondary>134</Secondary>
			<Pearl>134</Pearl>
			<Rim>156</Rim>
			<Mod1_a>0</Mod1_a>
			<Mod1_b>0</Mod1_b>
			<Mod1_c>0</Mod1_c>
			<Mod2_a>0</Mod2_a>
			<Mod2_b>0</Mod2_b>
			<IsPrimaryColourCustom>false</IsPrimaryColourCustom>
			<IsSecondaryColourCustom>false</IsSecondaryColourCustom>
			<tyreSmoke_R>255</tyreSmoke_R>
			<tyreSmoke_G>255</tyreSmoke_G>
			<tyreSmoke_B>255</tyreSmoke_B>
			<LrInterior>0</LrInterior>
			<LrDashboard>0</LrDashboard>
		</Colours>
		<Livery>-1</Livery>
		<NumberPlateText>01VZN897</NumberPlateText>
		<NumberPlateIndex>4</NumberPlateIndex>
		<WheelType>0</WheelType>
		<WheelsInvisible>false</WheelsInvisible>
		<EngineSoundName></EngineSoundName>
		<WindowTint>-1</WindowTint>
		<BulletProofTyres>true</BulletProofTyres>
		<DirtLevel>0.835102737</DirtLevel>
		<PaintFade>0.298039228</PaintFade>
		<RoofState>0</RoofState>
		<SirenActive>false</SirenActive>
		<EngineOn>true</EngineOn>
		<EngineHealth>1000</EngineHealth>
		<LightsOn>false</LightsOn>
		<IsRadioLoud>0</IsRadioLoud>
		<LockStatus>1</LockStatus>
		<Neons>
			<Left>false</Left>
			<Right>false</Right>
			<Front>false</Front>
			<Back>false</Back>
			<R>255</R>
			<G>0</G>
			<B>255</B>
		</Neons>
		<ModExtras>
			<_1>true</_1>
			<_2>true</_2>
			<_3>true</_3>
			<_4>true</_4>
			<_5>true</_5>
			<_6>true</_6>
			<_7>true</_7>
			<_8>true</_8>
			<_9>true</_9>
			<_10>true</_10>
			<_12>true</_12>
			<_13>true</_13>
		</ModExtras>
		<Mods>
			<_0>-1,0</_0>
			<_1>-1,0</_1>
			<_2>-1,0</_2>
			<_3>-1,0</_3>
			<_4>-1,0</_4>
			<_5>-1,0</_5>
			<_6>-1,0</_6>
			<_7>-1,0</_7>
			<_8>-1,0</_8>
			<_9>-1,0</_9>
			<_10>-1,0</_10>
			<_11>-1,0</_11>
			<_12>-1,0</_12>
			<_13>-1,0</_13>
			<_14>-1,0</_14>
			<_15>-1,0</_15>
			<_16>-1,0</_16>
			<_17>false</_17>
			<_18>false</_18>
			<_19>false</_19>
			<_20>false</_20>
			<_21>false</_21>
			<_22>false</_22>
			<_23>-1,0</_23>
			<_24>-1,0</_24>
			<_25>-1,0</_25>
			<_26>-1,0</_26>
			<_27>-1,0</_27>
			<_28>-1,0</_28>
			<_29>-1,0</_29>
			<_30>-1,0</_30>
			<_31>-1,0</_31>
			<_32>-1,0</_32>
			<_33>-1,0</_33>
			<_34>-1,0</_34>
			<_35>-1,0</_35>
			<_36>-1,0</_36>
			<_37>-1,0</_37>
			<_38>-1,0</_38>
			<_39>-1,0</_39>
			<_40>-1,0</_40>
			<_41>-1,0</_41>
			<_42>-1,0</_42>
			<_43>-1,0</_43>
			<_44>-1,0</_44>
			<_45>-1,0</_45>
			<_46>-1,0</_46>
			<_47>-1,0</_47>
			<_48>-1,0</_48>
		</Mods>
		<DoorsOpen>
			<BackLeftDoor>false</BackLeftDoor>
			<BackRightDoor>false</BackRightDoor>
			<FrontLeftDoor>false</FrontLeftDoor>
			<FrontRightDoor>false</FrontRightDoor>
			<Hood>false</Hood>
			<Trunk>false</Trunk>
			<Trunk2>false</Trunk2>
		</DoorsOpen>
		<DoorsBroken>
			<BackLeftDoor>false</BackLeftDoor>
			<BackRightDoor>false</BackRightDoor>
			<FrontLeftDoor>false</FrontLeftDoor>
			<FrontRightDoor>false</FrontRightDoor>
			<Hood>false</Hood>
			<Trunk>false</Trunk>
			<Trunk2>false</Trunk2>
		</DoorsBroken>
		<TyresBursted>
			<FrontLeft>false</FrontLeft>
			<FrontRight>false</FrontRight>
			<_2>false</_2>
			<_3>false</_3>
			<BackLeft>false</BackLeft>
			<BackRight>false</BackRight>
			<_6>false</_6>
			<_7>false</_7>
			<_8>false</_8>
		</TyresBursted>
	</VehicleProperties>
	<OpacityLevel>255</OpacityLevel>
	<LodDistance>16960</LodDistance>
	<IsVisible>false</IsVisible>
	<IsDriverVisible>false</IsDriverVisible>
	<MaxHealth>1000</MaxHealth>
	<Health>980</Health>
	<HasGravity>true</HasGravity>
	<IsOnFire>false</IsOnFire>
	<IsInvincible>true</IsInvincible>
	<IsBulletProof>true</IsBulletProof>
	<IsExplosionProof>true</IsExplosionProof>
	<IsFireProof>false</IsFireProof>
	<IsMeleeProof>true</IsMeleeProof>
	<IsOnlyDamagedByPlayer>false</IsOnlyDamagedByPlayer>
	<SpoonerAttachments SetAttachmentsPersistentAndAddToSpoonerDatabase="false" StartTaskSequencesOnLoad="true">
		<Attachment>
			<ModelHash>0x92ecf5ed</ModelHash>
			<Type>3</Type>
			<Dynamic>false</Dynamic>
			<FrozenPos>true</FrozenPos>
			<HashName>prop_ng_sculpt_fix</HashName>
			<InitialHandle>81922</InitialHandle>
			<ObjectProperties>
				<TextureVariation>0</TextureVariation>
			</ObjectProperties>
			<OpacityLevel>255</OpacityLevel>
			<LodDistance>16960</LodDistance>
			<IsVisible>true</IsVisible>
			<MaxHealth>1000</MaxHealth>
			<Health>1000</Health>
			<HasGravity>true</HasGravity>
			<IsOnFire>false</IsOnFire>
			<IsInvincible>true</IsInvincible>
			<IsBulletProof>false</IsBulletProof>
			<IsCollisionProof>false</IsCollisionProof>
			<IsExplosionProof>true</IsExplosionProof>
			<IsFireProof>false</IsFireProof>
			<IsMeleeProof>true</IsMeleeProof>
			<IsOnlyDamagedByPlayer>false</IsOnlyDamagedByPlayer>
			<PositionRotation>
				<X>-1332.85754</X>
				<Y>-3010.14307</Y>
				<Z>16.2602005</Z>
				<Pitch>-89.7230377</Pitch>
				<Roll>-8.54865551</Roll>
				<Yaw>-98.0257874</Yaw>
			</PositionRotation>
			<Attachment isAttached="true">
				<AttachedTo>81666</AttachedTo>
				<BoneIndex>0</BoneIndex>
				<X>-13.999999</X>
				<Y>37.9999962</Y>
				<Z>0</Z>
				<Pitch>-89.9999924</Pitch>
				<Roll>49.9999962</Roll>
				<Yaw>0</Yaw>
			</Attachment>
		</Attachment>
		<Attachment>
			<ModelHash>0x92ecf5ed</ModelHash>
			<Type>3</Type>
			<Dynamic>false</Dynamic>
			<FrozenPos>true</FrozenPos>
			<HashName>prop_ng_sculpt_fix</HashName>
			<InitialHandle>82178</InitialHandle>
			<ObjectProperties>
				<TextureVariation>0</TextureVariation>
			</ObjectProperties>
			<OpacityLevel>255</OpacityLevel>
			<LodDistance>16960</LodDistance>
			<IsVisible>true</IsVisible>
			<MaxHealth>1000</MaxHealth>
			<Health>1000</Health>
			<HasGravity>true</HasGravity>
			<IsOnFire>false</IsOnFire>
			<IsInvincible>true</IsInvincible>
			<IsBulletProof>false</IsBulletProof>
			<IsCollisionProof>false</IsCollisionProof>
			<IsExplosionProof>true</IsExplosionProof>
			<IsFireProof>false</IsFireProof>
			<IsMeleeProof>true</IsMeleeProof>
			<IsOnlyDamagedByPlayer>false</IsOnlyDamagedByPlayer>
			<PositionRotation>
				<X>-1312.65283</X>
				<Y>-3028.08081</Y>
				<Z>16.3688126</Z>
				<Pitch>89.7237473</Pitch>
				<Roll>98.5490112</Roll>
				<Yaw>81.9738464</Yaw>
			</PositionRotation>
			<Attachment isAttached="true">
				<AttachedTo>81666</AttachedTo>
				<BoneIndex>0</BoneIndex>
				<X>13</X>
				<Y>36.9999962</Y>
				<Z>0</Z>
				<Pitch>90.0000153</Pitch>
				<Roll>-140</Roll>
				<Yaw>1.66893005e-06</Yaw>
			</Attachment>
		</Attachment>
		<Attachment>
			<ModelHash>0x92ecf5ed</ModelHash>
			<Type>3</Type>
			<Dynamic>false</Dynamic>
			<FrozenPos>true</FrozenPos>
			<HashName>prop_ng_sculpt_fix</HashName>
			<InitialHandle>82434</InitialHandle>
			<ObjectProperties>
				<TextureVariation>0</TextureVariation>
			</ObjectProperties>
			<OpacityLevel>255</OpacityLevel>
			<LodDistance>16960</LodDistance>
			<IsVisible>true</IsVisible>
			<MaxHealth>1000</MaxHealth>
			<Health>1000</Health>
			<HasGravity>true</HasGravity>
			<IsOnFire>false</IsOnFire>
			<IsInvincible>true</IsInvincible>
			<IsBulletProof>false</IsBulletProof>
			<IsCollisionProof>false</IsCollisionProof>
			<IsExplosionProof>true</IsExplosionProof>
			<IsFireProof>false</IsFireProof>
			<IsMeleeProof>true</IsMeleeProof>
			<IsOnlyDamagedByPlayer>false</IsOnlyDamagedByPlayer>
			<PositionRotation>
				<X>-1319.19324</X>
				<Y>-3048.60449</Y>
				<Z>16.3513947</Z>
				<Pitch>89.7244644</Pitch>
				<Roll>74.5475159</Roll>
				<Yaw>81.9753571</Yaw>
			</PositionRotation>
			<Attachment isAttached="true">
				<AttachedTo>81666</AttachedTo>
				<BoneIndex>0</BoneIndex>
				<X>20.9999981</X>
				<Y>16.9999981</Y>
				<Z>0</Z>
				<Pitch>90.0000153</Pitch>
				<Roll>-163.999985</Roll>
				<Yaw>3.57627869e-06</Yaw>
			</Attachment>
		</Attachment>
		<Attachment>
			<ModelHash>0x92ecf5ed</ModelHash>
			<Type>3</Type>
			<Dynamic>false</Dynamic>
			<FrozenPos>true</FrozenPos>
			<HashName>prop_ng_sculpt_fix</HashName>
			<InitialHandle>82690</InitialHandle>
			<ObjectProperties>
				<TextureVariation>0</TextureVariation>
			</ObjectProperties>
			<OpacityLevel>255</OpacityLevel>
			<LodDistance>16960</LodDistance>
			<IsVisible>true</IsVisible>
			<MaxHealth>1000</MaxHealth>
			<Health>1000</Health>
			<HasGravity>true</HasGravity>
			<IsOnFire>false</IsOnFire>
			<IsInvincible>true</IsInvincible>
			<IsBulletProof>false</IsBulletProof>
			<IsCollisionProof>false</IsCollisionProof>
			<IsExplosionProof>true</IsExplosionProof>
			<IsFireProof>false</IsFireProof>
			<IsMeleeProof>true</IsMeleeProof>
			<IsOnlyDamagedByPlayer>false</IsOnlyDamagedByPlayer>
			<PositionRotation>
				<X>-1354.19946</X>
				<Y>-3017.17944</Y>
				<Z>16.162981</Z>
				<Pitch>-89.7244644</Pitch>
				<Roll>-29.5449753</Roll>
				<Yaw>-98.02211</Yaw>
			</PositionRotation>
			<Attachment isAttached="true">
				<AttachedTo>81666</AttachedTo>
				<BoneIndex>0</BoneIndex>
				<X>-25.9999981</X>
				<Y>18.9999962</Y>
				<Z>1.1920929e-07</Z>
				<Pitch>-89.9999771</Pitch>
				<Roll>29</Roll>
				<Yaw>1.66893005e-06</Yaw>
			</Attachment>
		</Attachment>
		<Attachment>
			<ModelHash>0x92ecf5ed</ModelHash>
			<Type>3</Type>
			<Dynamic>false</Dynamic>
			<FrozenPos>true</FrozenPos>
			<HashName>prop_ng_sculpt_fix</HashName>
			<InitialHandle>82946</InitialHandle>
			<ObjectProperties>
				<TextureVariation>0</TextureVariation>
			</ObjectProperties>
			<OpacityLevel>255</OpacityLevel>
			<LodDistance>16960</LodDistance>
			<IsVisible>true</IsVisible>
			<MaxHealth>1000</MaxHealth>
			<Health>1000</Health>
			<HasGravity>true</HasGravity>
			<IsOnFire>false</IsOnFire>
			<IsInvincible>true</IsInvincible>
			<IsBulletProof>false</IsBulletProof>
			<IsCollisionProof>false</IsCollisionProof>
			<IsExplosionProof>true</IsExplosionProof>
			<IsFireProof>false</IsFireProof>
			<IsMeleeProof>true</IsMeleeProof>
			<IsOnlyDamagedByPlayer>false</IsOnlyDamagedByPlayer>
			<PositionRotation>
				<X>-1368.4585</X>
				<Y>-3031.3457</Y>
				<Z>16.1044044</Z>
				<Pitch>-89.7244644</Pitch>
				<Roll>-60.5451927</Roll>
				<Yaw>-98.0223236</Yaw>
			</PositionRotation>
			<Attachment isAttached="true">
				<AttachedTo>81666</AttachedTo>
				<BoneIndex>0</BoneIndex>
				<X>-27.9999981</X>
				<Y>-1.00000334</Y>
				<Z>1.1920929e-07</Z>
				<Pitch>-89.9999771</Pitch>
				<Roll>-1.99999952</Roll>
				<Yaw>1.66893005e-06</Yaw>
			</Attachment>
		</Attachment>
		<Attachment>
			<ModelHash>0x92ecf5ed</ModelHash>
			<Type>3</Type>
			<Dynamic>false</Dynamic>
			<FrozenPos>true</FrozenPos>
			<HashName>prop_ng_sculpt_fix</HashName>
			<InitialHandle>83202</InitialHandle>
			<ObjectProperties>
				<TextureVariation>0</TextureVariation>
			</ObjectProperties>
			<OpacityLevel>255</OpacityLevel>
			<LodDistance>16960</LodDistance>
			<IsVisible>true</IsVisible>
			<MaxHealth>1000</MaxHealth>
			<Health>1000</Health>
			<HasGravity>true</HasGravity>
			<IsOnFire>false</IsOnFire>
			<IsInvincible>true</IsInvincible>
			<IsBulletProof>false</IsBulletProof>
			<IsCollisionProof>false</IsCollisionProof>
			<IsExplosionProof>true</IsExplosionProof>
			<IsFireProof>false</IsFireProof>
			<IsMeleeProof>true</IsMeleeProof>
			<IsOnlyDamagedByPlayer>false</IsOnlyDamagedByPlayer>
			<PositionRotation>
				<X>-1326.77759</X>
				<Y>-3065.677</Y>
				<Z>16.3266621</Z>
				<Pitch>89.725174</Pitch>
				<Roll>62.5463409</Roll>
				<Yaw>81.9765167</Yaw>
			</PositionRotation>
			<Attachment isAttached="true">
				<AttachedTo>81666</AttachedTo>
				<BoneIndex>0</BoneIndex>
				<X>26</X>
				<Y>-1.00000346</Y>
				<Z>1.1920929e-07</Z>
				<Pitch>90.0000153</Pitch>
				<Roll>-176</Roll>
				<Yaw>1.66893005e-06</Yaw>
			</Attachment>
		</Attachment>
		<Attachment>
			<ModelHash>0x92ecf5ed</ModelHash>
			<Type>3</Type>
			<Dynamic>false</Dynamic>
			<FrozenPos>true</FrozenPos>
			<HashName>prop_ng_sculpt_fix</HashName>
			<InitialHandle>83458</InitialHandle>
			<ObjectProperties>
				<TextureVariation>0</TextureVariation>
			</ObjectProperties>
			<OpacityLevel>255</OpacityLevel>
			<LodDistance>16960</LodDistance>
			<IsVisible>true</IsVisible>
			<MaxHealth>1000</MaxHealth>
			<Health>1000</Health>
			<HasGravity>true</HasGravity>
			<IsOnFire>false</IsOnFire>
			<IsInvincible>true</IsInvincible>
			<IsBulletProof>false</IsBulletProof>
			<IsCollisionProof>false</IsCollisionProof>
			<IsExplosionProof>true</IsExplosionProof>
			<IsFireProof>false</IsFireProof>
			<IsMeleeProof>true</IsMeleeProof>
			<IsOnlyDamagedByPlayer>false</IsOnlyDamagedByPlayer>
			<PositionRotation>
				<X>-1335.17871</X>
				<Y>-3074.30396</Y>
				<Z>16.2923393</Z>
				<Pitch>-89.7244644</Pitch>
				<Roll>137.454132</Roll>
				<Yaw>-98.0229874</Yaw>
			</PositionRotation>
			<Attachment isAttached="true">
				<AttachedTo>81666</AttachedTo>
				<BoneIndex>0</BoneIndex>
				<X>25</X>
				<Y>-13.0000019</Y>
				<Z>1.1920929e-07</Z>
				<Pitch>-89.9999771</Pitch>
				<Roll>-164</Roll>
				<Yaw>1.66893005e-06</Yaw>
			</Attachment>
		</Attachment>
		<Attachment>
			<ModelHash>0x92ecf5ed</ModelHash>
			<Type>3</Type>
			<Dynamic>false</Dynamic>
			<FrozenPos>true</FrozenPos>
			<HashName>prop_ng_sculpt_fix</HashName>
			<InitialHandle>83714</InitialHandle>
			<ObjectProperties>
				<TextureVariation>0</TextureVariation>
			</ObjectProperties>
			<OpacityLevel>255</OpacityLevel>
			<LodDistance>16960</LodDistance>
			<IsVisible>true</IsVisible>
			<MaxHealth>1000</MaxHealth>
			<Health>1000</Health>
			<HasGravity>true</HasGravity>
			<IsOnFire>false</IsOnFire>
			<IsInvincible>true</IsInvincible>
			<IsBulletProof>false</IsBulletProof>
			<IsCollisionProof>false</IsCollisionProof>
			<IsExplosionProof>true</IsExplosionProof>
			<IsFireProof>false</IsFireProof>
			<IsMeleeProof>true</IsMeleeProof>
			<IsOnlyDamagedByPlayer>false</IsOnlyDamagedByPlayer>
			<PositionRotation>
				<X>-1373.9082</X>
				<Y>-3041.10791</Y>
				<Z>16.0849457</Z>
				<Pitch>89.7244644</Pitch>
				<Roll>-100.453873</Roll>
				<Yaw>81.976738</Yaw>
			</PositionRotation>
			<Attachment isAttached="true">
				<AttachedTo>81666</AttachedTo>
				<BoneIndex>0</BoneIndex>
				<X>-25.9999981</X>
				<Y>-12.0000029</Y>
				<Z>1.1920929e-07</Z>
				<Pitch>90.0000305</Pitch>
				<Roll>20.9999981</Roll>
				<Yaw>1.66893005e-06</Yaw>
			</Attachment>
		</Attachment>
		<Attachment>
			<ModelHash>0x92ecf5ed</ModelHash>
			<Type>3</Type>
			<Dynamic>false</Dynamic>
			<FrozenPos>true</FrozenPos>
			<HashName>prop_ng_sculpt_fix</HashName>
			<InitialHandle>83970</InitialHandle>
			<ObjectProperties>
				<TextureVariation>0</TextureVariation>
			</ObjectProperties>
			<OpacityLevel>255</OpacityLevel>
			<LodDistance>16960</LodDistance>
			<IsVisible>true</IsVisible>
			<MaxHealth>1000</MaxHealth>
			<Health>1000</Health>
			<HasGravity>true</HasGravity>
			<IsOnFire>false</IsOnFire>
			<IsInvincible>true</IsInvincible>
			<IsBulletProof>false</IsBulletProof>
			<IsCollisionProof>false</IsCollisionProof>
			<IsExplosionProof>true</IsExplosionProof>
			<IsFireProof>false</IsFireProof>
			<IsMeleeProof>true</IsMeleeProof>
			<IsOnlyDamagedByPlayer>false</IsOnlyDamagedByPlayer>
			<PositionRotation>
				<X>-1376.99756</X>
				<Y>-3060.5874</Y>
				<Z>16.0833111</Z>
				<Pitch>89.725174</Pitch>
				<Roll>-69.453804</Roll>
				<Yaw>81.9766693</Yaw>
			</PositionRotation>
			<Attachment isAttached="true">
				<AttachedTo>81666</AttachedTo>
				<BoneIndex>0</BoneIndex>
				<X>-15.9999981</X>
				<Y>-29.0000019</Y>
				<Z>1.1920929e-07</Z>
				<Pitch>90.0000305</Pitch>
				<Roll>51.9999962</Roll>
				<Yaw>1.66893005e-06</Yaw>
			</Attachment>
		</Attachment>
		<Attachment>
			<ModelHash>0x92ecf5ed</ModelHash>
			<Type>3</Type>
			<Dynamic>false</Dynamic>
			<FrozenPos>true</FrozenPos>
			<HashName>prop_ng_sculpt_fix</HashName>
			<InitialHandle>84226</InitialHandle>
			<ObjectProperties>
				<TextureVariation>0</TextureVariation>
			</ObjectProperties>
			<OpacityLevel>255</OpacityLevel>
			<LodDistance>16960</LodDistance>
			<IsVisible>true</IsVisible>
			<MaxHealth>1000</MaxHealth>
			<Health>1000</Health>
			<HasGravity>true</HasGravity>
			<IsOnFire>false</IsOnFire>
			<IsInvincible>true</IsInvincible>
			<IsBulletProof>false</IsBulletProof>
			<IsCollisionProof>false</IsCollisionProof>
			<IsExplosionProof>true</IsExplosionProof>
			<IsFireProof>false</IsFireProof>
			<IsMeleeProof>true</IsMeleeProof>
			<IsOnlyDamagedByPlayer>false</IsOnlyDamagedByPlayer>
			<PositionRotation>
				<X>-1353.70532</X>
				<Y>-3081.06812</Y>
				<Z>16.2083855</Z>
				<Pitch>-89.7244644</Pitch>
				<Roll>177.454407</Roll>
				<Yaw>-98.022728</Yaw>
			</PositionRotation>
			<Attachment isAttached="true">
				<AttachedTo>81666</AttachedTo>
				<BoneIndex>0</BoneIndex>
				<X>15</X>
				<Y>-30.0000019</Y>
				<Z>1.1920929e-07</Z>
				<Pitch>-89.9999771</Pitch>
				<Roll>-124</Roll>
				<Yaw>1.66893005e-06</Yaw>
			</Attachment>
		</Attachment>
		<Attachment>
			<ModelHash>0xd9a03059</ModelHash>
			<Type>3</Type>
			<Dynamic>false</Dynamic>
			<FrozenPos>true</FrozenPos>
			<HashName>imp_prop_ie_carelev01</HashName>
			<InitialHandle>84482</InitialHandle>
			<TaskSequence>
				<Task>
					<Type>39</Type>
					<Duration>1000</Duration>
					<KeepTaskRunningAfterTime>-2</KeepTaskRunningAfterTime>
					<IsLoopedTask>true</IsLoopedTask>
					<Delay>500</Delay>
					<AssetName>scr_reconstructionaccident</AssetName>
					<EffectName>scr_reconstruct_pipefall_debris</EffectName>
					<Scale>0.800000012</Scale>
					<Colour R="255" G="255" B="255" A="255" />
					<RelativePosition X="0" Y="0" Z="0" />
					<RelativeRotation X="0" Y="0" Z="0" />
				</Task>
			</TaskSequence>
			<ObjectProperties>
				<TextureVariation>0</TextureVariation>
			</ObjectProperties>
			<OpacityLevel>255</OpacityLevel>
			<LodDistance>16960</LodDistance>
			<IsVisible>true</IsVisible>
			<MaxHealth>1000</MaxHealth>
			<Health>0</Health>
			<HasGravity>true</HasGravity>
			<IsOnFire>false</IsOnFire>
			<IsInvincible>true</IsInvincible>
			<IsBulletProof>false</IsBulletProof>
			<IsCollisionProof>false</IsCollisionProof>
			<IsExplosionProof>true</IsExplosionProof>
			<IsFireProof>false</IsFireProof>
			<IsMeleeProof>true</IsMeleeProof>
			<IsOnlyDamagedByPlayer>false</IsOnlyDamagedByPlayer>
			<PositionRotation>
				<X>-1346.21045</X>
				<Y>-3048.37524</Y>
				<Z>16.2221661</Z>
				<Pitch>0.144230306</Pitch>
				<Roll>-0.235825479</Roll>
				<Yaw>-39.476841</Yaw>
			</PositionRotation>
			<Attachment isAttached="true">
				<AttachedTo>81666</AttachedTo>
				<BoneIndex>0</BoneIndex>
				<X>0</X>
				<Y>0</Y>
				<Z>0</Z>
				<Pitch>0</Pitch>
				<Roll>0</Roll>
				<Yaw>0</Yaw>
			</Attachment>
		</Attachment>
		<Attachment>
			<ModelHash>0xde6c3ffe</ModelHash>
			<Type>3</Type>
			<Dynamic>false</Dynamic>
			<FrozenPos>true</FrozenPos>
			<HashName>prop_bowling_ball</HashName>
			<InitialHandle>84738</InitialHandle>
			<TaskSequence>
				<Task>
					<Type>39</Type>
					<Duration>1000</Duration>
					<KeepTaskRunningAfterTime>-2</KeepTaskRunningAfterTime>
					<IsLoopedTask>true</IsLoopedTask>
					<Delay>500</Delay>
					<AssetName>scr_rcbarry1</AssetName>
					<EffectName>scr_alien_teleport</EffectName>
					<Scale>2.99999809</Scale>
					<Colour R="255" G="255" B="255" A="255" />
					<RelativePosition X="0" Y="0" Z="0" />
					<RelativeRotation X="0" Y="0" Z="0" />
				</Task>
			</TaskSequence>
			<ObjectProperties>
				<TextureVariation>0</TextureVariation>
			</ObjectProperties>
			<OpacityLevel>255</OpacityLevel>
			<LodDistance>16960</LodDistance>
			<IsVisible>false</IsVisible>
			<MaxHealth>1000</MaxHealth>
			<Health>818</Health>
			<HasGravity>true</HasGravity>
			<IsOnFire>false</IsOnFire>
			<IsInvincible>false</IsInvincible>
			<IsBulletProof>false</IsBulletProof>
			<IsCollisionProof>false</IsCollisionProof>
			<IsExplosionProof>false</IsExplosionProof>
			<IsFireProof>false</IsFireProof>
			<IsMeleeProof>false</IsMeleeProof>
			<IsOnlyDamagedByPlayer>false</IsOnlyDamagedByPlayer>
			<PositionRotation>
				<X>-1346.18652</X>
				<Y>-3048.37866</Y>
				<Z>11.2222252</Z>
				<Pitch>0.144230306</Pitch>
				<Roll>-0.235825479</Roll>
				<Yaw>-39.476841</Yaw>
			</PositionRotation>
			<Attachment isAttached="true">
				<AttachedTo>81666</AttachedTo>
				<BoneIndex>0</BoneIndex>
				<X>0</X>
				<Y>0</Y>
				<Z>-4.99999905</Z>
				<Pitch>0</Pitch>
				<Roll>0</Roll>
				<Yaw>0</Yaw>
			</Attachment>
		</Attachment>
		<Attachment>
			<ModelHash>0xde6c3ffe</ModelHash>
			<Type>3</Type>
			<Dynamic>false</Dynamic>
			<FrozenPos>true</FrozenPos>
			<HashName>prop_bowling_ball</HashName>
			<InitialHandle>84994</InitialHandle>
			<TaskSequence>
				<Task>
					<Type>39</Type>
					<Duration>1000</Duration>
					<KeepTaskRunningAfterTime>-2</KeepTaskRunningAfterTime>
					<IsLoopedTask>true</IsLoopedTask>
					<Delay>500</Delay>
					<AssetName>scr_rcbarry1</AssetName>
					<EffectName>scr_alien_teleport</EffectName>
					<Scale>2.99999809</Scale>
					<Colour R="255" G="255" B="255" A="255" />
					<RelativePosition X="0" Y="0" Z="0" />
					<RelativeRotation X="0" Y="0" Z="0" />
				</Task>
			</TaskSequence>
			<ObjectProperties>
				<TextureVariation>0</TextureVariation>
			</ObjectProperties>
			<OpacityLevel>255</OpacityLevel>
			<LodDistance>16960</LodDistance>
			<IsVisible>false</IsVisible>
			<MaxHealth>1000</MaxHealth>
			<Health>818</Health>
			<HasGravity>true</HasGravity>
			<IsOnFire>false</IsOnFire>
			<IsInvincible>false</IsInvincible>
			<IsBulletProof>false</IsBulletProof>
			<IsCollisionProof>false</IsCollisionProof>
			<IsExplosionProof>false</IsExplosionProof>
			<IsFireProof>false</IsFireProof>
			<IsMeleeProof>false</IsMeleeProof>
			<IsOnlyDamagedByPlayer>false</IsOnlyDamagedByPlayer>
			<PositionRotation>
				<X>-1346.16272</X>
				<Y>-3048.38208</Y>
				<Z>6.22228241</Z>
				<Pitch>0.144230306</Pitch>
				<Roll>-0.235825479</Roll>
				<Yaw>-39.476841</Yaw>
			</PositionRotation>
			<Attachment isAttached="true">
				<AttachedTo>81666</AttachedTo>
				<BoneIndex>0</BoneIndex>
				<X>0</X>
				<Y>0</Y>
				<Z>-9.99999905</Z>
				<Pitch>0</Pitch>
				<Roll>0</Roll>
				<Yaw>0</Yaw>
			</Attachment>
		</Attachment>
		<Attachment>
			<ModelHash>0xde6c3ffe</ModelHash>
			<Type>3</Type>
			<Dynamic>false</Dynamic>
			<FrozenPos>true</FrozenPos>
			<HashName>prop_bowling_ball</HashName>
			<InitialHandle>85250</InitialHandle>
			<TaskSequence>
				<Task>
					<Type>39</Type>
					<Duration>1000</Duration>
					<KeepTaskRunningAfterTime>-2</KeepTaskRunningAfterTime>
					<IsLoopedTask>true</IsLoopedTask>
					<Delay>500</Delay>
					<AssetName>scr_rcbarry1</AssetName>
					<EffectName>scr_alien_teleport</EffectName>
					<Scale>2.99999809</Scale>
					<Colour R="255" G="255" B="255" A="255" />
					<RelativePosition X="0" Y="0" Z="0" />
					<RelativeRotation X="0" Y="0" Z="0" />
				</Task>
			</TaskSequence>
			<ObjectProperties>
				<TextureVariation>0</TextureVariation>
			</ObjectProperties>
			<OpacityLevel>255</OpacityLevel>
			<LodDistance>16960</LodDistance>
			<IsVisible>false</IsVisible>
			<MaxHealth>1000</MaxHealth>
			<Health>818</Health>
			<HasGravity>true</HasGravity>
			<IsOnFire>false</IsOnFire>
			<IsInvincible>false</IsInvincible>
			<IsBulletProof>false</IsBulletProof>
			<IsCollisionProof>false</IsCollisionProof>
			<IsExplosionProof>false</IsExplosionProof>
			<IsFireProof>false</IsFireProof>
			<IsMeleeProof>false</IsMeleeProof>
			<IsOnlyDamagedByPlayer>false</IsOnlyDamagedByPlayer>
			<PositionRotation>
				<X>-1346.13403</X>
				<Y>-3048.38599</Y>
				<Z>0.222352982</Z>
				<Pitch>0.144230306</Pitch>
				<Roll>-0.235825479</Roll>
				<Yaw>-39.476841</Yaw>
			</PositionRotation>
			<Attachment isAttached="true">
				<AttachedTo>81666</AttachedTo>
				<BoneIndex>0</BoneIndex>
				<X>0</X>
				<Y>0</Y>
				<Z>-15.9999981</Z>
				<Pitch>0</Pitch>
				<Roll>0</Roll>
				<Yaw>0</Yaw>
			</Attachment>
		</Attachment>
		<Attachment>
			<ModelHash>0xde6c3ffe</ModelHash>
			<Type>3</Type>
			<Dynamic>false</Dynamic>
			<FrozenPos>true</FrozenPos>
			<HashName>prop_bowling_ball</HashName>
			<InitialHandle>85506</InitialHandle>
			<TaskSequence>
				<Task>
					<Type>39</Type>
					<Duration>1000</Duration>
					<KeepTaskRunningAfterTime>-2</KeepTaskRunningAfterTime>
					<IsLoopedTask>true</IsLoopedTask>
					<Delay>500</Delay>
					<AssetName>scr_rcbarry1</AssetName>
					<EffectName>scr_alien_teleport</EffectName>
					<Scale>2.99999809</Scale>
					<Colour R="255" G="255" B="255" A="255" />
					<RelativePosition X="0" Y="0" Z="0" />
					<RelativeRotation X="0" Y="0" Z="0" />
				</Task>
			</TaskSequence>
			<ObjectProperties>
				<TextureVariation>0</TextureVariation>
			</ObjectProperties>
			<OpacityLevel>255</OpacityLevel>
			<LodDistance>16960</LodDistance>
			<IsVisible>false</IsVisible>
			<MaxHealth>1000</MaxHealth>
			<Health>818</Health>
			<HasGravity>true</HasGravity>
			<IsOnFire>false</IsOnFire>
			<IsInvincible>false</IsInvincible>
			<IsBulletProof>false</IsBulletProof>
			<IsCollisionProof>false</IsCollisionProof>
			<IsExplosionProof>false</IsExplosionProof>
			<IsFireProof>false</IsFireProof>
			<IsMeleeProof>false</IsMeleeProof>
			<IsOnlyDamagedByPlayer>false</IsOnlyDamagedByPlayer>
			<PositionRotation>
				<X>-1346.11011</X>
				<Y>-3048.3894</Y>
				<Z>-4.7775898</Z>
				<Pitch>0.144230306</Pitch>
				<Roll>-0.235825479</Roll>
				<Yaw>-39.476841</Yaw>
			</PositionRotation>
			<Attachment isAttached="true">
				<AttachedTo>81666</AttachedTo>
				<BoneIndex>0</BoneIndex>
				<X>0</X>
				<Y>0</Y>
				<Z>-20.9999981</Z>
				<Pitch>0</Pitch>
				<Roll>0</Roll>
				<Yaw>0</Yaw>
			</Attachment>
		</Attachment>
		<Attachment>
			<ModelHash>0xde6c3ffe</ModelHash>
			<Type>3</Type>
			<Dynamic>false</Dynamic>
			<FrozenPos>true</FrozenPos>
			<HashName>prop_bowling_ball</HashName>
			<InitialHandle>85762</InitialHandle>
			<TaskSequence>
				<Task>
					<Type>39</Type>
					<Duration>1000</Duration>
					<KeepTaskRunningAfterTime>-2</KeepTaskRunningAfterTime>
					<IsLoopedTask>true</IsLoopedTask>
					<Delay>500</Delay>
					<AssetName>scr_rcbarry1</AssetName>
					<EffectName>scr_alien_teleport</EffectName>
					<Scale>2.99999809</Scale>
					<Colour R="255" G="255" B="255" A="255" />
					<RelativePosition X="0" Y="0" Z="0" />
					<RelativeRotation X="0" Y="0" Z="0" />
				</Task>
			</TaskSequence>
			<ObjectProperties>
				<TextureVariation>0</TextureVariation>
			</ObjectProperties>
			<OpacityLevel>255</OpacityLevel>
			<LodDistance>16960</LodDistance>
			<IsVisible>false</IsVisible>
			<MaxHealth>1000</MaxHealth>
			<Health>818</Health>
			<HasGravity>true</HasGravity>
			<IsOnFire>false</IsOnFire>
			<IsInvincible>false</IsInvincible>
			<IsBulletProof>false</IsBulletProof>
			<IsCollisionProof>false</IsCollisionProof>
			<IsExplosionProof>false</IsExplosionProof>
			<IsFireProof>false</IsFireProof>
			<IsMeleeProof>false</IsMeleeProof>
			<IsOnlyDamagedByPlayer>false</IsOnlyDamagedByPlayer>
			<PositionRotation>
				<X>-1346.08142</X>
				<Y>-3048.39355</Y>
				<Z>-10.7775192</Z>
				<Pitch>0.144230306</Pitch>
				<Roll>-0.235825479</Roll>
				<Yaw>-39.476841</Yaw>
			</PositionRotation>
			<Attachment isAttached="true">
				<AttachedTo>81666</AttachedTo>
				<BoneIndex>0</BoneIndex>
				<X>0</X>
				<Y>0</Y>
				<Z>-26.9999981</Z>
				<Pitch>0</Pitch>
				<Roll>0</Roll>
				<Yaw>0</Yaw>
			</Attachment>
		</Attachment>
		<Attachment>
			<ModelHash>0xde6c3ffe</ModelHash>
			<Type>3</Type>
			<Dynamic>false</Dynamic>
			<FrozenPos>true</FrozenPos>
			<HashName>prop_bowling_ball</HashName>
			<InitialHandle>86018</InitialHandle>
			<TaskSequence>
				<Task>
					<Type>39</Type>
					<Duration>1000</Duration>
					<KeepTaskRunningAfterTime>-2</KeepTaskRunningAfterTime>
					<IsLoopedTask>true</IsLoopedTask>
					<Delay>500</Delay>
					<AssetName>scr_rcbarry1</AssetName>
					<EffectName>scr_alien_teleport</EffectName>
					<Scale>2.99999809</Scale>
					<Colour R="255" G="255" B="255" A="255" />
					<RelativePosition X="0" Y="0" Z="0" />
					<RelativeRotation X="0" Y="0" Z="0" />
				</Task>
			</TaskSequence>
			<ObjectProperties>
				<TextureVariation>0</TextureVariation>
			</ObjectProperties>
			<OpacityLevel>255</OpacityLevel>
			<LodDistance>16960</LodDistance>
			<IsVisible>false</IsVisible>
			<MaxHealth>1000</MaxHealth>
			<Health>818</Health>
			<HasGravity>true</HasGravity>
			<IsOnFire>false</IsOnFire>
			<IsInvincible>false</IsInvincible>
			<IsBulletProof>false</IsBulletProof>
			<IsCollisionProof>false</IsCollisionProof>
			<IsExplosionProof>false</IsExplosionProof>
			<IsFireProof>false</IsFireProof>
			<IsMeleeProof>false</IsMeleeProof>
			<IsOnlyDamagedByPlayer>false</IsOnlyDamagedByPlayer>
			<PositionRotation>
				<X>-1346.05273</X>
				<Y>-3048.39746</Y>
				<Z>-16.7774487</Z>
				<Pitch>0.144230306</Pitch>
				<Roll>-0.235825479</Roll>
				<Yaw>-39.476841</Yaw>
			</PositionRotation>
			<Attachment isAttached="true">
				<AttachedTo>81666</AttachedTo>
				<BoneIndex>0</BoneIndex>
				<X>0</X>
				<Y>0</Y>
				<Z>-32.9999962</Z>
				<Pitch>0</Pitch>
				<Roll>0</Roll>
				<Yaw>0</Yaw>
			</Attachment>
		</Attachment>
		<Attachment>
			<ModelHash>0xde6c3ffe</ModelHash>
			<Type>3</Type>
			<Dynamic>false</Dynamic>
			<FrozenPos>true</FrozenPos>
			<HashName>prop_bowling_ball</HashName>
			<InitialHandle>86274</InitialHandle>
			<TaskSequence>
				<Task>
					<Type>39</Type>
					<Duration>1000</Duration>
					<KeepTaskRunningAfterTime>-2</KeepTaskRunningAfterTime>
					<IsLoopedTask>true</IsLoopedTask>
					<Delay>500</Delay>
					<AssetName>scr_rcbarry1</AssetName>
					<EffectName>scr_alien_teleport</EffectName>
					<Scale>2.99999809</Scale>
					<Colour R="255" G="255" B="255" A="255" />
					<RelativePosition X="0" Y="0" Z="0" />
					<RelativeRotation X="0" Y="0" Z="0" />
				</Task>
			</TaskSequence>
			<ObjectProperties>
				<TextureVariation>0</TextureVariation>
			</ObjectProperties>
			<OpacityLevel>255</OpacityLevel>
			<LodDistance>16960</LodDistance>
			<IsVisible>false</IsVisible>
			<MaxHealth>1000</MaxHealth>
			<Health>818</Health>
			<HasGravity>true</HasGravity>
			<IsOnFire>false</IsOnFire>
			<IsInvincible>false</IsInvincible>
			<IsBulletProof>false</IsBulletProof>
			<IsCollisionProof>false</IsCollisionProof>
			<IsExplosionProof>false</IsExplosionProof>
			<IsFireProof>false</IsFireProof>
			<IsMeleeProof>false</IsMeleeProof>
			<IsOnlyDamagedByPlayer>false</IsOnlyDamagedByPlayer>
			<PositionRotation>
				<X>-1346.01941</X>
				<Y>-3048.4021</Y>
				<Z>-23.7773685</Z>
				<Pitch>0.144230306</Pitch>
				<Roll>-0.235825479</Roll>
				<Yaw>-39.476841</Yaw>
			</PositionRotation>
			<Attachment isAttached="true">
				<AttachedTo>81666</AttachedTo>
				<BoneIndex>0</BoneIndex>
				<X>0</X>
				<Y>0</Y>
				<Z>-39.9999962</Z>
				<Pitch>0</Pitch>
				<Roll>0</Roll>
				<Yaw>0</Yaw>
			</Attachment>
		</Attachment>
		<Attachment>
			<ModelHash>0x2d17574b</ModelHash>
			<Type>3</Type>
			<Dynamic>false</Dynamic>
			<FrozenPos>true</FrozenPos>
			<HashName>prop_billboard_12</HashName>
			<InitialHandle>86530</InitialHandle>
			<ObjectProperties>
				<TextureVariation>0</TextureVariation>
			</ObjectProperties>
			<OpacityLevel>255</OpacityLevel>
			<LodDistance>16960</LodDistance>
			<IsVisible>true</IsVisible>
			<MaxHealth>1000</MaxHealth>
			<Health>1000</Health>
			<HasGravity>true</HasGravity>
			<IsOnFire>false</IsOnFire>
			<IsInvincible>false</IsInvincible>
			<IsBulletProof>false</IsBulletProof>
			<IsCollisionProof>false</IsCollisionProof>
			<IsExplosionProof>false</IsExplosionProof>
			<IsFireProof>false</IsFireProof>
			<IsMeleeProof>false</IsMeleeProof>
			<IsOnlyDamagedByPlayer>false</IsOnlyDamagedByPlayer>
			<PositionRotation>
				<X>-1346.21045</X>
				<Y>-3048.37524</Y>
				<Z>16.2221661</Z>
				<Pitch>-0.144252613</Pitch>
				<Roll>-179.76416</Roll>
				<Yaw>140.523148</Yaw>
			</PositionRotation>
			<Attachment isAttached="true">
				<AttachedTo>81666</AttachedTo>
				<BoneIndex>0</BoneIndex>
				<X>0</X>
				<Y>0</Y>
				<Z>0</Z>
				<Pitch>-179.999985</Pitch>
				<Roll>0</Roll>
				<Yaw>0</Yaw>
			</Attachment>
		</Attachment>
		<Attachment>
			<ModelHash>0xcb4f93b4</ModelHash>
			<Type>3</Type>
			<Dynamic>false</Dynamic>
			<FrozenPos>true</FrozenPos>
			<HashName>imp_prop_ie_carelev02</HashName>
			<InitialHandle>86786</InitialHandle>
			<ObjectProperties>
				<TextureVariation>0</TextureVariation>
			</ObjectProperties>
			<OpacityLevel>255</OpacityLevel>
			<LodDistance>16960</LodDistance>
			<IsVisible>true</IsVisible>
			<MaxHealth>1000</MaxHealth>
			<Health>1000</Health>
			<HasGravity>true</HasGravity>
			<IsOnFire>false</IsOnFire>
			<IsInvincible>false</IsInvincible>
			<IsBulletProof>false</IsBulletProof>
			<IsCollisionProof>false</IsCollisionProof>
			<IsExplosionProof>false</IsExplosionProof>
			<IsFireProof>false</IsFireProof>
			<IsMeleeProof>false</IsMeleeProof>
			<IsOnlyDamagedByPlayer>false</IsOnlyDamagedByPlayer>
			<PositionRotation>
				<X>-1346.21045</X>
				<Y>-3048.37524</Y>
				<Z>16.2221661</Z>
				<Pitch>0.144230306</Pitch>
				<Roll>-0.235825479</Roll>
				<Yaw>-39.476841</Yaw>
			</PositionRotation>
			<Attachment isAttached="true">
				<AttachedTo>81666</AttachedTo>
				<BoneIndex>0</BoneIndex>
				<X>0</X>
				<Y>0</Y>
				<Z>0</Z>
				<Pitch>0</Pitch>
				<Roll>0</Roll>
				<Yaw>0</Yaw>
			</Attachment>
		</Attachment>
		<Attachment>
			<ModelHash>0x118b6630</ModelHash>
			<Type>3</Type>
			<Dynamic>false</Dynamic>
			<FrozenPos>true</FrozenPos>
			<HashName>prop_pylon_03</HashName>
			<InitialHandle>87042</InitialHandle>
			<ObjectProperties>
				<TextureVariation>0</TextureVariation>
			</ObjectProperties>
			<OpacityLevel>255</OpacityLevel>
			<LodDistance>16960</LodDistance>
			<IsVisible>true</IsVisible>
			<MaxHealth>1000</MaxHealth>
			<Health>1000</Health>
			<HasGravity>true</HasGravity>
			<IsOnFire>false</IsOnFire>
			<IsInvincible>false</IsInvincible>
			<IsBulletProof>false</IsBulletProof>
			<IsCollisionProof>false</IsCollisionProof>
			<IsExplosionProof>false</IsExplosionProof>
			<IsFireProof>false</IsFireProof>
			<IsMeleeProof>false</IsMeleeProof>
			<IsOnlyDamagedByPlayer>false</IsOnlyDamagedByPlayer>
			<PositionRotation>
				<X>-1351.93237</X>
				<Y>-3055.32227</Y>
				<Z>16.1995106</Z>
				<Pitch>-89.7258835</Pitch>
				<Roll>-58.5476074</Roll>
				<Yaw>-98.0247421</Yaw>
			</PositionRotation>
			<Attachment isAttached="true">
				<AttachedTo>81666</AttachedTo>
				<BoneIndex>0</BoneIndex>
				<X>0</X>
				<Y>-8.99999905</Y>
				<Z>0</Z>
				<Pitch>-89.9999924</Pitch>
				<Roll>0</Roll>
				<Yaw>0</Yaw>
			</Attachment>
		</Attachment>
		<Attachment>
			<ModelHash>0x118b6630</ModelHash>
			<Type>3</Type>
			<Dynamic>false</Dynamic>
			<FrozenPos>true</FrozenPos>
			<HashName>prop_pylon_03</HashName>
			<InitialHandle>87298</InitialHandle>
			<ObjectProperties>
				<TextureVariation>0</TextureVariation>
			</ObjectProperties>
			<OpacityLevel>255</OpacityLevel>
			<LodDistance>16960</LodDistance>
			<IsVisible>true</IsVisible>
			<MaxHealth>1000</MaxHealth>
			<Health>1000</Health>
			<HasGravity>true</HasGravity>
			<IsOnFire>false</IsOnFire>
			<IsInvincible>false</IsInvincible>
			<IsBulletProof>false</IsBulletProof>
			<IsCollisionProof>false</IsCollisionProof>
			<IsExplosionProof>false</IsExplosionProof>
			<IsFireProof>false</IsFireProof>
			<IsMeleeProof>false</IsMeleeProof>
			<IsOnlyDamagedByPlayer>false</IsOnlyDamagedByPlayer>
			<PositionRotation>
				<X>-1333.49512</X>
				<Y>-3032.93774</Y>
				<Z>16.2725124</Z>
				<Pitch>89.7258835</Pitch>
				<Roll>-121.452385</Roll>
				<Yaw>81.9752502</Yaw>
			</PositionRotation>
			<Attachment isAttached="true">
				<AttachedTo>81666</AttachedTo>
				<BoneIndex>0</BoneIndex>
				<X>0</X>
				<Y>19.9999981</Y>
				<Z>0</Z>
				<Pitch>90.0000153</Pitch>
				<Roll>0</Roll>
				<Yaw>0</Yaw>
			</Attachment>
		</Attachment>
		<Attachment>
			<ModelHash>0xafa0536a</ModelHash>
			<Type>3</Type>
			<Dynamic>false</Dynamic>
			<FrozenPos>true</FrozenPos>
			<HashName>prop_conslift_rail2</HashName>
			<InitialHandle>88578</InitialHandle>
			<ObjectProperties>
				<TextureVariation>0</TextureVariation>
			</ObjectProperties>
			<OpacityLevel>255</OpacityLevel>
			<LodDistance>16960</LodDistance>
			<IsVisible>true</IsVisible>
			<MaxHealth>1000</MaxHealth>
			<Health>1000</Health>
			<HasGravity>true</HasGravity>
			<IsOnFire>false</IsOnFire>
			<IsInvincible>false</IsInvincible>
			<IsBulletProof>false</IsBulletProof>
			<IsCollisionProof>false</IsCollisionProof>
			<IsExplosionProof>false</IsExplosionProof>
			<IsFireProof>false</IsFireProof>
			<IsMeleeProof>false</IsMeleeProof>
			<IsOnlyDamagedByPlayer>false</IsOnlyDamagedByPlayer>
			<PositionRotation>
				<X>-1342.57861</X>
				<Y>-3056.54883</Y>
				<Z>16.2450237</Z>
				<Pitch>89.7244644</Pitch>
				<Roll>-101.446747</Roll>
				<Yaw>81.9696045</Yaw>
			</PositionRotation>
			<Attachment isAttached="true">
				<AttachedTo>81666</AttachedTo>
				<BoneIndex>0</BoneIndex>
				<X>7.99999905</X>
				<Y>-3.99999952</Y>
				<Z>0</Z>
				<Pitch>89.9999924</Pitch>
				<Roll>19.9999981</Roll>
				<Yaw>0</Yaw>
			</Attachment>
		</Attachment>
		<Attachment>
			<ModelHash>0xafa0536a</ModelHash>
			<Type>3</Type>
			<Dynamic>false</Dynamic>
			<FrozenPos>true</FrozenPos>
			<HashName>prop_conslift_rail2</HashName>
			<InitialHandle>88834</InitialHandle>
			<ObjectProperties>
				<TextureVariation>0</TextureVariation>
			</ObjectProperties>
			<OpacityLevel>255</OpacityLevel>
			<LodDistance>16960</LodDistance>
			<IsVisible>true</IsVisible>
			<MaxHealth>1000</MaxHealth>
			<Health>1000</Health>
			<HasGravity>true</HasGravity>
			<IsOnFire>false</IsOnFire>
			<IsInvincible>false</IsInvincible>
			<IsBulletProof>false</IsBulletProof>
			<IsCollisionProof>false</IsCollisionProof>
			<IsExplosionProof>false</IsExplosionProof>
			<IsFireProof>false</IsFireProof>
			<IsMeleeProof>false</IsMeleeProof>
			<IsOnlyDamagedByPlayer>false</IsOnlyDamagedByPlayer>
			<PositionRotation>
				<X>-1354.92847</X>
				<Y>-3046.37671</Y>
				<Z>16.1791687</Z>
				<Pitch>89.725174</Pitch>
				<Roll>-141.446823</Roll>
				<Yaw>81.9696808</Yaw>
			</PositionRotation>
			<Attachment isAttached="true">
				<AttachedTo>81666</AttachedTo>
				<BoneIndex>0</BoneIndex>
				<X>-8</X>
				<Y>-3.99999952</Y>
				<Z>0</Z>
				<Pitch>89.9999924</Pitch>
				<Roll>-20</Roll>
				<Yaw>0</Yaw>
			</Attachment>
		</Attachment>
		<Attachment>
			<ModelHash>0xafa0536a</ModelHash>
			<Type>3</Type>
			<Dynamic>false</Dynamic>
			<FrozenPos>true</FrozenPos>
			<HashName>prop_conslift_rail2</HashName>
			<InitialHandle>89090</InitialHandle>
			<ObjectProperties>
				<TextureVariation>0</TextureVariation>
			</ObjectProperties>
			<OpacityLevel>255</OpacityLevel>
			<LodDistance>16960</LodDistance>
			<IsVisible>true</IsVisible>
			<MaxHealth>1000</MaxHealth>
			<Health>1000</Health>
			<HasGravity>true</HasGravity>
			<IsOnFire>false</IsOnFire>
			<IsInvincible>false</IsInvincible>
			<IsBulletProof>false</IsBulletProof>
			<IsCollisionProof>false</IsCollisionProof>
			<IsExplosionProof>false</IsExplosionProof>
			<IsFireProof>false</IsFireProof>
			<IsMeleeProof>false</IsMeleeProof>
			<IsOnlyDamagedByPlayer>false</IsOnlyDamagedByPlayer>
			<PositionRotation>
				<X>-1372.10046</X>
				<Y>-3056.49805</Y>
				<Z>16.1039505</Z>
				<Pitch>89.725174</Pitch>
				<Roll>-141.446823</Roll>
				<Yaw>81.9696808</Yaw>
			</PositionRotation>
			<Attachment isAttached="true">
				<AttachedTo>81666</AttachedTo>
				<BoneIndex>0</BoneIndex>
				<X>-14.8199959</X>
				<Y>-22.7299919</Y>
				<Z>0</Z>
				<Pitch>89.9999924</Pitch>
				<Roll>-20</Roll>
				<Yaw>0</Yaw>
			</Attachment>
		</Attachment>
		<Attachment>
			<ModelHash>0xafa0536a</ModelHash>
			<Type>3</Type>
			<Dynamic>false</Dynamic>
			<FrozenPos>true</FrozenPos>
			<HashName>prop_conslift_rail2</HashName>
			<InitialHandle>89346</InitialHandle>
			<ObjectProperties>
				<TextureVariation>0</TextureVariation>
			</ObjectProperties>
			<OpacityLevel>255</OpacityLevel>
			<LodDistance>16960</LodDistance>
			<IsVisible>true</IsVisible>
			<MaxHealth>1000</MaxHealth>
			<Health>1000</Health>
			<HasGravity>true</HasGravity>
			<IsOnFire>false</IsOnFire>
			<IsInvincible>false</IsInvincible>
			<IsBulletProof>false</IsBulletProof>
			<IsCollisionProof>false</IsCollisionProof>
			<IsExplosionProof>false</IsExplosionProof>
			<IsFireProof>false</IsFireProof>
			<IsMeleeProof>false</IsMeleeProof>
			<IsOnlyDamagedByPlayer>false</IsOnlyDamagedByPlayer>
			<PositionRotation>
				<X>-1349.23364</X>
				<Y>-3075.37158</Y>
				<Z>16.2259121</Z>
				<Pitch>89.7244644</Pitch>
				<Roll>-101.446747</Roll>
				<Yaw>81.9696045</Yaw>
			</PositionRotation>
			<Attachment isAttached="true">
				<AttachedTo>81666</AttachedTo>
				<BoneIndex>0</BoneIndex>
				<X>14.8299952</X>
				<Y>-22.7599907</Y>
				<Z>0</Z>
				<Pitch>89.9999924</Pitch>
				<Roll>19.9999981</Roll>
				<Yaw>0</Yaw>
			</Attachment>
		</Attachment>
		<Attachment>
			<ModelHash>0x2d17574b</ModelHash>
			<Type>3</Type>
			<Dynamic>false</Dynamic>
			<FrozenPos>true</FrozenPos>
			<HashName>prop_billboard_12</HashName>
			<InitialHandle>89602</InitialHandle>
			<ObjectProperties>
				<TextureVariation>0</TextureVariation>
			</ObjectProperties>
			<OpacityLevel>255</OpacityLevel>
			<LodDistance>16960</LodDistance>
			<IsVisible>true</IsVisible>
			<MaxHealth>1000</MaxHealth>
			<Health>1000</Health>
			<HasGravity>true</HasGravity>
			<IsOnFire>false</IsOnFire>
			<IsInvincible>false</IsInvincible>
			<IsBulletProof>false</IsBulletProof>
			<IsCollisionProof>false</IsCollisionProof>
			<IsExplosionProof>false</IsExplosionProof>
			<IsFireProof>false</IsFireProof>
			<IsMeleeProof>false</IsMeleeProof>
			<IsOnlyDamagedByPlayer>false</IsOnlyDamagedByPlayer>
			<PositionRotation>
				<X>-1346.11487</X>
				<Y>-3048.38867</Y>
				<Z>-3.77759933</Z>
				<Pitch>0.144230321</Pitch>
				<Roll>179.764191</Roll>
				<Yaw>-39.476841</Yaw>
			</PositionRotation>
			<Attachment isAttached="true">
				<AttachedTo>81666</AttachedTo>
				<BoneIndex>0</BoneIndex>
				<X>0</X>
				<Y>0</Y>
				<Z>-19.9999962</Z>
				<Pitch>0</Pitch>
				<Roll>-179.999985</Roll>
				<Yaw>0</Yaw>
			</Attachment>
		</Attachment>
		<Attachment>
			<ModelHash>0xa8268e87</ModelHash>
			<Type>3</Type>
			<Dynamic>false</Dynamic>
			<FrozenPos>true</FrozenPos>
			<HashName>prop_dock_crane_04</HashName>
			<InitialHandle>89858</InitialHandle>
			<ObjectProperties>
				<TextureVariation>0</TextureVariation>
			</ObjectProperties>
			<OpacityLevel>255</OpacityLevel>
			<LodDistance>16960</LodDistance>
			<IsVisible>true</IsVisible>
			<MaxHealth>1000</MaxHealth>
			<Health>1000</Health>
			<HasGravity>true</HasGravity>
			<IsOnFire>false</IsOnFire>
			<IsInvincible>false</IsInvincible>
			<IsBulletProof>false</IsBulletProof>
			<IsCollisionProof>false</IsCollisionProof>
			<IsExplosionProof>false</IsExplosionProof>
			<IsFireProof>false</IsFireProof>
			<IsMeleeProof>false</IsMeleeProof>
			<IsOnlyDamagedByPlayer>false</IsOnlyDamagedByPlayer>
			<PositionRotation>
				<X>-1313.78174</X>
				<Y>-3009.01001</Y>
				<Z>15.3505592</Z>
				<Pitch>0.144207895</Pitch>
				<Roll>179.764175</Roll>
				<Yaw>-39.4768219</Yaw>
			</PositionRotation>
			<Attachment isAttached="true">
				<AttachedTo>81666</AttachedTo>
				<BoneIndex>0</BoneIndex>
				<X>0</X>
				<Y>50.9999962</Y>
				<Z>-0.999999762</Z>
				<Pitch>-179.999985</Pitch>
				<Roll>7.27176666e-06</Roll>
				<Yaw>-179.999985</Yaw>
			</Attachment>
		</Attachment>
		<Attachment>
			<ModelHash>0xa8268e87</ModelHash>
			<Type>3</Type>
			<Dynamic>false</Dynamic>
			<FrozenPos>true</FrozenPos>
			<HashName>prop_dock_crane_04</HashName>
			<InitialHandle>90114</InitialHandle>
			<ObjectProperties>
				<TextureVariation>0</TextureVariation>
			</ObjectProperties>
			<OpacityLevel>255</OpacityLevel>
			<LodDistance>16960</LodDistance>
			<IsVisible>true</IsVisible>
			<MaxHealth>1000</MaxHealth>
			<Health>1000</Health>
			<HasGravity>true</HasGravity>
			<IsOnFire>false</IsOnFire>
			<IsInvincible>false</IsInvincible>
			<IsBulletProof>false</IsBulletProof>
			<IsCollisionProof>false</IsCollisionProof>
			<IsExplosionProof>false</IsExplosionProof>
			<IsFireProof>false</IsFireProof>
			<IsMeleeProof>false</IsMeleeProof>
			<IsOnlyDamagedByPlayer>false</IsOnlyDamagedByPlayer>
			<PositionRotation>
				<X>-1373.54358</X>
				<Y>-3081.56665</Y>
				<Z>15.1139345</Z>
				<Pitch>-0.144252554</Pitch>
				<Roll>-179.76416</Roll>
				<Yaw>140.523163</Yaw>
			</PositionRotation>
			<Attachment isAttached="true">
				<AttachedTo>81666</AttachedTo>
				<BoneIndex>0</BoneIndex>
				<X>0</X>
				<Y>-43</Y>
				<Z>-0.999999762</Z>
				<Pitch>-179.999985</Pitch>
				<Roll>7.27176666e-06</Roll>
				<Yaw>1.50203705e-05</Yaw>
			</Attachment>
		</Attachment>
		<Attachment>
			<ModelHash>0xa8268e87</ModelHash>
			<Type>3</Type>
			<Dynamic>false</Dynamic>
			<FrozenPos>true</FrozenPos>
			<HashName>prop_dock_crane_04</HashName>
			<InitialHandle>90370</InitialHandle>
			<ObjectProperties>
				<TextureVariation>0</TextureVariation>
			</ObjectProperties>
			<OpacityLevel>255</OpacityLevel>
			<LodDistance>16960</LodDistance>
			<IsVisible>true</IsVisible>
			<MaxHealth>1000</MaxHealth>
			<Health>1000</Health>
			<HasGravity>true</HasGravity>
			<IsOnFire>false</IsOnFire>
			<IsInvincible>false</IsInvincible>
			<IsBulletProof>false</IsBulletProof>
			<IsCollisionProof>false</IsCollisionProof>
			<IsExplosionProof>false</IsExplosionProof>
			<IsFireProof>false</IsFireProof>
			<IsMeleeProof>false</IsMeleeProof>
			<IsOnlyDamagedByPlayer>false</IsOnlyDamagedByPlayer>
			<PositionRotation>
				<X>-1351.11279</X>
				<Y>-3085.7915</Y>
				<Z>15.2239428</Z>
				<Pitch>-0.0214703474</Pitch>
				<Roll>-179.72438</Roll>
				<Yaw>167.522919</Yaw>
			</PositionRotation>
			<Attachment isAttached="true">
				<AttachedTo>81666</AttachedTo>
				<BoneIndex>0</BoneIndex>
				<X>19.9999981</X>
				<Y>-32</Y>
				<Z>-0.999999762</Z>
				<Pitch>-179.999985</Pitch>
				<Roll>7.27176666e-06</Roll>
				<Yaw>27.0000076</Yaw>
			</Attachment>
		</Attachment>
		<Attachment>
			<ModelHash>0xa8268e87</ModelHash>
			<Type>3</Type>
			<Dynamic>false</Dynamic>
			<FrozenPos>true</FrozenPos>
			<HashName>prop_dock_crane_04</HashName>
			<InitialHandle>90626</InitialHandle>
			<ObjectProperties>
				<TextureVariation>0</TextureVariation>
			</ObjectProperties>
			<OpacityLevel>255</OpacityLevel>
			<LodDistance>16960</LodDistance>
			<IsVisible>true</IsVisible>
			<MaxHealth>1000</MaxHealth>
			<Health>1000</Health>
			<HasGravity>true</HasGravity>
			<IsOnFire>false</IsOnFire>
			<IsInvincible>false</IsInvincible>
			<IsBulletProof>false</IsBulletProof>
			<IsCollisionProof>false</IsCollisionProof>
			<IsExplosionProof>false</IsExplosionProof>
			<IsFireProof>false</IsFireProof>
			<IsMeleeProof>false</IsMeleeProof>
			<IsOnlyDamagedByPlayer>false</IsOnlyDamagedByPlayer>
			<PositionRotation>
				<X>-1381.98755</X>
				<Y>-3060.3606</Y>
				<Z>15.0593061</Z>
				<Pitch>-0.235594898</Pitch>
				<Roll>-179.855347</Roll>
				<Yaw>113.523163</Yaw>
			</PositionRotation>
			<Attachment isAttached="true">
				<AttachedTo>81666</AttachedTo>
				<BoneIndex>0</BoneIndex>
				<X>-20</X>
				<Y>-32</Y>
				<Z>-0.999999762</Z>
				<Pitch>-179.999985</Pitch>
				<Roll>7.27176666e-06</Roll>
				<Yaw>-26.9999905</Yaw>
			</Attachment>
		</Attachment>
		<Attachment>
			<ModelHash>0xa8268e87</ModelHash>
			<Type>3</Type>
			<Dynamic>false</Dynamic>
			<FrozenPos>true</FrozenPos>
			<HashName>prop_dock_crane_04</HashName>
			<InitialHandle>90882</InitialHandle>
			<ObjectProperties>
				<TextureVariation>0</TextureVariation>
			</ObjectProperties>
			<OpacityLevel>255</OpacityLevel>
			<LodDistance>16960</LodDistance>
			<IsVisible>true</IsVisible>
			<MaxHealth>1000</MaxHealth>
			<Health>1000</Health>
			<HasGravity>true</HasGravity>
			<IsOnFire>false</IsOnFire>
			<IsInvincible>false</IsInvincible>
			<IsBulletProof>false</IsBulletProof>
			<IsCollisionProof>false</IsCollisionProof>
			<IsExplosionProof>false</IsExplosionProof>
			<IsFireProof>false</IsFireProof>
			<IsMeleeProof>false</IsMeleeProof>
			<IsOnlyDamagedByPlayer>false</IsOnlyDamagedByPlayer>
			<PositionRotation>
				<X>-1333.125</X>
				<Y>-3007.32837</Y>
				<Z>15.2570152</Z>
				<Pitch>0.0548530109</Pitch>
				<Roll>179.729065</Roll>
				<Yaw>-19.4769859</Yaw>
			</PositionRotation>
			<Attachment isAttached="true">
				<AttachedTo>81666</AttachedTo>
				<BoneIndex>0</BoneIndex>
				<X>-15.9999981</X>
				<Y>39.9999962</Y>
				<Z>-0.999999762</Z>
				<Pitch>-179.999985</Pitch>
				<Roll>7.27176666e-06</Roll>
				<Yaw>-159.999985</Yaw>
			</Attachment>
		</Attachment>
		<Attachment>
			<ModelHash>0xa8268e87</ModelHash>
			<Type>3</Type>
			<Dynamic>false</Dynamic>
			<FrozenPos>true</FrozenPos>
			<HashName>prop_dock_crane_04</HashName>
			<InitialHandle>91138</InitialHandle>
			<ObjectProperties>
				<TextureVariation>0</TextureVariation>
			</ObjectProperties>
			<OpacityLevel>255</OpacityLevel>
			<LodDistance>16960</LodDistance>
			<IsVisible>true</IsVisible>
			<MaxHealth>1000</MaxHealth>
			<Health>1000</Health>
			<HasGravity>true</HasGravity>
			<IsOnFire>false</IsOnFire>
			<IsInvincible>false</IsInvincible>
			<IsBulletProof>false</IsBulletProof>
			<IsCollisionProof>false</IsCollisionProof>
			<IsExplosionProof>false</IsExplosionProof>
			<IsFireProof>false</IsFireProof>
			<IsMeleeProof>false</IsMeleeProof>
			<IsOnlyDamagedByPlayer>false</IsOnlyDamagedByPlayer>
			<PositionRotation>
				<X>-1308.42517</X>
				<Y>-3027.6731</Y>
				<Z>15.3887243</Z>
				<Pitch>0.216166764</Pitch>
				<Roll>179.827728</Roll>
				<Yaw>-59.4768066</Yaw>
			</PositionRotation>
			<Attachment isAttached="true">
				<AttachedTo>81666</AttachedTo>
				<BoneIndex>0</BoneIndex>
				<X>16</X>
				<Y>39.9999962</Y>
				<Z>-0.999999762</Z>
				<Pitch>-179.999985</Pitch>
				<Roll>7.27176666e-06</Roll>
				<Yaw>160.000015</Yaw>
			</Attachment>
		</Attachment>
		<Attachment>
			<ModelHash>0xa8268e87</ModelHash>
			<Type>3</Type>
			<Dynamic>false</Dynamic>
			<FrozenPos>true</FrozenPos>
			<HashName>prop_dock_crane_04</HashName>
			<InitialHandle>91394</InitialHandle>
			<ObjectProperties>
				<TextureVariation>0</TextureVariation>
			</ObjectProperties>
			<OpacityLevel>255</OpacityLevel>
			<LodDistance>16960</LodDistance>
			<IsVisible>true</IsVisible>
			<MaxHealth>1000</MaxHealth>
			<Health>1000</Health>
			<HasGravity>true</HasGravity>
			<IsOnFire>false</IsOnFire>
			<IsInvincible>false</IsInvincible>
			<IsBulletProof>false</IsBulletProof>
			<IsCollisionProof>false</IsCollisionProof>
			<IsExplosionProof>false</IsExplosionProof>
			<IsFireProof>false</IsFireProof>
			<IsMeleeProof>false</IsMeleeProof>
			<IsOnlyDamagedByPlayer>false</IsOnlyDamagedByPlayer>
			<PositionRotation>
				<X>-1323.18567</X>
				<Y>-3066.04126</Y>
				<Z>15.3440561</Z>
				<Pitch>0.235802501</Pitch>
				<Roll>-179.855759</Roll>
				<Yaw>-129.477417</Yaw>
			</PositionRotation>
			<Attachment isAttached="true">
				<AttachedTo>81666</AttachedTo>
				<BoneIndex>0</BoneIndex>
				<X>29</X>
				<Y>0.999996305</Y>
				<Z>-0.999999762</Z>
				<Pitch>-179.999985</Pitch>
				<Roll>7.27176666e-06</Roll>
				<Yaw>90.0000153</Yaw>
			</Attachment>
		</Attachment>
		<Attachment>
			<ModelHash>0xa8268e87</ModelHash>
			<Type>3</Type>
			<Dynamic>false</Dynamic>
			<FrozenPos>true</FrozenPos>
			<HashName>prop_dock_crane_04</HashName>
			<InitialHandle>91650</InitialHandle>
			<ObjectProperties>
				<TextureVariation>0</TextureVariation>
			</ObjectProperties>
			<OpacityLevel>255</OpacityLevel>
			<LodDistance>16960</LodDistance>
			<IsVisible>true</IsVisible>
			<MaxHealth>1000</MaxHealth>
			<Health>1000</Health>
			<HasGravity>true</HasGravity>
			<IsOnFire>false</IsOnFire>
			<IsInvincible>false</IsInvincible>
			<IsBulletProof>false</IsBulletProof>
			<IsCollisionProof>false</IsCollisionProof>
			<IsExplosionProof>false</IsExplosionProof>
			<IsFireProof>false</IsFireProof>
			<IsMeleeProof>false</IsMeleeProof>
			<IsOnlyDamagedByPlayer>false</IsOnlyDamagedByPlayer>
			<PositionRotation>
				<X>-1369.22559</X>
				<Y>-3030.71045</Y>
				<Z>15.1002989</Z>
				<Pitch>-0.235847145</Pitch>
				<Roll>179.855774</Roll>
				<Yaw>50.5225906</Yaw>
			</PositionRotation>
			<Attachment isAttached="true">
				<AttachedTo>81666</AttachedTo>
				<BoneIndex>0</BoneIndex>
				<X>-28.9999981</X>
				<Y>-1.00000358</Y>
				<Z>-0.999999762</Z>
				<Pitch>-179.999985</Pitch>
				<Roll>7.27176666e-06</Roll>
				<Yaw>-89.9999771</Yaw>
			</Attachment>
		</Attachment>
		<Attachment>
			<ModelHash>0xafa0536a</ModelHash>
			<Type>3</Type>
			<Dynamic>false</Dynamic>
			<FrozenPos>true</FrozenPos>
			<HashName>prop_conslift_rail2</HashName>
			<InitialHandle>91906</InitialHandle>
			<ObjectProperties>
				<TextureVariation>0</TextureVariation>
			</ObjectProperties>
			<OpacityLevel>255</OpacityLevel>
			<LodDistance>16960</LodDistance>
			<IsVisible>true</IsVisible>
			<MaxHealth>1000</MaxHealth>
			<Health>1000</Health>
			<HasGravity>true</HasGravity>
			<IsOnFire>false</IsOnFire>
			<IsInvincible>false</IsInvincible>
			<IsBulletProof>false</IsBulletProof>
			<IsCollisionProof>false</IsCollisionProof>
			<IsExplosionProof>false</IsExplosionProof>
			<IsFireProof>false</IsFireProof>
			<IsMeleeProof>false</IsMeleeProof>
			<IsOnlyDamagedByPlayer>false</IsOnlyDamagedByPlayer>
			<PositionRotation>
				<X>-1337.29968</X>
				<Y>-3025.91724</Y>
				<Z>16.2496052</Z>
				<Pitch>89.725174</Pitch>
				<Roll>-141.446823</Roll>
				<Yaw>81.9696808</Yaw>
			</PositionRotation>
			<Attachment isAttached="true">
				<AttachedTo>81666</AttachedTo>
				<BoneIndex>0</BoneIndex>
				<X>-7.40000057</X>
				<Y>23</Y>
				<Z>0</Z>
				<Pitch>89.9999924</Pitch>
				<Roll>-20</Roll>
				<Yaw>0</Yaw>
			</Attachment>
		</Attachment>
		<Attachment>
			<ModelHash>0xafa0536a</ModelHash>
			<Type>3</Type>
			<Dynamic>false</Dynamic>
			<FrozenPos>true</FrozenPos>
			<HashName>prop_conslift_rail2</HashName>
			<InitialHandle>92162</InitialHandle>
			<ObjectProperties>
				<TextureVariation>0</TextureVariation>
			</ObjectProperties>
			<OpacityLevel>255</OpacityLevel>
			<LodDistance>16960</LodDistance>
			<IsVisible>true</IsVisible>
			<MaxHealth>1000</MaxHealth>
			<Health>1000</Health>
			<HasGravity>true</HasGravity>
			<IsOnFire>false</IsOnFire>
			<IsInvincible>false</IsInvincible>
			<IsBulletProof>false</IsBulletProof>
			<IsCollisionProof>false</IsCollisionProof>
			<IsExplosionProof>false</IsExplosionProof>
			<IsFireProof>false</IsFireProof>
			<IsMeleeProof>false</IsMeleeProof>
			<IsOnlyDamagedByPlayer>false</IsOnlyDamagedByPlayer>
			<PositionRotation>
				<X>-1325.8761</X>
				<Y>-3035.32666</Y>
				<Z>16.3105221</Z>
				<Pitch>89.7244644</Pitch>
				<Roll>-101.446747</Roll>
				<Yaw>81.9696045</Yaw>
			</PositionRotation>
			<Attachment isAttached="true">
				<AttachedTo>81666</AttachedTo>
				<BoneIndex>0</BoneIndex>
				<X>7.4000001</X>
				<Y>23</Y>
				<Z>0</Z>
				<Pitch>89.9999924</Pitch>
				<Roll>19.9999981</Roll>
				<Yaw>0</Yaw>
			</Attachment>
		</Attachment>
		<Attachment>
			<ModelHash>0xafa0536a</ModelHash>
			<Type>3</Type>
			<Dynamic>false</Dynamic>
			<FrozenPos>true</FrozenPos>
			<HashName>prop_conslift_rail2</HashName>
			<InitialHandle>92418</InitialHandle>
			<ObjectProperties>
				<TextureVariation>0</TextureVariation>
			</ObjectProperties>
			<OpacityLevel>255</OpacityLevel>
			<LodDistance>16960</LodDistance>
			<IsVisible>true</IsVisible>
			<MaxHealth>1000</MaxHealth>
			<Health>1000</Health>
			<HasGravity>true</HasGravity>
			<IsOnFire>false</IsOnFire>
			<IsInvincible>false</IsInvincible>
			<IsBulletProof>false</IsBulletProof>
			<IsCollisionProof>false</IsCollisionProof>
			<IsExplosionProof>false</IsExplosionProof>
			<IsFireProof>false</IsFireProof>
			<IsMeleeProof>false</IsMeleeProof>
			<IsOnlyDamagedByPlayer>false</IsOnlyDamagedByPlayer>
			<PositionRotation>
				<X>-1354.43726</X>
				<Y>-3036.02832</Y>
				<Z>16.1745434</Z>
				<Pitch>89.725174</Pitch>
				<Roll>-141.446823</Roll>
				<Yaw>81.9696808</Yaw>
			</PositionRotation>
			<Attachment isAttached="true">
				<AttachedTo>81666</AttachedTo>
				<BoneIndex>0</BoneIndex>
				<X>-14.2000237</X>
				<Y>4.29994678</Y>
				<Z>0</Z>
				<Pitch>89.9999924</Pitch>
				<Roll>-20</Roll>
				<Yaw>0</Yaw>
			</Attachment>
		</Attachment>
		<Attachment>
			<ModelHash>0xafa0536a</ModelHash>
			<Type>3</Type>
			<Dynamic>false</Dynamic>
			<FrozenPos>true</FrozenPos>
			<HashName>prop_conslift_rail2</HashName>
			<InitialHandle>92674</InitialHandle>
			<ObjectProperties>
				<TextureVariation>0</TextureVariation>
			</ObjectProperties>
			<OpacityLevel>255</OpacityLevel>
			<LodDistance>16960</LodDistance>
			<IsVisible>true</IsVisible>
			<MaxHealth>1000</MaxHealth>
			<Health>1000</Health>
			<HasGravity>true</HasGravity>
			<IsOnFire>false</IsOnFire>
			<IsInvincible>false</IsInvincible>
			<IsBulletProof>false</IsBulletProof>
			<IsCollisionProof>false</IsCollisionProof>
			<IsExplosionProof>false</IsExplosionProof>
			<IsFireProof>false</IsFireProof>
			<IsMeleeProof>false</IsMeleeProof>
			<IsOnlyDamagedByPlayer>false</IsOnlyDamagedByPlayer>
			<PositionRotation>
				<X>-1332.43896</X>
				<Y>-3054.14771</Y>
				<Z>16.2918472</Z>
				<Pitch>89.7237473</Pitch>
				<Roll>-100.947914</Roll>
				<Yaw>81.9708633</Yaw>
			</PositionRotation>
			<Attachment isAttached="true">
				<AttachedTo>81666</AttachedTo>
				<BoneIndex>0</BoneIndex>
				<X>14.3000135</X>
				<Y>4.29994678</Y>
				<Z>0</Z>
				<Pitch>89.9999924</Pitch>
				<Roll>20.500082</Roll>
				<Yaw>0</Yaw>
			</Attachment>
		</Attachment>
		<Attachment>
			<ModelHash>0xafa0536a</ModelHash>
			<Type>3</Type>
			<Dynamic>false</Dynamic>
			<FrozenPos>true</FrozenPos>
			<HashName>prop_conslift_rail2</HashName>
			<InitialHandle>92930</InitialHandle>
			<ObjectProperties>
				<TextureVariation>0</TextureVariation>
			</ObjectProperties>
			<OpacityLevel>255</OpacityLevel>
			<LodDistance>16960</LodDistance>
			<IsVisible>true</IsVisible>
			<MaxHealth>1000</MaxHealth>
			<Health>1000</Health>
			<HasGravity>true</HasGravity>
			<IsOnFire>false</IsOnFire>
			<IsInvincible>false</IsInvincible>
			<IsBulletProof>false</IsBulletProof>
			<IsCollisionProof>false</IsCollisionProof>
			<IsExplosionProof>false</IsExplosionProof>
			<IsFireProof>false</IsFireProof>
			<IsMeleeProof>false</IsMeleeProof>
			<IsOnlyDamagedByPlayer>false</IsOnlyDamagedByPlayer>
			<PositionRotation>
				<X>-1366.05811</X>
				<Y>-3050.29443</Y>
				<Z>16.1286373</Z>
				<Pitch>89.7237473</Pitch>
				<Roll>-100.947914</Roll>
				<Yaw>81.9708633</Yaw>
			</PositionRotation>
			<Attachment isAttached="true">
				<AttachedTo>81666</AttachedTo>
				<BoneIndex>0</BoneIndex>
				<X>-14.1000233</X>
				<Y>-14.10007</Y>
				<Z>5.96046448e-08</Z>
				<Pitch>89.9999924</Pitch>
				<Roll>20.500082</Roll>
				<Yaw>0</Yaw>
			</Attachment>
		</Attachment>
		<Attachment>
			<ModelHash>0xafa0536a</ModelHash>
			<Type>3</Type>
			<Dynamic>false</Dynamic>
			<FrozenPos>true</FrozenPos>
			<HashName>prop_conslift_rail2</HashName>
			<InitialHandle>93186</InitialHandle>
			<ObjectProperties>
				<TextureVariation>0</TextureVariation>
			</ObjectProperties>
			<OpacityLevel>255</OpacityLevel>
			<LodDistance>16960</LodDistance>
			<IsVisible>true</IsVisible>
			<MaxHealth>1000</MaxHealth>
			<Health>1000</Health>
			<HasGravity>true</HasGravity>
			<IsOnFire>false</IsOnFire>
			<IsInvincible>false</IsInvincible>
			<IsBulletProof>false</IsBulletProof>
			<IsCollisionProof>false</IsCollisionProof>
			<IsExplosionProof>false</IsExplosionProof>
			<IsFireProof>false</IsFireProof>
			<IsMeleeProof>false</IsMeleeProof>
			<IsOnlyDamagedByPlayer>false</IsOnlyDamagedByPlayer>
			<PositionRotation>
				<X>-1344.07349</X>
				<Y>-3068.27319</Y>
				<Z>16.2457809</Z>
				<Pitch>89.7244644</Pitch>
				<Roll>-141.946671</Roll>
				<Yaw>81.9695435</Yaw>
			</PositionRotation>
			<Attachment isAttached="true">
				<AttachedTo>81666</AttachedTo>
				<BoneIndex>0</BoneIndex>
				<X>14.3000126</X>
				<Y>-14.0000696</Y>
				<Z>5.96046448e-08</Z>
				<Pitch>89.9999924</Pitch>
				<Roll>-20.5000019</Roll>
				<Yaw>0</Yaw>
			</Attachment>
		</Attachment>
		<Attachment>
			<ModelHash>0xafa0536a</ModelHash>
			<Type>3</Type>
			<Dynamic>false</Dynamic>
			<FrozenPos>true</FrozenPos>
			<HashName>prop_conslift_rail2</HashName>
			<InitialHandle>93442</InitialHandle>
			<ObjectProperties>
				<TextureVariation>0</TextureVariation>
			</ObjectProperties>
			<OpacityLevel>255</OpacityLevel>
			<LodDistance>16960</LodDistance>
			<IsVisible>true</IsVisible>
			<MaxHealth>1000</MaxHealth>
			<Health>1000</Health>
			<HasGravity>true</HasGravity>
			<IsOnFire>false</IsOnFire>
			<IsInvincible>false</IsInvincible>
			<IsBulletProof>false</IsBulletProof>
			<IsCollisionProof>false</IsCollisionProof>
			<IsExplosionProof>false</IsExplosionProof>
			<IsFireProof>false</IsFireProof>
			<IsMeleeProof>false</IsMeleeProof>
			<IsOnlyDamagedByPlayer>false</IsOnlyDamagedByPlayer>
			<PositionRotation>
				<X>-1361.09753</X>
				<Y>-3078.08887</Y>
				<Z>16.1710625</Z>
				<Pitch>89.7244644</Pitch>
				<Roll>-141.946671</Roll>
				<Yaw>81.9695435</Yaw>
			</PositionRotation>
			<Attachment isAttached="true">
				<AttachedTo>81666</AttachedTo>
				<BoneIndex>0</BoneIndex>
				<X>7.3999896</X>
				<Y>-32.4001312</Y>
				<Z>5.96046448e-08</Z>
				<Pitch>89.9999924</Pitch>
				<Roll>-20.5000019</Roll>
				<Yaw>0</Yaw>
			</Attachment>
		</Attachment>
		<Attachment>
			<ModelHash>0xafa0536a</ModelHash>
			<Type>3</Type>
			<Dynamic>false</Dynamic>
			<FrozenPos>true</FrozenPos>
			<HashName>prop_conslift_rail2</HashName>
			<InitialHandle>93698</InitialHandle>
			<ObjectProperties>
				<TextureVariation>0</TextureVariation>
			</ObjectProperties>
			<OpacityLevel>255</OpacityLevel>
			<LodDistance>16960</LodDistance>
			<IsVisible>true</IsVisible>
			<MaxHealth>1000</MaxHealth>
			<Health>1000</Health>
			<HasGravity>true</HasGravity>
			<IsOnFire>false</IsOnFire>
			<IsInvincible>false</IsInvincible>
			<IsBulletProof>false</IsBulletProof>
			<IsCollisionProof>false</IsCollisionProof>
			<IsExplosionProof>false</IsExplosionProof>
			<IsFireProof>false</IsFireProof>
			<IsMeleeProof>false</IsMeleeProof>
			<IsOnlyDamagedByPlayer>false</IsOnlyDamagedByPlayer>
			<PositionRotation>
				<X>-1372.52112</X>
				<Y>-3068.67944</Y>
				<Z>16.1101475</Z>
				<Pitch>89.7244644</Pitch>
				<Roll>-101.748009</Roll>
				<Yaw>81.9709549</Yaw>
			</PositionRotation>
			<Attachment isAttached="true">
				<AttachedTo>81666</AttachedTo>
				<BoneIndex>0</BoneIndex>
				<X>-7.40000105</X>
				<Y>-32.4001312</Y>
				<Z>5.96046448e-08</Z>
				<Pitch>89.9999924</Pitch>
				<Roll>19.700079</Roll>
				<Yaw>0</Yaw>
			</Attachment>
		</Attachment>
		<Attachment>
			<ModelHash>0xd9621159</ModelHash>
			<Type>3</Type>
			<Dynamic>false</Dynamic>
			<FrozenPos>true</FrozenPos>
			<HashName>hei_prop_bank_ornatelamp</HashName>
			<InitialHandle>1917</InitialHandle>
			<ObjectProperties>
				<TextureVariation>0</TextureVariation>
			</ObjectProperties>
			<OpacityLevel>255</OpacityLevel>
			<LodDistance>16960</LodDistance>
			<IsVisible>true</IsVisible>
			<MaxHealth>1000</MaxHealth>
			<Health>1000</Health>
			<HasGravity>true</HasGravity>
			<IsOnFire>false</IsOnFire>
			<IsInvincible>false</IsInvincible>
			<IsBulletProof>false</IsBulletProof>
			<IsCollisionProof>false</IsCollisionProof>
			<IsExplosionProof>false</IsExplosionProof>
			<IsFireProof>false</IsFireProof>
			<IsMeleeProof>false</IsMeleeProof>
			<IsOnlyDamagedByPlayer>false</IsOnlyDamagedByPlayer>
			<PositionRotation>
				<X>-1372.53284</X>
				<Y>-3064.13428</Y>
				<Z>15.8070259</Z>
				<Pitch>15.8441153</Pitch>
				<Roll>171.854385</Roll>
				<Yaw>-39.4104996</Yaw>
			</PositionRotation>
			<Attachment isAttached="true">
				<AttachedTo>81666</AttachedTo>
				<BoneIndex>0</BoneIndex>
				<X>-10.2999964</X>
				<Y>-28.8999901</Y>
				<Z>-0.299999803</Z>
				<Pitch>15.7000237</Pitch>
				<Roll>172.099533</Roll>
				<Yaw>0</Yaw>
			</Attachment>
		</Attachment>
		<Attachment>
			<ModelHash>0xd9621159</ModelHash>
			<Type>3</Type>
			<Dynamic>false</Dynamic>
			<FrozenPos>true</FrozenPos>
			<HashName>hei_prop_bank_ornatelamp</HashName>
			<InitialHandle>119623</InitialHandle>
			<ObjectProperties>
				<TextureVariation>0</TextureVariation>
			</ObjectProperties>
			<OpacityLevel>255</OpacityLevel>
			<LodDistance>16960</LodDistance>
			<IsVisible>true</IsVisible>
			<MaxHealth>1000</MaxHealth>
			<Health>1000</Health>
			<HasGravity>true</HasGravity>
			<IsOnFire>false</IsOnFire>
			<IsInvincible>false</IsInvincible>
			<IsBulletProof>false</IsBulletProof>
			<IsCollisionProof>false</IsCollisionProof>
			<IsExplosionProof>false</IsExplosionProof>
			<IsFireProof>false</IsFireProof>
			<IsMeleeProof>false</IsMeleeProof>
			<IsOnlyDamagedByPlayer>false</IsOnlyDamagedByPlayer>
			<PositionRotation>
				<X>-1371.95471</X>
				<Y>-3046.60254</Y>
				<Z>15.7979765</Z>
				<Pitch>10.144146</Pitch>
				<Roll>167.459671</Roll>
				<Yaw>-39.4352341</Yaw>
			</PositionRotation>
			<Attachment isAttached="true">
				<AttachedTo>81666</AttachedTo>
				<BoneIndex>0</BoneIndex>
				<X>-20.9999943</X>
				<Y>-14.9999905</Y>
				<Z>-0.299999803</Z>
				<Pitch>10.0000019</Pitch>
				<Roll>167.699265</Roll>
				<Yaw>0</Yaw>
			</Attachment>
		</Attachment>
		<Attachment>
			<ModelHash>0xd9621159</ModelHash>
			<Type>3</Type>
			<Dynamic>false</Dynamic>
			<FrozenPos>true</FrozenPos>
			<HashName>hei_prop_bank_ornatelamp</HashName>
			<InitialHandle>131703</InitialHandle>
			<ObjectProperties>
				<TextureVariation>0</TextureVariation>
			</ObjectProperties>
			<OpacityLevel>255</OpacityLevel>
			<LodDistance>16960</LodDistance>
			<IsVisible>true</IsVisible>
			<MaxHealth>1000</MaxHealth>
			<Health>1000</Health>
			<HasGravity>true</HasGravity>
			<IsOnFire>false</IsOnFire>
			<IsInvincible>false</IsInvincible>
			<IsBulletProof>false</IsBulletProof>
			<IsCollisionProof>false</IsCollisionProof>
			<IsExplosionProof>false</IsExplosionProof>
			<IsFireProof>false</IsFireProof>
			<IsMeleeProof>false</IsMeleeProof>
			<IsOnlyDamagedByPlayer>false</IsOnlyDamagedByPlayer>
			<PositionRotation>
				<X>-1363.74011</X>
				<Y>-3030.17896</Y>
				<Z>16.0261574</Z>
				<Pitch>-3.35573816</Pitch>
				<Roll>161.962692</Roll>
				<Yaw>-39.4912567</Yaw>
			</PositionRotation>
			<Attachment isAttached="true">
				<AttachedTo>81666</AttachedTo>
				<BoneIndex>0</BoneIndex>
				<X>-25.0999947</X>
				<Y>2.90001011</Y>
				<Z>-0.0999998227</Z>
				<Pitch>-3.49999809</Pitch>
				<Roll>162.198929</Roll>
				<Yaw>0</Yaw>
			</Attachment>
		</Attachment>
		<Attachment>
			<ModelHash>0xd9621159</ModelHash>
			<Type>3</Type>
			<Dynamic>false</Dynamic>
			<FrozenPos>true</FrozenPos>
			<HashName>hei_prop_bank_ornatelamp</HashName>
			<InitialHandle>113428</InitialHandle>
			<ObjectProperties>
				<TextureVariation>0</TextureVariation>
			</ObjectProperties>
			<OpacityLevel>255</OpacityLevel>
			<LodDistance>16960</LodDistance>
			<IsVisible>true</IsVisible>
			<MaxHealth>1000</MaxHealth>
			<Health>1000</Health>
			<HasGravity>true</HasGravity>
			<IsOnFire>false</IsOnFire>
			<IsInvincible>false</IsInvincible>
			<IsBulletProof>false</IsBulletProof>
			<IsCollisionProof>false</IsCollisionProof>
			<IsExplosionProof>false</IsExplosionProof>
			<IsFireProof>false</IsFireProof>
			<IsMeleeProof>false</IsMeleeProof>
			<IsOnlyDamagedByPlayer>false</IsOnlyDamagedByPlayer>
			<PositionRotation>
				<X>-1349.63123</X>
				<Y>-3018.86914</Y>
				<Z>16.0859432</Z>
				<Pitch>-13.0556698</Pitch>
				<Roll>167.357162</Roll>
				<Yaw>-39.5321198</Yaw>
			</PositionRotation>
			<Attachment isAttached="true">
				<AttachedTo>81666</AttachedTo>
				<BoneIndex>0</BoneIndex>
				<X>-21.3999958</X>
				<Y>20.600008</Y>
				<Z>-0.0999997631</Z>
				<Pitch>-13.2000132</Pitch>
				<Roll>167.599258</Roll>
				<Yaw>0</Yaw>
			</Attachment>
		</Attachment>
	</SpoonerAttachments>
</Vehicle>
