{
    "Vehicle": {
        "ModelHash": 3854198872,
        "VehicleProperties": {
            "BulletProofTires": true,
            "Colors": {
                "CPrimary": {
                    "b": 0,
                    "g": 0,
                    "r": 0
                },
                "CSecondary": {
                    "b": 255,
                    "g": 0,
                    "r": 0
                },
                "IsPrimaryCustom": true,
                "IsSecondaryCustom": true,
                "Livery": -1,
                "Neon": {
                    "Back": true,
                    "Color": {
                        "b": 255,
                        "g": 0,
                        "r": 0
                    },
                    "Front": true,
                    "Left": true,
                    "Right": true
                },
                "PaintFade": 0.564705908298492,
                "Pearl": 38,
                "Primary": 12,
                "Rim": 156,
                "Secondary": 41,
                "TyreSmoke": {
                    "b": 0,
                    "g": 0,
                    "r": 0
                }
            },
            "DirtLevel": 0.0200936775654554,
            "EngineHealth": 1000.0,
            "EngineRunning": true,
            "Mods": {
                "Mod_0": 3,
                "Mod_1": 5,
                "Mod_10": 1,
                "Mod_11": 3,
                "Mod_12": 2,
                "Mod_13": 2,
                "Mod_14": 51,
                "Mod_15": -1,
                "Mod_16": 4,
                "Mod_17": -1,
                "Mod_18": -1,
                "Mod_19": -1,
                "Mod_2": 1,
                "Mod_20": -1,
                "Mod_21": -1,
                "Mod_22": -1,
                "Mod_23": 5,
                "Mod_24": -1,
                "Mod_25": -1,
                "Mod_26": -1,
                "Mod_27": -1,
                "Mod_28": -1,
                "Mod_29": -1,
                "Mod_3": 3,
                "Mod_30": -1,
                "Mod_31": -1,
                "Mod_32": -1,
                "Mod_33": -1,
                "Mod_34": -1,
                "Mod_35": -1,
                "Mod_36": -1,
                "Mod_37": -1,
                "Mod_38": -1,
                "Mod_39": -1,
                "Mod_4": 4,
                "Mod_40": -1,
                "Mod_41": -1,
                "Mod_42": -1,
                "Mod_43": -1,
                "Mod_44": -1,
                "Mod_45": -1,
                "Mod_46": -1,
                "Mod_47": -1,
                "Mod_48": -1,
                "Mod_5": 1,
                "Mod_6": 3,
                "Mod_7": -1,
                "Mod_8": 5,
                "Mod_9": 2
            },
            "NumberPlate": {
                "Index": 0,
                "Text": " S U P  "
            },
            "WheelsType": 4,
            "WindowTint": 5
        }
    }
}