<?xml version="1.0" encoding="ISO-8859-1"?>
<Vehicle menyoo_ver="0.999868b">
	<ModelHash>0x7a61b330</ModelHash>
	<InitialHandle>166406</InitialHandle>
	<VehicleProperties>
		<Colours>
			<Primary>18</Primary>
			<Secondary>122</Secondary>
			<Pearl>111</Pearl>
			<Rim>156</Rim>
			<Mod1_a>68562944</Mod1_a>
			<Mod1_b>1057947648</Mod1_b>
			<Mod1_c>0</Mod1_c>
			<Mod2_a>0</Mod2_a>
			<Mod2_b>1</Mod2_b>
			<IsPrimaryColourCustom>false</IsPrimaryColourCustom>
			<IsSecondaryColourCustom>false</IsSecondaryColourCustom>
			<tyreSmoke_R>255</tyreSmoke_R>
			<tyreSmoke_G>255</tyreSmoke_G>
			<tyreSmoke_B>255</tyreSmoke_B>
			<LrInterior>0</LrInterior>
			<LrDashboard>0</LrDashboard>
		</Colours>
		<Livery>-1</Livery>
		<NumberPlateText>87TWF256</NumberPlateText>
		<NumberPlateIndex>3</NumberPlateIndex>
		<WheelType>0</WheelType>
		<WheelsInvisible>false</WheelsInvisible>
		<EngineSoundName></EngineSoundName>
		<WindowTint>-1</WindowTint>
		<BulletProofTyres>false</BulletProofTyres>
		<DirtLevel>0.0304649286</DirtLevel>
		<PaintFade>0.298039228</PaintFade>
		<RoofState>0</RoofState>
		<SirenActive>false</SirenActive>
		<EngineOn>true</EngineOn>
		<EngineHealth>1000</EngineHealth>
		<LightsOn>false</LightsOn>
		<IsRadioLoud>1</IsRadioLoud>
		<Neons>
			<Left>false</Left>
			<Right>false</Right>
			<Front>false</Front>
			<Back>false</Back>
			<R>255</R>
			<G>0</G>
			<B>255</B>
		</Neons>
		<ModExtras>
			<_1>true</_1>
			<_2>false</_2>
			<_3>false</_3>
			<_4>false</_4>
			<_5>false</_5>
			<_6>false</_6>
			<_7>false</_7>
			<_10>false</_10>
			<_11>true</_11>
			<_12>false</_12>
		</ModExtras>
		<Mods>
			<_0>-1,0</_0>
			<_1>-1,0</_1>
			<_2>-1,0</_2>
			<_3>-1,0</_3>
			<_4>-1,0</_4>
			<_5>-1,0</_5>
			<_6>-1,0</_6>
			<_7>-1,0</_7>
			<_8>-1,0</_8>
			<_9>-1,0</_9>
			<_10>-1,0</_10>
			<_11>-1,0</_11>
			<_12>-1,0</_12>
			<_13>-1,0</_13>
			<_14>-1,0</_14>
			<_15>-1,0</_15>
			<_16>-1,0</_16>
			<_17>false</_17>
			<_18>false</_18>
			<_19>false</_19>
			<_20>false</_20>
			<_21>false</_21>
			<_22>false</_22>
			<_23>-1,0</_23>
			<_24>-1,0</_24>
			<_25>-1,0</_25>
			<_26>-1,0</_26>
			<_27>-1,0</_27>
			<_28>-1,0</_28>
			<_29>-1,0</_29>
			<_30>-1,0</_30>
			<_31>-1,0</_31>
			<_32>-1,0</_32>
			<_33>-1,0</_33>
			<_34>-1,0</_34>
			<_35>-1,0</_35>
			<_36>-1,0</_36>
			<_37>-1,0</_37>
			<_38>-1,0</_38>
			<_39>-1,0</_39>
			<_40>-1,0</_40>
			<_41>-1,0</_41>
			<_42>-1,0</_42>
			<_43>-1,0</_43>
			<_44>-1,0</_44>
			<_45>-1,0</_45>
			<_46>-1,0</_46>
			<_47>-1,0</_47>
			<_48>-1,0</_48>
		</Mods>
		<DoorsOpen>
			<BackLeftDoor>false</BackLeftDoor>
			<BackRightDoor>false</BackRightDoor>
			<FrontLeftDoor>false</FrontLeftDoor>
			<FrontRightDoor>false</FrontRightDoor>
			<Hood>false</Hood>
			<Trunk>false</Trunk>
			<Trunk2>false</Trunk2>
		</DoorsOpen>
		<DoorsBroken>
			<BackLeftDoor>false</BackLeftDoor>
			<BackRightDoor>false</BackRightDoor>
			<FrontLeftDoor>false</FrontLeftDoor>
			<FrontRightDoor>false</FrontRightDoor>
			<Hood>false</Hood>
			<Trunk>false</Trunk>
			<Trunk2>false</Trunk2>
		</DoorsBroken>
		<TyresBursted>
			<FrontLeft>false</FrontLeft>
			<FrontRight>false</FrontRight>
			<_2>false</_2>
			<_3>false</_3>
			<BackLeft>false</BackLeft>
			<BackRight>false</BackRight>
			<_6>false</_6>
			<_7>false</_7>
			<_8>false</_8>
		</TyresBursted>
	</VehicleProperties>
	<OpacityLevel>255</OpacityLevel>
	<LodDistance>16960</LodDistance>
	<IsVisible>true</IsVisible>
	<IsDriverVisible>true</IsDriverVisible>
	<MaxHealth>1000</MaxHealth>
	<Health>1000</Health>
	<HasGravity>true</HasGravity>
	<IsOnFire>false</IsOnFire>
	<IsInvincible>false</IsInvincible>
	<IsBulletProof>false</IsBulletProof>
	<IsExplosionProof>false</IsExplosionProof>
	<IsFireProof>false</IsFireProof>
	<IsMeleeProof>false</IsMeleeProof>
	<IsOnlyDamagedByPlayer>false</IsOnlyDamagedByPlayer>
	<SpoonerAttachments SetAttachmentsPersistentAndAddToSpoonerDatabase="false" StartTaskSequencesOnLoad="true">
		<Attachment>
			<ModelHash>0x7a845307</ModelHash>
			<Type>3</Type>
			<Dynamic>false</Dynamic>
			<FrozenPos>true</FrozenPos>
			<HashName>ex_prop_crate_ammo_sc</HashName>
			<InitialHandle>78345</InitialHandle>
			<ObjectProperties>
				<TextureVariation>0</TextureVariation>
			</ObjectProperties>
			<OpacityLevel>255</OpacityLevel>
			<LodDistance>16960</LodDistance>
			<IsVisible>true</IsVisible>
			<MaxHealth>1000</MaxHealth>
			<Health>1000</Health>
			<HasGravity>true</HasGravity>
			<IsOnFire>false</IsOnFire>
			<IsInvincible>false</IsInvincible>
			<IsBulletProof>false</IsBulletProof>
			<IsCollisionProof>true</IsCollisionProof>
			<IsExplosionProof>false</IsExplosionProof>
			<IsFireProof>false</IsFireProof>
			<IsMeleeProof>false</IsMeleeProof>
			<IsOnlyDamagedByPlayer>false</IsOnlyDamagedByPlayer>
			<PositionRotation>
				<X>1638.896</X>
				<Y>3227.85132</Y>
				<Z>40.5777473</Z>
				<Pitch>0.0228533577</Pitch>
				<Roll>-0.0601244569</Roll>
				<Yaw>-74.4959488</Yaw>
			</PositionRotation>
			<Attachment isAttached="true">
				<AttachedTo>166406</AttachedTo>
				<BoneIndex>0</BoneIndex>
				<X>0</X>
				<Y>0</Y>
				<Z>0.189999998</Z>
				<Pitch>0</Pitch>
				<Roll>0</Roll>
				<Yaw>360</Yaw>
			</Attachment>
		</Attachment>
		<Attachment>
			<ModelHash>0xd37a33c0</ModelHash>
			<Type>3</Type>
			<Dynamic>false</Dynamic>
			<FrozenPos>true</FrozenPos>
			<HashName>w_sr_heavysniper</HashName>
			<InitialHandle>688394</InitialHandle>
			<ObjectProperties>
				<TextureVariation>0</TextureVariation>
			</ObjectProperties>
			<OpacityLevel>255</OpacityLevel>
			<LodDistance>16960</LodDistance>
			<IsVisible>true</IsVisible>
			<MaxHealth>1000</MaxHealth>
			<Health>1000</Health>
			<HasGravity>true</HasGravity>
			<IsOnFire>false</IsOnFire>
			<IsInvincible>false</IsInvincible>
			<IsBulletProof>false</IsBulletProof>
			<IsCollisionProof>true</IsCollisionProof>
			<IsExplosionProof>false</IsExplosionProof>
			<IsFireProof>false</IsFireProof>
			<IsMeleeProof>false</IsMeleeProof>
			<IsOnlyDamagedByPlayer>false</IsOnlyDamagedByPlayer>
			<PositionRotation>
				<X>1638.16931</X>
				<Y>3226.54077</Y>
				<Z>41.8684502</Z>
				<Pitch>0.0601244569</Pitch>
				<Roll>0.0228533763</Roll>
				<Yaw>-164.495972</Yaw>
			</PositionRotation>
			<Attachment isAttached="true">
				<AttachedTo>166406</AttachedTo>
				<BoneIndex>0</BoneIndex>
				<X>1.06999934</X>
				<Y>-1.04999936</Y>
				<Z>1.47999895</Z>
				<Pitch>0</Pitch>
				<Roll>0</Roll>
				<Yaw>-90</Yaw>
			</Attachment>
		</Attachment>
		<Attachment>
			<ModelHash>0x291cea47</ModelHash>
			<Type>3</Type>
			<Dynamic>false</Dynamic>
			<FrozenPos>true</FrozenPos>
			<HashName>w_sg_pumpshotgun</HashName>
			<InitialHandle>238091</InitialHandle>
			<ObjectProperties>
				<TextureVariation>0</TextureVariation>
			</ObjectProperties>
			<OpacityLevel>255</OpacityLevel>
			<LodDistance>16960</LodDistance>
			<IsVisible>true</IsVisible>
			<MaxHealth>1000</MaxHealth>
			<Health>1000</Health>
			<HasGravity>true</HasGravity>
			<IsOnFire>false</IsOnFire>
			<IsInvincible>false</IsInvincible>
			<IsBulletProof>false</IsBulletProof>
			<IsCollisionProof>true</IsCollisionProof>
			<IsExplosionProof>false</IsExplosionProof>
			<IsFireProof>false</IsFireProof>
			<IsMeleeProof>false</IsMeleeProof>
			<IsOnlyDamagedByPlayer>false</IsOnlyDamagedByPlayer>
			<PositionRotation>
				<X>1636.77905</X>
				<Y>3226.16553</Y>
				<Z>41.9078674</Z>
				<Pitch>0.0601244569</Pitch>
				<Roll>0.0228533763</Roll>
				<Yaw>-164.495972</Yaw>
			</PositionRotation>
			<Attachment isAttached="true">
				<AttachedTo>166406</AttachedTo>
				<BoneIndex>0</BoneIndex>
				<X>1.05999935</X>
				<Y>-2.4899981</Y>
				<Z>1.51999891</Z>
				<Pitch>0</Pitch>
				<Roll>0</Roll>
				<Yaw>-90</Yaw>
			</Attachment>
		</Attachment>
		<Attachment>
			<ModelHash>0xc103d44a</ModelHash>
			<Type>3</Type>
			<Dynamic>false</Dynamic>
			<FrozenPos>true</FrozenPos>
			<HashName>w_sb_microsmg</HashName>
			<InitialHandle>354827</InitialHandle>
			<ObjectProperties>
				<TextureVariation>0</TextureVariation>
			</ObjectProperties>
			<OpacityLevel>255</OpacityLevel>
			<LodDistance>16960</LodDistance>
			<IsVisible>true</IsVisible>
			<MaxHealth>1000</MaxHealth>
			<Health>1000</Health>
			<HasGravity>true</HasGravity>
			<IsOnFire>false</IsOnFire>
			<IsInvincible>false</IsInvincible>
			<IsBulletProof>false</IsBulletProof>
			<IsCollisionProof>true</IsCollisionProof>
			<IsExplosionProof>false</IsExplosionProof>
			<IsFireProof>false</IsFireProof>
			<IsMeleeProof>false</IsMeleeProof>
			<IsOnlyDamagedByPlayer>false</IsOnlyDamagedByPlayer>
			<PositionRotation>
				<X>1637.79382</X>
				<Y>3226.43604</Y>
				<Z>41.3882942</Z>
				<Pitch>0.0601244569</Pitch>
				<Roll>0.0228533763</Roll>
				<Yaw>-164.495972</Yaw>
			</PositionRotation>
			<Attachment isAttached="true">
				<AttachedTo>166406</AttachedTo>
				<BoneIndex>0</BoneIndex>
				<X>1.06999934</X>
				<Y>-1.43999898</Y>
				<Z>0.999999404</Z>
				<Pitch>0</Pitch>
				<Roll>0</Roll>
				<Yaw>-90</Yaw>
			</Attachment>
		</Attachment>
		<Attachment>
			<ModelHash>0xc103d44a</ModelHash>
			<Type>3</Type>
			<Dynamic>false</Dynamic>
			<FrozenPos>true</FrozenPos>
			<HashName>w_sb_microsmg</HashName>
			<InitialHandle>727819</InitialHandle>
			<ObjectProperties>
				<TextureVariation>0</TextureVariation>
			</ObjectProperties>
			<OpacityLevel>255</OpacityLevel>
			<LodDistance>16960</LodDistance>
			<IsVisible>true</IsVisible>
			<MaxHealth>1000</MaxHealth>
			<Health>1000</Health>
			<HasGravity>true</HasGravity>
			<IsOnFire>false</IsOnFire>
			<IsInvincible>false</IsInvincible>
			<IsBulletProof>false</IsBulletProof>
			<IsCollisionProof>true</IsCollisionProof>
			<IsExplosionProof>false</IsExplosionProof>
			<IsFireProof>false</IsFireProof>
			<IsMeleeProof>false</IsMeleeProof>
			<IsOnlyDamagedByPlayer>false</IsOnlyDamagedByPlayer>
			<PositionRotation>
				<X>1636.84949</X>
				<Y>3226.17407</Y>
				<Z>41.3779068</Z>
				<Pitch>0.0601244569</Pitch>
				<Roll>0.0228533763</Roll>
				<Yaw>-164.495972</Yaw>
			</PositionRotation>
			<Attachment isAttached="true">
				<AttachedTo>166406</AttachedTo>
				<BoneIndex>0</BoneIndex>
				<X>1.06999934</X>
				<Y>-2.41999817</Y>
				<Z>0.989999413</Z>
				<Pitch>0</Pitch>
				<Roll>0</Roll>
				<Yaw>-90</Yaw>
			</Attachment>
		</Attachment>
		<Attachment>
			<ModelHash>0x19314199</ModelHash>
			<Type>3</Type>
			<Dynamic>false</Dynamic>
			<FrozenPos>true</FrozenPos>
			<HashName>w_mg_minigun</HashName>
			<InitialHandle>329740</InitialHandle>
			<ObjectProperties>
				<TextureVariation>0</TextureVariation>
			</ObjectProperties>
			<OpacityLevel>255</OpacityLevel>
			<LodDistance>16960</LodDistance>
			<IsVisible>true</IsVisible>
			<MaxHealth>1000</MaxHealth>
			<Health>1000</Health>
			<HasGravity>true</HasGravity>
			<IsOnFire>false</IsOnFire>
			<IsInvincible>false</IsInvincible>
			<IsBulletProof>false</IsBulletProof>
			<IsCollisionProof>true</IsCollisionProof>
			<IsExplosionProof>false</IsExplosionProof>
			<IsFireProof>false</IsFireProof>
			<IsMeleeProof>false</IsMeleeProof>
			<IsOnlyDamagedByPlayer>false</IsOnlyDamagedByPlayer>
			<PositionRotation>
				<X>1636.17334</X>
				<Y>3226.25562</Y>
				<Z>40.7873802</Z>
				<Pitch>0.0228533857</Pitch>
				<Roll>-66.0601196</Roll>
				<Yaw>-74.4959564</Yaw>
			</PositionRotation>
			<Attachment isAttached="true">
				<AttachedTo>166406</AttachedTo>
				<BoneIndex>0</BoneIndex>
				<X>0.809999585</X>
				<Y>-3.04999757</Y>
				<Z>0.399999976</Z>
				<Pitch>3.57627869e-007</Pitch>
				<Roll>-66</Roll>
				<Yaw>3.57627869e-007</Yaw>
			</Attachment>
		</Attachment>
		<Attachment>
			<ModelHash>0x6decf1bb</ModelHash>
			<Type>3</Type>
			<Dynamic>false</Dynamic>
			<FrozenPos>true</FrozenPos>
			<HashName>hei_prop_yah_table_02</HashName>
			<InitialHandle>610847</InitialHandle>
			<ObjectProperties>
				<TextureVariation>0</TextureVariation>
			</ObjectProperties>
			<OpacityLevel>255</OpacityLevel>
			<LodDistance>16960</LodDistance>
			<IsVisible>true</IsVisible>
			<MaxHealth>1000</MaxHealth>
			<Health>1000</Health>
			<HasGravity>true</HasGravity>
			<IsOnFire>false</IsOnFire>
			<IsInvincible>false</IsInvincible>
			<IsBulletProof>false</IsBulletProof>
			<IsCollisionProof>true</IsCollisionProof>
			<IsExplosionProof>false</IsExplosionProof>
			<IsFireProof>false</IsFireProof>
			<IsMeleeProof>false</IsMeleeProof>
			<IsOnlyDamagedByPlayer>false</IsOnlyDamagedByPlayer>
			<PositionRotation>
				<X>1635.77747</X>
				<Y>3227.79541</Y>
				<Z>40.4457245</Z>
				<Pitch>0.0601244569</Pitch>
				<Roll>0.0228533763</Roll>
				<Yaw>-164.495972</Yaw>
			</PositionRotation>
			<Attachment isAttached="true">
				<AttachedTo>166406</AttachedTo>
				<BoneIndex>0</BoneIndex>
				<X>-0.779999614</X>
				<Y>-3.0199976</Y>
				<Z>0.0599999912</Z>
				<Pitch>0</Pitch>
				<Roll>0</Roll>
				<Yaw>-90</Yaw>
			</Attachment>
		</Attachment>
		<Attachment>
			<ModelHash>0x68211033</ModelHash>
			<Type>3</Type>
			<Dynamic>false</Dynamic>
			<FrozenPos>true</FrozenPos>
			<HashName>p_parachute_s_shop</HashName>
			<InitialHandle>106785</InitialHandle>
			<ObjectProperties>
				<TextureVariation>0</TextureVariation>
			</ObjectProperties>
			<OpacityLevel>255</OpacityLevel>
			<LodDistance>16960</LodDistance>
			<IsVisible>true</IsVisible>
			<MaxHealth>1000</MaxHealth>
			<Health>1000</Health>
			<HasGravity>true</HasGravity>
			<IsOnFire>false</IsOnFire>
			<IsInvincible>false</IsInvincible>
			<IsBulletProof>false</IsBulletProof>
			<IsCollisionProof>true</IsCollisionProof>
			<IsExplosionProof>false</IsExplosionProof>
			<IsFireProof>false</IsFireProof>
			<IsMeleeProof>false</IsMeleeProof>
			<IsOnlyDamagedByPlayer>false</IsOnlyDamagedByPlayer>
			<PositionRotation>
				<X>1636.12024</X>
				<Y>3227.94312</Y>
				<Z>40.9958191</Z>
				<Pitch>89.9440384</Pitch>
				<Roll>-164.495987</Roll>
				<Yaw>0</Yaw>
			</PositionRotation>
			<Attachment isAttached="true">
				<AttachedTo>166406</AttachedTo>
				<BoneIndex>0</BoneIndex>
				<X>-0.829999566</X>
				<Y>-2.64999795</Y>
				<Z>0.609999776</Z>
				<Pitch>90</Pitch>
				<Roll>0</Roll>
				<Yaw>-90</Yaw>
			</Attachment>
		</Attachment>
		<Attachment>
			<ModelHash>0x68211033</ModelHash>
			<Type>3</Type>
			<Dynamic>false</Dynamic>
			<FrozenPos>true</FrozenPos>
			<HashName>p_parachute_s_shop</HashName>
			<InitialHandle>463649</InitialHandle>
			<ObjectProperties>
				<TextureVariation>0</TextureVariation>
			</ObjectProperties>
			<OpacityLevel>255</OpacityLevel>
			<LodDistance>16960</LodDistance>
			<IsVisible>true</IsVisible>
			<MaxHealth>1000</MaxHealth>
			<Health>1000</Health>
			<HasGravity>true</HasGravity>
			<IsOnFire>false</IsOnFire>
			<IsInvincible>false</IsInvincible>
			<IsBulletProof>false</IsBulletProof>
			<IsCollisionProof>true</IsCollisionProof>
			<IsExplosionProof>false</IsExplosionProof>
			<IsFireProof>false</IsFireProof>
			<IsMeleeProof>false</IsMeleeProof>
			<IsOnlyDamagedByPlayer>false</IsOnlyDamagedByPlayer>
			<PositionRotation>
				<X>1635.5105</X>
				<Y>3227.78418</Y>
				<Z>40.9855576</Z>
				<Pitch>89.9440384</Pitch>
				<Roll>-164.495987</Roll>
				<Yaw>0</Yaw>
			</PositionRotation>
			<Attachment isAttached="true">
				<AttachedTo>166406</AttachedTo>
				<BoneIndex>0</BoneIndex>
				<X>-0.839999557</X>
				<Y>-3.27999735</Y>
				<Z>0.599999785</Z>
				<Pitch>90</Pitch>
				<Roll>-90</Roll>
				<Yaw>0</Yaw>
			</Attachment>
		</Attachment>
		<Attachment>
			<ModelHash>0x79be1729</ModelHash>
			<Type>3</Type>
			<Dynamic>false</Dynamic>
			<FrozenPos>true</FrozenPos>
			<HashName>ex_prop_adv_case_sm_flash</HashName>
			<InitialHandle>258865</InitialHandle>
			<ObjectProperties>
				<TextureVariation>0</TextureVariation>
			</ObjectProperties>
			<OpacityLevel>255</OpacityLevel>
			<LodDistance>16960</LodDistance>
			<IsVisible>true</IsVisible>
			<MaxHealth>1000</MaxHealth>
			<Health>1000</Health>
			<HasGravity>true</HasGravity>
			<IsOnFire>false</IsOnFire>
			<IsInvincible>false</IsInvincible>
			<IsBulletProof>false</IsBulletProof>
			<IsCollisionProof>true</IsCollisionProof>
			<IsExplosionProof>false</IsExplosionProof>
			<IsFireProof>false</IsFireProof>
			<IsMeleeProof>false</IsMeleeProof>
			<IsOnlyDamagedByPlayer>false</IsOnlyDamagedByPlayer>
			<PositionRotation>
				<X>1637.15527</X>
				<Y>3228.17798</Y>
				<Z>40.6862946</Z>
				<Pitch>-0.0601244494</Pitch>
				<Roll>-0.0228533819</Roll>
				<Yaw>15.504015</Yaw>
			</PositionRotation>
			<Attachment isAttached="true">
				<AttachedTo>166406</AttachedTo>
				<BoneIndex>0</BoneIndex>
				<X>-0.779999614</X>
				<Y>-1.58999884</Y>
				<Z>0.300000072</Z>
				<Pitch>0</Pitch>
				<Roll>0</Roll>
				<Yaw>90.0000076</Yaw>
			</Attachment>
		</Attachment>
		<Attachment>
			<ModelHash>0x5695d944</ModelHash>
			<Type>3</Type>
			<Dynamic>false</Dynamic>
			<FrozenPos>true</FrozenPos>
			<HashName>hei_prop_heist_trevor_case</HashName>
			<InitialHandle>248625</InitialHandle>
			<ObjectProperties>
				<TextureVariation>0</TextureVariation>
			</ObjectProperties>
			<OpacityLevel>255</OpacityLevel>
			<LodDistance>16960</LodDistance>
			<IsVisible>true</IsVisible>
			<MaxHealth>1000</MaxHealth>
			<Health>1000</Health>
			<HasGravity>true</HasGravity>
			<IsOnFire>false</IsOnFire>
			<IsInvincible>false</IsInvincible>
			<IsBulletProof>false</IsBulletProof>
			<IsCollisionProof>true</IsCollisionProof>
			<IsExplosionProof>false</IsExplosionProof>
			<IsFireProof>false</IsFireProof>
			<IsMeleeProof>false</IsMeleeProof>
			<IsOnlyDamagedByPlayer>false</IsOnlyDamagedByPlayer>
			<PositionRotation>
				<X>1634.87781</X>
				<Y>3226.0625</Y>
				<Z>40.9666939</Z>
				<Pitch>0.0601244569</Pitch>
				<Roll>0.0228533763</Roll>
				<Yaw>-164.495972</Yaw>
			</PositionRotation>
			<Attachment isAttached="true">
				<AttachedTo>166406</AttachedTo>
				<BoneIndex>-1</BoneIndex>
				<X>0.649999738</X>
				<Y>-4.35000467</Y>
				<Z>0.579999804</Z>
				<Pitch>0</Pitch>
				<Roll>0</Roll>
				<Yaw>-90</Yaw>
			</Attachment>
		</Attachment>
		<Attachment>
			<ModelHash>0x91d61e6b</ModelHash>
			<Type>3</Type>
			<Dynamic>false</Dynamic>
			<FrozenPos>true</FrozenPos>
			<HashName>prop_yacht_table_01</HashName>
			<InitialHandle>754997</InitialHandle>
			<ObjectProperties>
				<TextureVariation>0</TextureVariation>
			</ObjectProperties>
			<OpacityLevel>255</OpacityLevel>
			<LodDistance>16960</LodDistance>
			<IsVisible>true</IsVisible>
			<MaxHealth>1000</MaxHealth>
			<Health>1000</Health>
			<HasGravity>true</HasGravity>
			<IsOnFire>false</IsOnFire>
			<IsInvincible>false</IsInvincible>
			<IsBulletProof>false</IsBulletProof>
			<IsCollisionProof>true</IsCollisionProof>
			<IsExplosionProof>false</IsExplosionProof>
			<IsFireProof>false</IsFireProof>
			<IsMeleeProof>false</IsMeleeProof>
			<IsOnlyDamagedByPlayer>false</IsOnlyDamagedByPlayer>
			<PositionRotation>
				<X>1634.93152</X>
				<Y>3225.86938</Y>
				<Z>40.446907</Z>
				<Pitch>0.0228533689</Pitch>
				<Roll>-0.0601244494</Roll>
				<Yaw>-74.4959564</Yaw>
			</PositionRotation>
			<Attachment isAttached="true">
				<AttachedTo>166406</AttachedTo>
				<BoneIndex>0</BoneIndex>
				<X>0.849999547</X>
				<Y>-4.35000467</Y>
				<Z>0.060000021</Z>
				<Pitch>0</Pitch>
				<Roll>0</Roll>
				<Yaw>0</Yaw>
			</Attachment>
		</Attachment>
		<Attachment>
			<ModelHash>0x81d03d08</ModelHash>
			<Type>3</Type>
			<Dynamic>false</Dynamic>
			<FrozenPos>true</FrozenPos>
			<HashName>p_planning_board_04</HashName>
			<InitialHandle>314933</InitialHandle>
			<ObjectProperties>
				<TextureVariation>0</TextureVariation>
			</ObjectProperties>
			<OpacityLevel>255</OpacityLevel>
			<LodDistance>16960</LodDistance>
			<IsVisible>true</IsVisible>
			<MaxHealth>1000</MaxHealth>
			<Health>1000</Health>
			<HasGravity>true</HasGravity>
			<IsOnFire>false</IsOnFire>
			<IsInvincible>false</IsInvincible>
			<IsBulletProof>false</IsBulletProof>
			<IsCollisionProof>true</IsCollisionProof>
			<IsExplosionProof>false</IsExplosionProof>
			<IsFireProof>false</IsFireProof>
			<IsMeleeProof>false</IsMeleeProof>
			<IsOnlyDamagedByPlayer>false</IsOnlyDamagedByPlayer>
			<PositionRotation>
				<X>1636.21423</X>
				<Y>3228.2395</Y>
				<Z>41.4956131</Z>
				<Pitch>-0.0601244494</Pitch>
				<Roll>-0.0228433609</Roll>
				<Yaw>15.504015</Yaw>
			</PositionRotation>
			<Attachment isAttached="true">
				<AttachedTo>166406</AttachedTo>
				<BoneIndex>0</BoneIndex>
				<X>-1.08999932</X>
				<Y>-2.47999811</Y>
				<Z>1.1099993</Z>
				<Pitch>0</Pitch>
				<Roll>360</Roll>
				<Yaw>90.0000076</Yaw>
			</Attachment>
		</Attachment>
		<Attachment>
			<ModelHash>0x53e13780</ModelHash>
			<Type>3</Type>
			<Dynamic>false</Dynamic>
			<FrozenPos>true</FrozenPos>
			<HashName>p_gcase_s</HashName>
			<InitialHandle>427066</InitialHandle>
			<ObjectProperties>
				<TextureVariation>0</TextureVariation>
			</ObjectProperties>
			<OpacityLevel>255</OpacityLevel>
			<LodDistance>16960</LodDistance>
			<IsVisible>true</IsVisible>
			<MaxHealth>1000</MaxHealth>
			<Health>1000</Health>
			<HasGravity>true</HasGravity>
			<IsOnFire>false</IsOnFire>
			<IsInvincible>false</IsInvincible>
			<IsBulletProof>false</IsBulletProof>
			<IsCollisionProof>true</IsCollisionProof>
			<IsExplosionProof>false</IsExplosionProof>
			<IsFireProof>false</IsFireProof>
			<IsMeleeProof>false</IsMeleeProof>
			<IsOnlyDamagedByPlayer>false</IsOnlyDamagedByPlayer>
			<PositionRotation>
				<X>1634.31348</X>
				<Y>3227.34839</Y>
				<Z>40.9651566</Z>
				<Pitch>-0.0601244494</Pitch>
				<Roll>-0.0228533819</Roll>
				<Yaw>15.504015</Yaw>
			</PositionRotation>
			<Attachment isAttached="true">
				<AttachedTo>166406</AttachedTo>
				<BoneIndex>0</BoneIndex>
				<X>-0.739999652</X>
				<Y>-4.55000925</Y>
				<Z>0.579999804</Z>
				<Pitch>0</Pitch>
				<Roll>0</Roll>
				<Yaw>90.0000076</Yaw>
			</Attachment>
		</Attachment>
		<Attachment>
			<ModelHash>0x37a8947e</ModelHash>
			<Type>3</Type>
			<Dynamic>false</Dynamic>
			<FrozenPos>true</FrozenPos>
			<HashName>p_idol_case_s</HashName>
			<InitialHandle>635204</InitialHandle>
			<ObjectProperties>
				<TextureVariation>0</TextureVariation>
			</ObjectProperties>
			<OpacityLevel>255</OpacityLevel>
			<LodDistance>16960</LodDistance>
			<IsVisible>true</IsVisible>
			<MaxHealth>1000</MaxHealth>
			<Health>1000</Health>
			<HasGravity>true</HasGravity>
			<IsOnFire>false</IsOnFire>
			<IsInvincible>false</IsInvincible>
			<IsBulletProof>false</IsBulletProof>
			<IsCollisionProof>true</IsCollisionProof>
			<IsExplosionProof>false</IsExplosionProof>
			<IsFireProof>false</IsFireProof>
			<IsMeleeProof>false</IsMeleeProof>
			<IsOnlyDamagedByPlayer>false</IsOnlyDamagedByPlayer>
			<PositionRotation>
				<X>1635.08167</X>
				<Y>3227.38501</Y>
				<Z>40.9556351</Z>
				<Pitch>-0.0601244494</Pitch>
				<Roll>-0.0228533875</Roll>
				<Yaw>15.5040064</Yaw>
			</PositionRotation>
			<Attachment isAttached="true">
				<AttachedTo>166406</AttachedTo>
				<BoneIndex>-1</BoneIndex>
				<X>-0.569999814</X>
				<Y>-3.79999709</Y>
				<Z>0.569999814</Z>
				<Pitch>0</Pitch>
				<Roll>0</Roll>
				<Yaw>90</Yaw>
			</Attachment>
		</Attachment>
		<Attachment>
			<ModelHash>0xf2f47da7</ModelHash>
			<Type>3</Type>
			<Dynamic>false</Dynamic>
			<FrozenPos>true</FrozenPos>
			<HashName>w_lr_rpg</HashName>
			<InitialHandle>548684</InitialHandle>
			<ObjectProperties>
				<TextureVariation>0</TextureVariation>
			</ObjectProperties>
			<OpacityLevel>255</OpacityLevel>
			<LodDistance>16960</LodDistance>
			<IsVisible>true</IsVisible>
			<MaxHealth>1000</MaxHealth>
			<Health>1000</Health>
			<HasGravity>true</HasGravity>
			<IsOnFire>false</IsOnFire>
			<IsInvincible>false</IsInvincible>
			<IsBulletProof>false</IsBulletProof>
			<IsCollisionProof>true</IsCollisionProof>
			<IsExplosionProof>false</IsExplosionProof>
			<IsFireProof>false</IsFireProof>
			<IsMeleeProof>false</IsMeleeProof>
			<IsOnlyDamagedByPlayer>false</IsOnlyDamagedByPlayer>
			<PositionRotation>
				<X>1635.18909</X>
				<Y>3225.72437</Y>
				<Z>41.887207</Z>
				<Pitch>0.0601244569</Pitch>
				<Roll>0.0228533763</Roll>
				<Yaw>-164.495972</Yaw>
			</PositionRotation>
			<Attachment isAttached="true">
				<AttachedTo>166406</AttachedTo>
				<BoneIndex>0</BoneIndex>
				<X>1.05999935</X>
				<Y>-4.13999987</Y>
				<Z>1.49999893</Z>
				<Pitch>0</Pitch>
				<Roll>0</Roll>
				<Yaw>-90</Yaw>
			</Attachment>
		</Attachment>
		<Attachment>
			<ModelHash>0x9a3207b7</ModelHash>
			<Type>3</Type>
			<Dynamic>false</Dynamic>
			<FrozenPos>true</FrozenPos>
			<HashName>w_lr_rpg_rocket</HashName>
			<InitialHandle>289100</InitialHandle>
			<ObjectProperties>
				<TextureVariation>0</TextureVariation>
			</ObjectProperties>
			<OpacityLevel>255</OpacityLevel>
			<LodDistance>16960</LodDistance>
			<IsVisible>true</IsVisible>
			<MaxHealth>1000</MaxHealth>
			<Health>1000</Health>
			<HasGravity>true</HasGravity>
			<IsOnFire>false</IsOnFire>
			<IsInvincible>false</IsInvincible>
			<IsBulletProof>false</IsBulletProof>
			<IsCollisionProof>true</IsCollisionProof>
			<IsExplosionProof>false</IsExplosionProof>
			<IsFireProof>false</IsFireProof>
			<IsMeleeProof>false</IsMeleeProof>
			<IsOnlyDamagedByPlayer>false</IsOnlyDamagedByPlayer>
			<PositionRotation>
				<X>1634.922</X>
				<Y>3225.63989</Y>
				<Z>41.9171066</Z>
				<Pitch>-0.0228533652</Pitch>
				<Roll>0.0601244569</Roll>
				<Yaw>105.504044</Yaw>
			</PositionRotation>
			<Attachment isAttached="true">
				<AttachedTo>166406</AttachedTo>
				<BoneIndex>0</BoneIndex>
				<X>1.06999934</X>
				<Y>-4.42000628</Y>
				<Z>1.5299989</Z>
				<Pitch>0</Pitch>
				<Roll>0</Roll>
				<Yaw>180</Yaw>
			</Attachment>
		</Attachment>
		<Attachment>
			<ModelHash>0x6decf1bb</ModelHash>
			<Type>3</Type>
			<Dynamic>false</Dynamic>
			<FrozenPos>true</FrozenPos>
			<HashName>hei_prop_yah_table_02</HashName>
			<InitialHandle>288859</InitialHandle>
			<ObjectProperties>
				<TextureVariation>0</TextureVariation>
			</ObjectProperties>
			<OpacityLevel>255</OpacityLevel>
			<LodDistance>16960</LodDistance>
			<IsVisible>true</IsVisible>
			<MaxHealth>1000</MaxHealth>
			<Health>1000</Health>
			<HasGravity>true</HasGravity>
			<IsOnFire>false</IsOnFire>
			<IsInvincible>false</IsInvincible>
			<IsBulletProof>false</IsBulletProof>
			<IsCollisionProof>true</IsCollisionProof>
			<IsExplosionProof>false</IsExplosionProof>
			<IsFireProof>false</IsFireProof>
			<IsMeleeProof>false</IsMeleeProof>
			<IsOnlyDamagedByPlayer>false</IsOnlyDamagedByPlayer>
			<PositionRotation>
				<X>1634.47656</X>
				<Y>3227.43457</Y>
				<Z>40.4451866</Z>
				<Pitch>-0.0601244494</Pitch>
				<Roll>-0.0228533875</Roll>
				<Yaw>15.5040064</Yaw>
			</PositionRotation>
			<Attachment isAttached="true">
				<AttachedTo>166406</AttachedTo>
				<BoneIndex>0</BoneIndex>
				<X>-0.779999614</X>
				<Y>-4.37000513</Y>
				<Z>0.0599999987</Z>
				<Pitch>0</Pitch>
				<Roll>0</Roll>
				<Yaw>90</Yaw>
			</Attachment>
		</Attachment>
		<Attachment>
			<ModelHash>0x19314199</ModelHash>
			<Type>3</Type>
			<Dynamic>false</Dynamic>
			<FrozenPos>true</FrozenPos>
			<HashName>w_mg_minigun</HashName>
			<InitialHandle>158297</InitialHandle>
			<ObjectProperties>
				<TextureVariation>0</TextureVariation>
			</ObjectProperties>
			<OpacityLevel>255</OpacityLevel>
			<LodDistance>16960</LodDistance>
			<IsVisible>true</IsVisible>
			<MaxHealth>1000</MaxHealth>
			<Health>1000</Health>
			<HasGravity>true</HasGravity>
			<IsOnFire>false</IsOnFire>
			<IsInvincible>false</IsInvincible>
			<IsBulletProof>false</IsBulletProof>
			<IsCollisionProof>true</IsCollisionProof>
			<IsExplosionProof>false</IsExplosionProof>
			<IsFireProof>false</IsFireProof>
			<IsMeleeProof>false</IsMeleeProof>
			<IsOnlyDamagedByPlayer>false</IsOnlyDamagedByPlayer>
			<PositionRotation>
				<X>1635.77832</X>
				<Y>3226.146</Y>
				<Z>40.78722</Z>
				<Pitch>0.0228529572</Pitch>
				<Roll>-66.0601196</Roll>
				<Yaw>-74.4959641</Yaw>
			</PositionRotation>
			<Attachment isAttached="true">
				<AttachedTo>166406</AttachedTo>
				<BoneIndex>0</BoneIndex>
				<X>0.809999585</X>
				<Y>-3.45999718</Y>
				<Z>0.399999976</Z>
				<Pitch>3.57627869e-007</Pitch>
				<Roll>-66</Roll>
				<Yaw>0</Yaw>
			</Attachment>
		</Attachment>
	</SpoonerAttachments>
</Vehicle>
