{
    "Vehicle": {
        "ModelHash": 3999278268,
        "VehicleProperties": {
            "BulletProofTires": false,
            "Colors": {
                "CPrimary": {
                    "b": 87,
                    "g": 27,
                    "r": 0
                },
                "CSecondary": {
                    "b": 5,
                    "g": 5,
                    "r": 5
                },
                "IsPrimaryCustom": false,
                "IsSecondaryCustom": false,
                "Livery": -1,
                "Neon": {
                    "Back": false,
                    "Color": {
                        "b": 255,
                        "g": 255,
                        "r": 255
                    },
                    "Front": false,
                    "Left": false,
                    "Right": true
                },
                "PaintFade": 1.0,
                "Pearl": 4,
                "Primary": 64,
                "Rim": 0,
                "Secondary": 12,
                "TyreSmoke": {
                    "b": 255,
                    "g": 255,
                    "r": 255
                }
            },
            "DirtLevel": 0.0,
            "EngineHealth": 1000.0,
            "EngineRunning": true,
            "Mods": {
                "Mod_0": 0,
                "Mod_1": 0,
                "Mod_10": 0,
                "Mod_11": 2,
                "Mod_12": 2,
                "Mod_13": 3,
                "Mod_14": -1,
                "Mod_15": 3,
                "Mod_16": 4,
                "Mod_17": -1,
                "Mod_18": -1,
                "Mod_19": -1,
                "Mod_2": 0,
                "Mod_20": -1,
                "Mod_21": -1,
                "Mod_22": -1,
                "Mod_23": 9,
                "Mod_24": -1,
                "Mod_25": -1,
                "Mod_26": -1,
                "Mod_27": 0,
                "Mod_28": 13,
                "Mod_29": 3,
                "Mod_3": -1,
                "Mod_30": 5,
                "Mod_31": 0,
                "Mod_32": 7,
                "Mod_33": 4,
                "Mod_34": -1,
                "Mod_35": -1,
                "Mod_36": -1,
                "Mod_37": -1,
                "Mod_38": -1,
                "Mod_39": 0,
                "Mod_4": 1,
                "Mod_40": 5,
                "Mod_41": 5,
                "Mod_42": -1,
                "Mod_43": 1,
                "Mod_44": 0,
                "Mod_45": -1,
                "Mod_46": -1,
                "Mod_47": -1,
                "Mod_48": 4,
                "Mod_5": 4,
                "Mod_6": -1,
                "Mod_7": 0,
                "Mod_8": 2,
                "Mod_9": -1
            },
            "NumberPlate": {
                "Index": 1,
                "Text": "41NVI965"
            },
            "WheelsType": 7,
            "WindowTint": 1
        }
    }
}