{
    "Vehicle": {
        "ModelHash": 3999278268,
        "VehicleProperties": {
            "BulletProofTires": false,
            "Colors": {
                "CPrimary": {
                    "b": 8,
                    "g": 8,
                    "r": 8
                },
                "CSecondary": {
                    "b": 8,
                    "g": 8,
                    "r": 8
                },
                "IsPrimaryCustom": false,
                "IsSecondaryCustom": false,
                "Livery": -1,
                "Neon": {
                    "Back": false,
                    "Color": {
                        "b": 255,
                        "g": 0,
                        "r": 255
                    },
                    "Front": false,
                    "Left": false,
                    "Right": false
                },
                "PaintFade": 0.839215755462646,
                "Pearl": 51,
                "Primary": 0,
                "Rim": 88,
                "Secondary": 0,
                "TyreSmoke": {
                    "b": 255,
                    "g": 255,
                    "r": 255
                }
            },
            "DirtLevel": 1.36906754970551,
            "EngineHealth": 961.0,
            "EngineRunning": true,
            "Mods": {
                "Mod_0": 1,
                "Mod_1": 0,
                "Mod_10": -1,
                "Mod_11": 1,
                "Mod_12": -1,
                "Mod_13": -1,
                "Mod_14": -1,
                "Mod_15": 0,
                "Mod_16": 0,
                "Mod_17": -1,
                "Mod_18": -1,
                "Mod_19": -1,
                "Mod_2": 0,
                "Mod_20": -1,
                "Mod_21": -1,
                "Mod_22": -1,
                "Mod_23": 9,
                "Mod_24": -1,
                "Mod_25": -1,
                "Mod_26": -1,
                "Mod_27": -1,
                "Mod_28": -1,
                "Mod_29": 1,
                "Mod_3": -1,
                "Mod_30": 1,
                "Mod_31": 0,
                "Mod_32": 12,
                "Mod_33": 12,
                "Mod_34": -1,
                "Mod_35": -1,
                "Mod_36": -1,
                "Mod_37": -1,
                "Mod_38": -1,
                "Mod_39": -1,
                "Mod_4": -1,
                "Mod_40": -1,
                "Mod_41": 11,
                "Mod_42": 0,
                "Mod_43": -1,
                "Mod_44": -1,
                "Mod_45": -1,
                "Mod_46": -1,
                "Mod_47": -1,
                "Mod_48": -1,
                "Mod_5": 0,
                "Mod_6": -1,
                "Mod_7": -1,
                "Mod_8": -1,
                "Mod_9": -1
            },
            "NumberPlate": {
                "Index": 3,
                "Text": "63AVT883"
            },
            "WheelsType": 0,
            "WindowTint": 3
        }
    }
}