<?xml version="1.0" encoding="ISO-8859-1"?>
<Vehicle menyoo_ver="0.999876782b">
	<ModelHash>0x34b82784</ModelHash>
	<InitialHandle>596822</InitialHandle>
	<VehicleProperties>
		<Colours>
			<Primary>88</Primary>
			<Secondary>0</Secondary>
			<Pearl>87</Pearl>
			<Rim>112</Rim>
			<Mod1_a>6</Mod1_a>
			<Mod1_b>-1</Mod1_b>
			<Mod1_c>-1</Mod1_c>
			<Mod2_a>6</Mod2_a>
			<Mod2_b>-1</Mod2_b>
			<IsPrimaryColourCustom>false</IsPrimaryColourCustom>
			<IsSecondaryColourCustom>false</IsSecondaryColourCustom>
			<tyreSmoke_R>255</tyreSmoke_R>
			<tyreSmoke_G>255</tyreSmoke_G>
			<tyreSmoke_B>255</tyreSmoke_B>
			<LrInterior>93</LrInterior>
			<LrDashboard>93</LrDashboard>
		</Colours>
		<Livery>-1</Livery>
		<NumberPlateText>67KXK717</NumberPlateText>
		<NumberPlateIndex>0</NumberPlateIndex>
		<WheelType>6</WheelType>
		<WheelsInvisible>false</WheelsInvisible>
		<EngineSoundName></EngineSoundName>
		<WindowTint>-1</WindowTint>
		<BulletProofTyres>true</BulletProofTyres>
		<DirtLevel>5.97622034e-07</DirtLevel>
		<PaintFade>0.298039228</PaintFade>
		<RoofState>0</RoofState>
		<SirenActive>false</SirenActive>
		<EngineOn>true</EngineOn>
		<EngineHealth>1250</EngineHealth>
		<LightsOn>false</LightsOn>
		<IsRadioLoud>0</IsRadioLoud>
		<LockStatus>1</LockStatus>
		<Neons>
			<Left>false</Left>
			<Right>false</Right>
			<Front>false</Front>
			<Back>false</Back>
			<R>255</R>
			<G>0</G>
			<B>255</B>
		</Neons>
		<ModExtras />
		<Mods>
			<_0>-1,0</_0>
			<_1>-1,0</_1>
			<_2>-1,0</_2>
			<_3>-1,0</_3>
			<_4>-1,0</_4>
			<_5>-1,0</_5>
			<_6>-1,0</_6>
			<_7>-1,0</_7>
			<_8>-1,0</_8>
			<_9>-1,0</_9>
			<_10>-1,0</_10>
			<_11>-1,0</_11>
			<_12>-1,0</_12>
			<_13>-1,0</_13>
			<_14>-1,0</_14>
			<_15>-1,0</_15>
			<_16>-1,0</_16>
			<_17>false</_17>
			<_18>false</_18>
			<_19>false</_19>
			<_20>false</_20>
			<_21>false</_21>
			<_22>false</_22>
			<_23>-1,0</_23>
			<_24>-1,0</_24>
			<_25>-1,0</_25>
			<_26>-1,0</_26>
			<_27>-1,0</_27>
			<_28>-1,0</_28>
			<_29>-1,0</_29>
			<_30>-1,0</_30>
			<_31>-1,0</_31>
			<_32>-1,0</_32>
			<_33>-1,0</_33>
			<_34>-1,0</_34>
			<_35>-1,0</_35>
			<_36>-1,0</_36>
			<_37>-1,0</_37>
			<_38>-1,0</_38>
			<_39>-1,0</_39>
			<_40>-1,0</_40>
			<_41>-1,0</_41>
			<_42>-1,0</_42>
			<_43>-1,0</_43>
			<_44>-1,0</_44>
			<_45>-1,0</_45>
			<_46>-1,0</_46>
			<_47>-1,0</_47>
			<_48>-1,0</_48>
		</Mods>
		<DoorsOpen>
			<BackLeftDoor>false</BackLeftDoor>
			<BackRightDoor>false</BackRightDoor>
			<FrontLeftDoor>false</FrontLeftDoor>
			<FrontRightDoor>false</FrontRightDoor>
			<Hood>false</Hood>
			<Trunk>false</Trunk>
			<Trunk2>false</Trunk2>
		</DoorsOpen>
		<DoorsBroken>
			<BackLeftDoor>false</BackLeftDoor>
			<BackRightDoor>false</BackRightDoor>
			<FrontLeftDoor>false</FrontLeftDoor>
			<FrontRightDoor>false</FrontRightDoor>
			<Hood>false</Hood>
			<Trunk>false</Trunk>
			<Trunk2>false</Trunk2>
		</DoorsBroken>
		<TyresBursted>
			<FrontLeft>false</FrontLeft>
			<FrontRight>false</FrontRight>
			<_2>false</_2>
			<_3>false</_3>
			<BackLeft>false</BackLeft>
			<BackRight>false</BackRight>
			<_6>false</_6>
			<_7>false</_7>
			<_8>false</_8>
		</TyresBursted>
	</VehicleProperties>
	<OpacityLevel>0</OpacityLevel>
	<LodDistance>16960</LodDistance>
	<IsVisible>true</IsVisible>
	<IsDriverVisible>true</IsDriverVisible>
	<MaxHealth>1000</MaxHealth>
	<Health>1000</Health>
	<HasGravity>true</HasGravity>
	<IsOnFire>false</IsOnFire>
	<IsInvincible>true</IsInvincible>
	<IsBulletProof>true</IsBulletProof>
	<IsExplosionProof>true</IsExplosionProof>
	<IsFireProof>false</IsFireProof>
	<IsMeleeProof>true</IsMeleeProof>
	<IsOnlyDamagedByPlayer>false</IsOnlyDamagedByPlayer>
	<SpoonerAttachments SetAttachmentsPersistentAndAddToSpoonerDatabase="false" StartTaskSequencesOnLoad="true">
		<Attachment>
			<ModelHash>0xf935fcf6</ModelHash>
			<Type>3</Type>
			<Dynamic>false</Dynamic>
			<FrozenPos>true</FrozenPos>
			<HashName>prop_tool_broom</HashName>
			<InitialHandle>229149</InitialHandle>
			<ObjectProperties>
				<TextureVariation>0</TextureVariation>
			</ObjectProperties>
			<OpacityLevel>255</OpacityLevel>
			<LodDistance>16960</LodDistance>
			<IsVisible>true</IsVisible>
			<MaxHealth>1000</MaxHealth>
			<Health>1000</Health>
			<HasGravity>true</HasGravity>
			<IsOnFire>false</IsOnFire>
			<IsInvincible>true</IsInvincible>
			<IsBulletProof>false</IsBulletProof>
			<IsCollisionProof>true</IsCollisionProof>
			<IsExplosionProof>true</IsExplosionProof>
			<IsFireProof>true</IsFireProof>
			<IsMeleeProof>true</IsMeleeProof>
			<IsOnlyDamagedByPlayer>false</IsOnlyDamagedByPlayer>
			<PositionRotation>
				<X>-1332.47217</X>
				<Y>-3041.57202</Y>
				<Z>13.7484798</Z>
				<Pitch>-73.2618713</Pitch>
				<Roll>-40.958107</Roll>
				<Yaw>138.884949</Yaw>
			</PositionRotation>
			<Attachment isAttached="true">
				<AttachedTo>596822</AttachedTo>
				<BoneIndex>0</BoneIndex>
				<X>0</X>
				<Y>0</Y>
				<Z>0.329999954</Z>
				<Pitch>-77.9999924</Pitch>
				<Roll>0</Roll>
				<Yaw>0</Yaw>
			</Attachment>
		</Attachment>
		<Attachment>
			<ModelHash>0xb685e324</ModelHash>
			<Type>3</Type>
			<Dynamic>false</Dynamic>
			<FrozenPos>true</FrozenPos>
			<HashName>prop_cs_bar</HashName>
			<InitialHandle>306471</InitialHandle>
			<ObjectProperties>
				<TextureVariation>0</TextureVariation>
			</ObjectProperties>
			<OpacityLevel>255</OpacityLevel>
			<LodDistance>16960</LodDistance>
			<IsVisible>true</IsVisible>
			<MaxHealth>1000</MaxHealth>
			<Health>1000</Health>
			<HasGravity>true</HasGravity>
			<IsOnFire>false</IsOnFire>
			<IsInvincible>true</IsInvincible>
			<IsBulletProof>false</IsBulletProof>
			<IsCollisionProof>true</IsCollisionProof>
			<IsExplosionProof>true</IsExplosionProof>
			<IsFireProof>true</IsFireProof>
			<IsMeleeProof>true</IsMeleeProof>
			<IsOnlyDamagedByPlayer>false</IsOnlyDamagedByPlayer>
			<PositionRotation>
				<X>-1332.45679</X>
				<Y>-3041.94189</Y>
				<Z>13.8748493</Z>
				<Pitch>25.2987766</Pitch>
				<Roll>-102.052689</Roll>
				<Yaw>-176.167297</Yaw>
			</PositionRotation>
			<Attachment isAttached="true">
				<AttachedTo>596822</AttachedTo>
				<BoneIndex>33</BoneIndex>
				<X>0</X>
				<Y>-0.0599999949</Y>
				<Z>0.149999961</Z>
				<Pitch>0</Pitch>
				<Roll>-89.9999924</Roll>
				<Yaw>0</Yaw>
			</Attachment>
		</Attachment>
	</SpoonerAttachments>
</Vehicle>
